timestamp,service_id,cpu,memory,requests,latency,errors,network_in,network_out,db_queries
2026-03-01T00:00:00Z,api-gateway,21.3,25.2,594,20.2,2,52.06,68.8,0
2026-03-01T00:00:00Z,notification-service,14.4,28.2,181,34.0,1,5.43,11.77,76
2026-03-01T00:00:00Z,object-storage,6.2,11.5,226,20.9,0,30.11,47.8,0
2026-03-01T00:00:00Z,order-api,25.9,40.9,383,45.9,0,21.07,28.72,1060
2026-03-01T00:00:00Z,payment-service,18.6,31.2,147,70.6,1,5.15,5.15,210
2026-03-01T00:00:00Z,postgres-db,25.6,62.8,1743,18.8,0,13.94,31.37,1743
2026-03-01T00:00:00Z,recommendation-service,40.0,57.4,435,50.0,1,19.57,41.33,473
2026-03-01T00:00:00Z,redis-cache,18.7,38.5,2834,3.5,0,34.01,42.51,0
2026-03-01T01:00:00Z,api-gateway,20.9,25.8,540,18.9,1,44.74,63.4,0
2026-03-01T01:00:00Z,notification-service,13.6,28.2,159,30.6,1,4.77,10.34,67
2026-03-01T01:00:00Z,object-storage,5.7,12.5,198,22.0,0,25.18,42.3,0
2026-03-01T01:00:00Z,order-api,28.1,42.4,364,43.7,1,20.02,27.3,1005
2026-03-01T01:00:00Z,payment-service,19.6,32.4,136,70.0,1,4.76,4.76,210
2026-03-01T01:00:00Z,postgres-db,28.7,65.1,1640,17.1,0,13.12,29.52,1640
2026-03-01T01:00:00Z,recommendation-service,37.4,56.1,395,50.6,0,17.77,37.52,425
2026-03-01T01:00:00Z,redis-cache,17.2,38.8,2647,3.5,0,31.76,39.7,0
2026-03-01T02:00:00Z,api-gateway,22.4,25.4,523,18.0,1,46.44,62.93,0
2026-03-01T02:00:00Z,notification-service,12.9,27.5,159,29.1,1,4.77,10.34,67
2026-03-01T02:00:00Z,object-storage,5.8,11.6,209,23.5,0,32.81,41.32,0
2026-03-01T02:00:00Z,order-api,28.8,40.0,354,46.9,1,19.47,26.55,992
2026-03-01T02:00:00Z,payment-service,18.5,30.8,130,68.8,0,4.55,4.55,204
2026-03-01T02:00:00Z,postgres-db,26.1,64.4,1630,18.0,0,13.04,29.34,1630
2026-03-01T02:00:00Z,recommendation-service,37.4,58.0,385,49.7,1,17.32,36.58,434
2026-03-01T02:00:00Z,redis-cache,18.2,38.1,2537,3.8,0,30.44,38.05,0
2026-03-01T03:00:00Z,api-gateway,22.5,26.1,551,18.3,1,47.03,64.71,0
2026-03-01T03:00:00Z,notification-service,13.3,29.3,160,32.4,0,4.8,10.4,66
2026-03-01T03:00:00Z,object-storage,5.7,11.6,219,21.7,0,29.12,50.04,0
2026-03-01T03:00:00Z,order-api,27.2,40.8,369,45.9,1,20.3,27.68,1021
2026-03-01T03:00:00Z,payment-service,19.7,32.4,137,69.1,1,4.8,4.8,197
2026-03-01T03:00:00Z,postgres-db,27.4,63.2,1634,18.9,0,13.07,29.41,1634
2026-03-01T03:00:00Z,recommendation-service,37.8,58.4,390,50.1,0,17.55,37.05,416
2026-03-01T03:00:00Z,redis-cache,16.3,37.5,2670,3.7,0,32.04,40.05,0
2026-03-01T04:00:00Z,api-gateway,23.4,24.9,599,19.2,1,52.36,70.37,0
2026-03-01T04:00:00Z,notification-service,15.9,29.5,169,32.3,1,5.07,10.99,64
2026-03-01T04:00:00Z,object-storage,6.5,12.1,216,22.2,0,34.93,47.82,0
2026-03-01T04:00:00Z,order-api,27.5,41.7,380,44.5,0,20.9,28.5,1080
2026-03-01T04:00:00Z,payment-service,19.4,32.2,143,66.2,1,5.01,5.01,221
2026-03-01T04:00:00Z,postgres-db,26.9,62.7,1778,17.4,0,14.22,32.0,1778
2026-03-01T04:00:00Z,recommendation-service,41.0,59.4,442,50.2,0,19.89,41.99,477
2026-03-01T04:00:00Z,redis-cache,17.1,38.6,2872,3.5,0,34.46,43.08,0
2026-03-01T05:00:00Z,api-gateway,23.4,25.2,649,21.0,0,53.91,78.45,0
2026-03-01T05:00:00Z,notification-service,16.1,29.1,187,34.3,0,5.61,12.16,71
2026-03-01T05:00:00Z,object-storage,6.2,12.1,257,23.9,0,36.74,51.69,0
2026-03-01T05:00:00Z,order-api,27.3,40.5,427,48.6,0,23.48,32.02,1199
2026-03-01T05:00:00Z,payment-service,18.6,32.3,164,70.6,1,5.74,5.74,240
2026-03-01T05:00:00Z,postgres-db,28.9,62.7,1952,17.8,0,15.62,35.14,1952
2026-03-01T05:00:00Z,recommendation-service,38.7,57.6,472,53.5,0,21.24,44.84,513
2026-03-01T05:00:00Z,redis-cache,19.7,37.1,3154,3.2,0,37.85,47.31,0
2026-03-01T06:00:00Z,api-gateway,23.4,27.0,738,18.7,0,61.16,88.88,0
2026-03-01T06:00:00Z,notification-service,14.2,26.9,214,30.8,1,6.42,13.91,88
2026-03-01T06:00:00Z,object-storage,6.4,11.7,291,21.0,0,36.02,72.16,0
2026-03-01T06:00:00Z,order-api,29.5,42.9,472,44.9,1,25.96,35.4,1312
2026-03-01T06:00:00Z,payment-service,20.4,33.0,179,67.7,0,6.27,6.27,264
2026-03-01T06:00:00Z,postgres-db,28.2,62.5,2148,16.9,0,17.18,38.66,2148
2026-03-01T06:00:00Z,recommendation-service,41.6,58.5,519,51.5,1,23.36,49.3,572
2026-03-01T06:00:00Z,redis-cache,19.8,38.1,3466,3.8,0,41.59,51.99,0
2026-03-01T07:00:00Z,api-gateway,23.9,25.7,831,21.4,2,72.54,101.58,0
2026-03-01T07:00:00Z,notification-service,15.4,29.4,250,32.2,1,7.5,16.25,96
2026-03-01T07:00:00Z,object-storage,5.7,12.5,330,21.1,0,41.13,75.18,0
2026-03-01T07:00:00Z,order-api,28.4,42.9,551,46.5,1,30.3,41.32,1554
2026-03-01T07:00:00Z,payment-service,20.9,31.3,215,74.5,0,7.53,7.53,329
2026-03-01T07:00:00Z,postgres-db,28.6,62.6,2558,17.6,0,20.46,46.04,2558
2026-03-01T07:00:00Z,recommendation-service,40.9,59.3,606,53.5,0,27.27,57.57,675
2026-03-01T07:00:00Z,redis-cache,20.4,38.9,3997,3.3,0,47.96,59.95,0
2026-03-01T08:00:00Z,api-gateway,24.4,26.7,916,19.9,1,76.88,111.17,0
2026-03-01T08:00:00Z,notification-service,14.4,27.4,261,31.6,1,7.83,16.96,105
2026-03-01T08:00:00Z,object-storage,5.9,11.7,342,21.9,0,53.65,88.74,0
2026-03-01T08:00:00Z,order-api,32.4,42.2,580,49.1,1,31.9,43.5,1630
2026-03-01T08:00:00Z,payment-service,18.8,32.5,218,70.9,0,7.63,7.63,333
2026-03-01T08:00:00Z,postgres-db,28.6,63.8,2687,20.0,0,21.5,48.37,2687
2026-03-01T08:00:00Z,recommendation-service,42.1,57.2,664,53.7,0,29.88,63.08,724
2026-03-01T08:00:00Z,redis-cache,21.0,38.2,4309,3.3,0,51.71,64.63,0
2026-03-01T09:00:00Z,api-gateway,24.5,27.1,966,19.9,2,83.11,116.96,0
2026-03-01T09:00:00Z,notification-service,17.1,28.5,277,34.9,1,8.31,18.0,115
2026-03-01T09:00:00Z,object-storage,6.1,12.2,378,22.0,0,55.68,89.4,0
2026-03-01T09:00:00Z,order-api,30.1,40.1,619,46.7,0,34.05,46.42,1747
2026-03-01T09:00:00Z,payment-service,20.1,32.4,228,70.2,1,7.98,7.98,341
2026-03-01T09:00:00Z,postgres-db,30.2,63.0,2834,20.2,0,22.67,51.01,2834
2026-03-01T09:00:00Z,recommendation-service,44.0,56.0,689,56.0,1,31.0,65.45,746
2026-03-01T09:00:00Z,redis-cache,18.7,37.5,4530,3.8,0,54.36,67.95,0
2026-03-01T10:00:00Z,api-gateway,25.4,26.8,1114,20.0,1,95.75,133.81,0
2026-03-01T10:00:00Z,notification-service,18.0,29.4,332,31.5,1,9.96,21.58,133
2026-03-01T10:00:00Z,object-storage,5.7,11.7,421,21.7,0,55.65,99.52,0
2026-03-01T10:00:00Z,order-api,32.0,40.3,727,48.0,0,39.98,54.52,2028
2026-03-01T10:00:00Z,payment-service,20.4,31.2,276,75.8,1,9.66,9.66,405
2026-03-01T10:00:00Z,postgres-db,32.3,64.6,3324,20.4,0,26.59,59.83,3324
2026-03-01T10:00:00Z,recommendation-service,45.3,57.7,799,53.8,0,35.95,75.91,891
2026-03-01T10:00:00Z,redis-cache,20.7,37.0,5311,3.4,0,63.73,79.66,0
2026-03-01T11:00:00Z,api-gateway,24.8,27.4,1171,19.8,1,97.64,139.88,0
2026-03-01T11:00:00Z,notification-service,16.0,26.9,333,33.0,1,9.99,21.64,130
2026-03-01T11:00:00Z,object-storage,6.3,11.7,447,22.4,0,65.91,101.18,0
2026-03-01T11:00:00Z,order-api,31.6,42.6,763,47.4,0,41.97,57.23,2118
2026-03-01T11:00:00Z,payment-service,20.9,31.5,288,76.7,0,10.08,10.08,437
2026-03-01T11:00:00Z,postgres-db,31.9,64.5,3506,20.3,0,28.05,63.11,3506
2026-03-01T11:00:00Z,recommendation-service,45.0,56.3,851,53.1,1,38.3,80.84,951
2026-03-01T11:00:00Z,redis-cache,22.2,38.9,5599,3.2,0,67.19,83.98,0
2026-03-01T12:00:00Z,api-gateway,25.1,26.7,1242,20.5,2,107.4,148.42,0
2026-03-01T12:00:00Z,notification-service,16.9,28.9,375,32.2,0,11.25,24.38,149
2026-03-01T12:00:00Z,object-storage,5.8,12.4,475,23.3,0,63.18,120.02,0
2026-03-01T12:00:00Z,order-api,32.5,42.8,813,50.9,0,44.72,60.97,2287
2026-03-01T12:00:00Z,payment-service,22.6,30.9,314,79.3,1,10.99,10.99,467
2026-03-01T12:00:00Z,postgres-db,31.7,65.4,3744,20.2,0,29.95,67.39,3744
2026-03-01T12:00:00Z,recommendation-service,46.2,58.0,892,55.4,1,40.14,84.74,990
2026-03-01T12:00:00Z,redis-cache,22.5,37.9,5938,3.7,0,71.26,89.07,0
2026-03-01T13:00:00Z,api-gateway,26.5,27.3,1222,19.6,2,102.6,144.91,0
2026-03-01T13:00:00Z,notification-service,16.8,27.3,365,29.7,0,10.95,23.73,142
2026-03-01T13:00:00Z,object-storage,6.3,11.7,459,20.9,0,66.04,115.63,0
2026-03-01T13:00:00Z,order-api,33.4,43.5,803,51.2,0,44.16,60.22,2228
2026-03-01T13:00:00Z,payment-service,21.0,32.7,312,75.3,1,10.92,10.92,471
2026-03-01T13:00:00Z,postgres-db,32.3,64.2,3676,19.6,0,29.41,66.17,3676
2026-03-01T13:00:00Z,recommendation-service,46.5,59.2,883,53.9,0,39.73,83.89,977
2026-03-01T13:00:00Z,redis-cache,21.6,38.5,5847,3.3,0,70.16,87.7,0
2026-03-01T14:00:00Z,api-gateway,26.1,27.0,1308,20.4,0,109.9,154.04,0
2026-03-01T14:00:00Z,notification-service,18.4,28.3,375,33.7,0,11.25,24.38,150
2026-03-01T14:00:00Z,object-storage,5.9,12.4,488,24.0,0,68.91,121.84,0
2026-03-01T14:00:00Z,order-api,33.9,43.9,851,50.8,1,46.8,63.82,2367
2026-03-01T14:00:00Z,payment-service,22.6,33.1,329,76.6,0,11.52,11.52,492
2026-03-01T14:00:00Z,postgres-db,31.9,64.4,3883,18.5,0,31.06,69.89,3883
2026-03-01T14:00:00Z,recommendation-service,45.6,59.8,934,56.7,1,42.03,88.73,1024
2026-03-01T14:00:00Z,redis-cache,22.4,37.6,6161,4.0,0,73.93,92.41,0
2026-03-01T15:00:00Z,api-gateway,27.7,27.1,1258,20.3,1,105.56,149.0,0
2026-03-01T15:00:00Z,notification-service,16.2,28.6,357,33.2,1,10.71,23.21,142
2026-03-01T15:00:00Z,object-storage,5.6,11.5,471,21.7,0,66.4,111.38,0
2026-03-01T15:00:00Z,order-api,32.1,41.8,804,50.6,0,44.22,60.3,2240
2026-03-01T15:00:00Z,payment-service,22.8,31.9,308,76.8,1,10.78,10.78,467
2026-03-01T15:00:00Z,postgres-db,34.8,65.0,3710,18.4,0,29.68,66.78,3710
2026-03-01T15:00:00Z,recommendation-service,47.6,59.7,908,56.1,1,40.86,86.26,1003
2026-03-01T15:00:00Z,redis-cache,21.3,38.5,5892,3.6,0,70.7,88.38,0
2026-03-01T16:00:00Z,api-gateway,26.8,27.6,1172,22.3,2,100.31,139.26,0
2026-03-01T16:00:00Z,notification-service,18.5,28.5,336,32.3,0,10.08,21.84,131
2026-03-01T16:00:00Z,object-storage,6.3,12.1,434,23.0,0,60.53,108.23,0
2026-03-01T16:00:00Z,order-api,34.2,41.9,748,50.4,1,41.14,56.1,2081
2026-03-01T16:00:00Z,payment-service,22.1,32.0,285,71.2,0,9.98,9.98,424
2026-03-01T16:00:00Z,postgres-db,33.6,64.2,3450,19.3,0,27.6,62.1,3450
2026-03-01T16:00:00Z,recommendation-service,47.4,57.3,847,57.1,0,38.12,80.47,945
2026-03-01T16:00:00Z,redis-cache,20.8,38.9,5498,3.4,0,65.98,82.47,0
2026-03-01T17:00:00Z,api-gateway,26.6,26.7,1194,22.4,1,100.45,141.23,0
2026-03-01T17:00:00Z,notification-service,18.2,27.3,349,30.8,1,10.47,22.69,144
2026-03-01T17:00:00Z,object-storage,5.6,12.0,447,21.4,0,65.2,110.15,0
2026-03-01T17:00:00Z,order-api,33.9,40.4,777,52.7,1,42.73,58.27,2174
2026-03-01T17:00:00Z,payment-service,22.7,32.0,289,76.4,1,10.12,10.12,428
2026-03-01T17:00:00Z,postgres-db,32.7,65.1,3568,20.7,0,28.54,64.22,3568
2026-03-01T17:00:00Z,recommendation-service,48.2,57.0,867,56.5,0,39.02,82.36,966
2026-03-01T17:00:00Z,redis-cache,22.4,37.8,5673,3.9,0,68.08,85.09,0
2026-03-01T18:00:00Z,api-gateway,24.2,27.5,1076,20.9,0,92.56,126.38,0
2026-03-01T18:00:00Z,notification-service,17.9,29.1,324,31.3,0,9.72,21.06,131
2026-03-01T18:00:00Z,object-storage,6.4,11.5,413,20.3,0,59.6,105.38,0
2026-03-01T18:00:00Z,order-api,33.4,43.2,706,48.4,1,38.83,52.95,1989
2026-03-01T18:00:00Z,payment-service,21.4,30.6,275,74.2,1,9.63,9.63,419
2026-03-01T18:00:00Z,postgres-db,32.4,63.0,3266,19.2,0,26.13,58.79,3266
2026-03-01T18:00:00Z,recommendation-service,44.7,58.1,783,55.1,1,35.23,74.39,858
2026-03-01T18:00:00Z,redis-cache,20.4,38.4,5195,3.6,0,62.34,77.92,0
2026-03-01T19:00:00Z,api-gateway,24.7,26.2,1032,21.0,2,87.49,125.0,0
2026-03-01T19:00:00Z,notification-service,16.8,28.4,303,31.5,0,9.09,19.7,124
2026-03-01T19:00:00Z,object-storage,5.9,12.0,375,20.9,0,56.66,95.86,0
2026-03-01T19:00:00Z,order-api,30.4,43.2,682,47.6,0,37.51,51.15,1895
2026-03-01T19:00:00Z,payment-service,21.2,32.9,259,71.0,0,9.07,9.07,395
2026-03-01T19:00:00Z,postgres-db,30.3,62.5,3102,20.0,0,24.82,55.84,3102
2026-03-01T19:00:00Z,recommendation-service,43.2,59.7,745,52.9,0,33.52,70.78,812
2026-03-01T19:00:00Z,redis-cache,21.2,37.3,4982,3.4,0,59.78,74.73,0
2026-03-01T20:00:00Z,api-gateway,25.7,27.0,935,19.7,1,80.22,113.67,0
2026-03-01T20:00:00Z,notification-service,16.0,29.4,259,32.2,1,7.77,16.84,106
2026-03-01T20:00:00Z,object-storage,6.3,12.0,341,23.2,0,53.14,83.17,0
2026-03-01T20:00:00Z,order-api,31.3,42.0,594,50.4,0,32.67,44.55,1675
2026-03-01T20:00:00Z,payment-service,19.9,32.4,227,73.5,1,7.95,7.95,344
2026-03-01T20:00:00Z,postgres-db,30.0,64.2,2757,19.5,0,22.06,49.63,2757
2026-03-01T20:00:00Z,recommendation-service,44.5,58.5,677,56.8,1,30.46,64.31,738
2026-03-01T20:00:00Z,redis-cache,19.2,38.5,4357,3.2,0,52.28,65.36,0
2026-03-01T21:00:00Z,api-gateway,22.1,27.2,781,21.0,2,68.3,96.52,0
2026-03-01T21:00:00Z,notification-service,15.4,26.8,228,34.3,0,6.84,14.82,90
2026-03-01T21:00:00Z,object-storage,6.2,12.4,300,21.7,0,44.78,66.15,0
2026-03-01T21:00:00Z,order-api,29.2,43.2,516,44.2,1,28.38,38.7,1442
2026-03-01T21:00:00Z,payment-service,20.1,32.3,198,74.2,1,6.93,6.93,289
2026-03-01T21:00:00Z,postgres-db,27.3,65.0,2333,19.6,0,18.66,41.99,2333
2026-03-01T21:00:00Z,recommendation-service,39.2,59.5,555,53.6,1,24.97,52.73,602
2026-03-01T21:00:00Z,redis-cache,18.7,37.3,3705,3.9,0,44.46,55.57,0
2026-03-01T22:00:00Z,api-gateway,22.7,25.9,715,21.1,0,60.26,85.46,0
2026-03-01T22:00:00Z,notification-service,14.1,29.2,211,29.0,1,6.33,13.71,80
2026-03-01T22:00:00Z,object-storage,5.8,11.7,253,22.6,0,33.99,57.79,0
2026-03-01T22:00:00Z,order-api,30.6,40.4,478,47.9,1,26.29,35.85,1357
2026-03-01T22:00:00Z,payment-service,18.9,31.1,179,67.9,1,6.27,6.27,267
2026-03-01T22:00:00Z,postgres-db,27.1,64.2,2186,16.9,0,17.49,39.35,2186
2026-03-01T22:00:00Z,recommendation-service,41.1,58.4,518,50.0,1,23.31,49.21,562
2026-03-01T22:00:00Z,redis-cache,17.8,37.4,3479,3.9,0,41.75,52.18,0
2026-03-01T23:00:00Z,api-gateway,21.9,25.3,660,18.3,2,56.2,80.67,0
2026-03-01T23:00:00Z,notification-service,16.3,28.1,189,31.7,1,5.67,12.29,71
2026-03-01T23:00:00Z,object-storage,6.4,12.2,255,23.1,0,37.98,55.98,0
2026-03-01T23:00:00Z,order-api,29.5,42.1,428,43.9,1,23.54,32.1,1216
2026-03-01T23:00:00Z,payment-service,19.5,33.1,155,70.3,0,5.43,5.43,241
2026-03-01T23:00:00Z,postgres-db,26.2,62.7,1979,18.3,0,15.83,35.62,1979
2026-03-01T23:00:00Z,recommendation-service,39.6,57.6,464,53.5,0,20.88,44.08,522
2026-03-01T23:00:00Z,redis-cache,17.4,38.3,3062,3.5,0,36.74,45.93,0
2026-03-02T00:00:00Z,api-gateway,21.4,25.6,585,19.2,0,49.43,71.19,0
2026-03-02T00:00:00Z,notification-service,13.3,29.0,163,31.2,1,4.89,10.6,65
2026-03-02T00:00:00Z,object-storage,6.3,12.5,232,23.3,0,32.87,56.0,0
2026-03-02T00:00:00Z,order-api,26.3,43.7,376,43.2,1,20.68,28.2,1036
2026-03-02T00:00:00Z,payment-service,18.9,32.9,136,70.0,1,4.76,4.76,205
2026-03-02T00:00:00Z,postgres-db,28.0,65.4,1710,18.0,0,13.68,30.78,1710
2026-03-02T00:00:00Z,recommendation-service,37.4,57.4,417,52.9,1,18.77,39.62,469
2026-03-02T00:00:00Z,redis-cache,17.9,37.4,2734,3.7,0,32.81,41.01,0
2026-03-02T01:00:00Z,api-gateway,22.5,25.1,531,18.4,2,44.37,62.76,0
2026-03-02T01:00:00Z,notification-service,13.1,27.8,153,30.7,1,4.59,9.95,61
2026-03-02T01:00:00Z,object-storage,5.5,11.9,205,22.4,0,23.86,45.53,0
2026-03-02T01:00:00Z,order-api,28.4,42.3,330,44.7,0,18.15,24.75,929
2026-03-02T01:00:00Z,payment-service,18.5,31.1,117,68.3,0,4.1,4.1,172
2026-03-02T01:00:00Z,postgres-db,27.0,64.5,1516,16.8,0,12.13,27.29,1516
2026-03-02T01:00:00Z,recommendation-service,39.5,58.3,387,49.2,0,17.41,36.77,415
2026-03-02T01:00:00Z,redis-cache,17.3,37.9,2482,3.3,0,29.78,37.23,0
2026-03-02T02:00:00Z,api-gateway,20.8,25.2,527,17.8,2,43.5,62.52,0
2026-03-02T02:00:00Z,notification-service,14.0,27.4,157,31.0,0,4.71,10.21,59
2026-03-02T02:00:00Z,object-storage,5.6,12.0,198,23.6,0,27.07,51.99,0
2026-03-02T02:00:00Z,order-api,27.2,43.3,348,47.3,0,19.14,26.1,988
2026-03-02T02:00:00Z,payment-service,16.4,33.3,124,72.0,1,4.34,4.34,187
2026-03-02T02:00:00Z,postgres-db,27.3,65.0,1606,18.9,0,12.85,28.91,1606
2026-03-02T02:00:00Z,recommendation-service,38.0,56.5,384,48.7,0,17.28,36.48,431
2026-03-02T02:00:00Z,redis-cache,18.4,37.5,2503,3.6,0,30.04,37.55,0
2026-03-02T03:00:00Z,api-gateway,21.0,24.9,566,18.5,1,49.15,68.85,0
2026-03-02T03:00:00Z,notification-service,14.9,28.0,168,31.8,1,5.04,10.92,70
2026-03-02T03:00:00Z,object-storage,5.9,12.3,228,22.6,0,28.89,51.53,0
2026-03-02T03:00:00Z,order-api,28.5,42.0,358,47.1,1,19.69,26.85,1000
2026-03-02T03:00:00Z,payment-service,18.5,32.4,142,70.7,1,4.97,4.97,215
2026-03-02T03:00:00Z,postgres-db,26.9,63.4,1640,17.5,0,13.12,29.52,1640
2026-03-02T03:00:00Z,recommendation-service,36.8,57.8,399,50.6,0,17.95,37.91,425
2026-03-02T03:00:00Z,redis-cache,18.4,37.2,2585,3.9,0,31.02,38.77,0
2026-03-02T04:00:00Z,api-gateway,20.6,26.5,571,19.0,2,48.55,66.56,0
2026-03-02T04:00:00Z,notification-service,14.2,28.3,167,34.6,0,5.01,10.86,65
2026-03-02T04:00:00Z,object-storage,6.3,12.2,226,23.3,0,33.36,55.38,0
2026-03-02T04:00:00Z,order-api,27.2,41.8,363,45.8,0,19.96,27.22,1011
2026-03-02T04:00:00Z,payment-service,17.9,31.5,134,70.2,1,4.69,4.69,203
2026-03-02T04:00:00Z,postgres-db,28.6,65.1,1658,17.2,0,13.26,29.84,1658
2026-03-02T04:00:00Z,recommendation-service,37.0,58.7,400,50.5,1,18.0,38.0,444
2026-03-02T04:00:00Z,redis-cache,16.5,37.7,2651,4.0,0,31.81,39.77,0
2026-03-02T05:00:00Z,api-gateway,22.1,25.6,646,19.2,0,53.77,80.21,0
2026-03-02T05:00:00Z,notification-service,14.7,28.1,193,30.9,1,5.79,12.54,76
2026-03-02T05:00:00Z,object-storage,5.9,12.4,255,23.9,0,34.65,55.8,0
2026-03-02T05:00:00Z,order-api,27.2,40.6,419,43.7,1,23.05,31.42,1157
2026-03-02T05:00:00Z,payment-service,19.8,33.2,163,66.7,0,5.71,5.71,249
2026-03-02T05:00:00Z,postgres-db,26.4,63.8,1916,17.6,0,15.33,34.49,1916
2026-03-02T05:00:00Z,recommendation-service,39.0,56.6,456,54.3,1,20.52,43.32,510
2026-03-02T05:00:00Z,redis-cache,17.3,37.9,3050,3.3,0,36.6,45.75,0
2026-03-02T06:00:00Z,api-gateway,24.2,26.7,713,20.7,0,59.61,86.41,0
2026-03-02T06:00:00Z,notification-service,14.2,27.4,219,34.0,1,6.57,14.24,83
2026-03-02T06:00:00Z,object-storage,5.9,11.5,275,20.3,0,36.19,70.74,0
2026-03-02T06:00:00Z,order-api,29.3,40.4,474,48.8,1,26.07,35.55,1318
2026-03-02T06:00:00Z,payment-service,18.6,33.2,184,68.3,0,6.44,6.44,284
2026-03-02T06:00:00Z,postgres-db,27.4,65.5,2158,17.8,0,17.26,38.84,2158
2026-03-02T06:00:00Z,recommendation-service,40.1,57.4,506,49.9,0,22.77,48.07,556
2026-03-02T06:00:00Z,redis-cache,19.8,38.7,3369,3.6,0,40.43,50.53,0
2026-03-02T07:00:00Z,api-gateway,23.5,25.6,809,19.4,0,66.96,96.6,0
2026-03-02T07:00:00Z,notification-service,14.1,28.9,235,31.1,1,7.05,15.28,95
2026-03-02T07:00:00Z,object-storage,6.2,11.8,314,20.2,0,44.33,79.26,0
2026-03-02T07:00:00Z,order-api,29.8,40.4,534,49.8,1,29.37,40.05,1475
2026-03-02T07:00:00Z,payment-service,19.0,30.9,203,71.2,1,7.11,7.11,299
2026-03-02T07:00:00Z,postgres-db,29.3,65.5,2412,18.6,0,19.3,43.42,2412
2026-03-02T07:00:00Z,recommendation-service,42.2,56.3,580,56.3,0,26.1,55.1,638
2026-03-02T07:00:00Z,redis-cache,19.1,38.3,3858,4.0,0,46.3,57.87,0
2026-03-02T08:00:00Z,api-gateway,23.7,26.9,876,20.6,2,72.71,106.78,0
2026-03-02T08:00:00Z,notification-service,16.0,28.9,264,33.4,0,7.92,17.16,106
2026-03-02T08:00:00Z,object-storage,6.0,11.8,341,20.3,0,49.09,77.26,0
2026-03-02T08:00:00Z,order-api,29.7,40.2,568,45.9,0,31.24,42.6,1607
2026-03-02T08:00:00Z,payment-service,21.5,32.1,216,70.2,1,7.56,7.56,317
2026-03-02T08:00:00Z,postgres-db,31.4,64.7,2609,19.8,0,20.87,46.96,2609
2026-03-02T08:00:00Z,recommendation-service,43.5,59.5,627,52.9,0,28.21,59.56,685
2026-03-02T08:00:00Z,redis-cache,20.9,38.0,4132,3.5,0,49.58,61.98,0
2026-03-02T09:00:00Z,api-gateway,25.2,26.6,1001,19.1,2,84.5,123.11,0
2026-03-02T09:00:00Z,notification-service,16.8,27.2,287,29.7,1,8.61,18.66,114
2026-03-02T09:00:00Z,object-storage,6.1,11.8,370,21.0,0,53.7,99.73,0
2026-03-02T09:00:00Z,order-api,33.6,43.8,643,45.9,1,35.37,48.23,1794
2026-03-02T09:00:00Z,payment-service,21.3,33.4,249,70.4,1,8.72,8.72,379
2026-03-02T09:00:00Z,postgres-db,31.3,64.5,2954,20.3,0,23.63,53.17,2954
2026-03-02T09:00:00Z,recommendation-service,41.9,59.1,709,53.9,0,31.9,67.36,781
2026-03-02T09:00:00Z,redis-cache,21.0,38.1,4675,3.5,0,56.1,70.12,0
2026-03-02T10:00:00Z,api-gateway,25.0,26.3,1061,21.7,1,91.78,126.99,0
2026-03-02T10:00:00Z,notification-service,18.0,28.7,300,32.2,1,9.0,19.5,123
2026-03-02T10:00:00Z,object-storage,6.5,12.1,381,21.8,0,59.3,94.81,0
2026-03-02T10:00:00Z,order-api,32.9,43.4,677,47.7,0,37.23,50.77,1878
2026-03-02T10:00:00Z,payment-service,22.2,33.1,257,75.3,1,9.0,9.0,388
2026-03-02T10:00:00Z,postgres-db,29.5,64.2,3121,18.7,0,24.97,56.18,3121
2026-03-02T10:00:00Z,recommendation-service,44.7,56.5,770,53.5,0,34.65,73.15,855
2026-03-02T10:00:00Z,redis-cache,20.9,38.2,5023,3.1,0,60.28,75.34,0
2026-03-02T11:00:00Z,api-gateway,26.3,26.8,1189,22.4,1,102.71,140.01,0
2026-03-02T11:00:00Z,notification-service,15.6,28.4,333,32.5,1,9.99,21.64,135
2026-03-02T11:00:00Z,object-storage,6.1,12.0,442,22.5,0,62.33,116.34,0
2026-03-02T11:00:00Z,order-api,32.0,40.7,761,48.5,1,41.85,57.07,2124
2026-03-02T11:00:00Z,payment-service,23.1,33.0,296,72.9,1,10.36,10.36,445
2026-03-02T11:00:00Z,postgres-db,31.2,64.5,3513,20.2,0,28.1,63.23,3513
2026-03-02T11:00:00Z,recommendation-service,45.2,58.1,847,56.0,0,38.12,80.47,944
2026-03-02T11:00:00Z,redis-cache,22.5,38.1,5576,3.8,0,66.91,83.64,0
2026-03-02T12:00:00Z,api-gateway,26.6,27.1,1210,19.7,0,102.61,145.11,0
2026-03-02T12:00:00Z,notification-service,17.3,28.0,349,30.9,0,10.47,22.69,144
2026-03-02T12:00:00Z,object-storage,6.5,11.7,454,21.4,0,61.05,110.85,0
2026-03-02T12:00:00Z,order-api,34.1,41.3,777,51.1,1,42.73,58.27,2190
2026-03-02T12:00:00Z,payment-service,20.9,31.6,302,75.6,0,10.57,10.57,452
2026-03-02T12:00:00Z,postgres-db,31.8,65.1,3596,18.6,0,28.77,64.73,3596
2026-03-02T12:00:00Z,recommendation-service,45.2,56.4,865,54.9,0,38.92,82.17,954
2026-03-02T12:00:00Z,redis-cache,21.8,37.6,5671,3.8,0,68.05,85.06,0
2026-03-02T13:00:00Z,api-gateway,26.5,27.8,1285,22.3,1,110.75,155.57,0
2026-03-02T13:00:00Z,notification-service,17.5,28.3,378,32.1,0,11.34,24.57,152
2026-03-02T13:00:00Z,object-storage,6.5,12.2,468,21.2,0,68.02,123.13,0
2026-03-02T13:00:00Z,order-api,34.1,41.6,843,50.9,0,46.37,63.22,2362
2026-03-02T13:00:00Z,payment-service,22.3,32.8,313,73.7,1,10.96,10.96,473
2026-03-02T13:00:00Z,postgres-db,34.6,63.1,3855,19.9,0,30.84,69.39,3855
2026-03-02T13:00:00Z,recommendation-service,49.0,57.6,916,58.4,0,41.22,87.02,1020
2026-03-02T13:00:00Z,redis-cache,20.8,37.3,6105,3.3,0,73.26,91.58,0
2026-03-02T14:00:00Z,api-gateway,25.8,28.3,1263,20.8,2,109.27,152.06,0
2026-03-02T14:00:00Z,notification-service,18.9,29.1,378,33.4,0,11.34,24.57,147
2026-03-02T14:00:00Z,object-storage,5.8,12.2,462,22.1,0,66.56,110.57,0
2026-03-02T14:00:00Z,order-api,35.3,42.8,829,47.4,0,45.59,62.17,2339
2026-03-02T14:00:00Z,payment-service,23.3,32.2,319,77.4,1,11.17,11.17,471
2026-03-02T14:00:00Z,postgres-db,35.2,62.8,3799,18.4,0,30.39,68.38,3799
2026-03-02T14:00:00Z,recommendation-service,47.5,59.4,912,54.5,1,41.04,86.64,989
2026-03-02T14:00:00Z,redis-cache,21.0,38.4,6020,3.4,0,72.24,90.3,0
2026-03-02T15:00:00Z,api-gateway,26.1,28.3,1288,21.9,1,110.25,155.22,0
2026-03-02T15:00:00Z,notification-service,16.8,27.9,370,30.2,1,11.1,24.05,152
2026-03-02T15:00:00Z,object-storage,5.6,12.1,491,22.3,0,67.24,120.86,0
2026-03-02T15:00:00Z,order-api,33.4,42.2,827,48.6,1,45.48,62.02,2307
2026-03-02T15:00:00Z,payment-service,21.4,32.6,310,73.9,0,10.85,10.85,473
2026-03-02T15:00:00Z,postgres-db,34.7,65.4,3821,20.7,0,30.57,68.78,3821
2026-03-02T15:00:00Z,recommendation-service,46.5,56.5,934,57.9,0,42.03,88.73,1041
2026-03-02T15:00:00Z,redis-cache,21.5,38.4,6071,3.3,0,72.85,91.06,0
2026-03-02T16:00:00Z,api-gateway,24.8,27.4,1214,21.7,0,104.27,142.71,0
2026-03-02T16:00:00Z,notification-service,18.7,29.1,364,29.1,1,10.92,23.66,141
2026-03-02T16:00:00Z,object-storage,5.8,12.5,474,22.2,0,65.74,118.37,0
2026-03-02T16:00:00Z,order-api,35.6,41.6,790,52.5,1,43.45,59.25,2211
2026-03-02T16:00:00Z,payment-service,23.3,31.5,295,76.0,1,10.33,10.33,434
2026-03-02T16:00:00Z,postgres-db,34.3,63.0,3597,20.9,0,28.78,64.75,3597
2026-03-02T16:00:00Z,recommendation-service,46.6,58.9,875,58.9,1,39.38,83.12,952
2026-03-02T16:00:00Z,redis-cache,21.4,38.0,5807,3.9,0,69.68,87.1,0
2026-03-02T17:00:00Z,api-gateway,25.0,26.7,1186,20.0,1,99.84,140.44,0
2026-03-02T17:00:00Z,notification-service,16.6,27.7,342,32.0,1,10.26,22.23,138
2026-03-02T17:00:00Z,object-storage,5.6,12.4,437,21.2,0,65.44,104.31,0
2026-03-02T17:00:00Z,order-api,34.8,42.3,777,51.3,0,42.73,58.27,2189
2026-03-02T17:00:00Z,payment-service,23.0,32.0,301,71.7,1,10.54,10.54,445
2026-03-02T17:00:00Z,postgres-db,34.5,63.4,3571,20.2,0,28.57,64.28,3571
2026-03-02T17:00:00Z,recommendation-service,45.2,57.0,845,54.5,0,38.02,80.28,937
2026-03-02T17:00:00Z,redis-cache,21.9,38.4,5590,3.1,0,67.08,83.85,0
2026-03-02T18:00:00Z,api-gateway,25.7,27.3,1048,20.4,1,88.96,125.99,0
2026-03-02T18:00:00Z,notification-service,15.3,27.9,307,33.8,1,9.21,19.96,121
2026-03-02T18:00:00Z,object-storage,6.2,12.1,405,20.2,0,55.23,89.12,0
2026-03-02T18:00:00Z,order-api,31.2,41.0,686,50.4,1,37.73,51.45,1904
2026-03-02T18:00:00Z,payment-service,21.7,30.7,259,74.1,0,9.07,9.07,389
2026-03-02T18:00:00Z,postgres-db,30.2,64.2,3110,17.9,0,24.88,55.98,3110
2026-03-02T18:00:00Z,recommendation-service,44.7,56.6,754,54.1,1,33.93,71.63,817
2026-03-02T18:00:00Z,redis-cache,21.6,37.9,4993,3.5,0,59.92,74.89,0
2026-03-02T19:00:00Z,api-gateway,23.6,27.9,1032,19.2,1,88.8,125.43,0
2026-03-02T19:00:00Z,notification-service,16.1,27.3,303,34.6,1,9.09,19.7,117
2026-03-02T19:00:00Z,object-storage,5.9,12.3,399,23.5,0,51.08,89.94,0
2026-03-02T19:00:00Z,order-api,32.9,41.7,685,51.8,0,37.67,51.38,1932
2026-03-02T19:00:00Z,payment-service,20.8,32.5,266,75.2,1,9.31,9.31,402
2026-03-02T19:00:00Z,postgres-db,29.4,62.6,3138,18.5,0,25.1,56.48,3138
2026-03-02T19:00:00Z,recommendation-service,42.9,58.1,739,55.1,1,33.25,70.2,804
2026-03-02T19:00:00Z,redis-cache,20.7,38.1,4960,3.8,0,59.52,74.4,0
2026-03-02T20:00:00Z,api-gateway,24.1,26.9,871,18.8,2,73.64,102.93,0
2026-03-02T20:00:00Z,notification-service,16.7,27.5,254,31.5,0,7.62,16.51,100
2026-03-02T20:00:00Z,object-storage,6.0,12.3,336,21.2,0,49.27,84.76,0
2026-03-02T20:00:00Z,order-api,31.8,40.2,557,47.6,0,30.64,41.77,1572
2026-03-02T20:00:00Z,payment-service,19.5,32.3,215,73.5,0,7.53,7.53,318
2026-03-02T20:00:00Z,postgres-db,31.3,65.2,2583,19.0,0,20.66,46.49,2583
2026-03-02T20:00:00Z,recommendation-service,42.8,56.9,618,52.6,0,27.81,58.71,693
2026-03-02T20:00:00Z,redis-cache,19.4,38.9,4063,3.9,0,48.76,60.95,0
2026-03-02T21:00:00Z,api-gateway,25.0,26.5,833,19.0,0,69.62,100.84,0
2026-03-02T21:00:00Z,notification-service,16.9,28.2,243,33.7,0,7.29,15.79,97
2026-03-02T21:00:00Z,object-storage,5.8,12.0,306,22.0,0,41.14,84.11,0
2026-03-02T21:00:00Z,order-api,31.7,40.4,554,48.9,0,30.47,41.55,1541
2026-03-02T21:00:00Z,payment-service,20.3,33.1,213,69.6,1,7.46,7.46,323
2026-03-02T21:00:00Z,postgres-db,31.3,65.4,2510,17.4,0,20.08,45.18,2510
2026-03-02T21:00:00Z,recommendation-service,41.8,59.5,601,52.7,1,27.04,57.09,646
2026-03-02T21:00:00Z,redis-cache,19.3,37.5,4049,3.6,0,48.59,60.73,0
2026-03-02T22:00:00Z,api-gateway,24.0,25.8,718,19.5,1,59.92,84.04,0
2026-03-02T22:00:00Z,notification-service,16.0,29.3,197,33.0,1,5.91,12.8,77
2026-03-02T22:00:00Z,object-storage,5.7,12.2,283,20.0,0,38.96,63.81,0
2026-03-02T22:00:00Z,order-api,30.6,42.3,459,46.1,0,25.25,34.42,1278
2026-03-02T22:00:00Z,payment-service,20.0,32.0,172,72.0,1,6.02,6.02,253
2026-03-02T22:00:00Z,postgres-db,27.0,64.7,2116,18.1,0,16.93,38.09,2116
2026-03-02T22:00:00Z,recommendation-service,42.5,58.6,524,52.9,0,23.58,49.78,585
2026-03-02T22:00:00Z,redis-cache,18.7,38.3,3428,3.1,0,41.14,51.42,0
2026-03-02T23:00:00Z,api-gateway,22.7,25.9,651,19.6,0,55.54,75.19,0
2026-03-02T23:00:00Z,notification-service,13.7,27.6,195,32.3,0,5.85,12.68,73
2026-03-02T23:00:00Z,object-storage,6.0,11.9,231,23.1,0,35.95,65.45,0
2026-03-02T23:00:00Z,order-api,27.5,43.9,424,43.3,1,23.32,31.8,1194
2026-03-02T23:00:00Z,payment-service,20.1,30.8,166,67.3,0,5.81,5.81,242
2026-03-02T23:00:00Z,postgres-db,28.1,65.5,1949,17.1,0,15.59,35.08,1949
2026-03-02T23:00:00Z,recommendation-service,41.0,57.1,469,51.8,0,21.11,44.55,513
2026-03-02T23:00:00Z,redis-cache,19.2,38.3,3108,3.9,0,37.3,46.62,0
2026-03-03T00:00:00Z,api-gateway,20.4,25.1,569,20.5,2,48.27,65.56,0
2026-03-03T00:00:00Z,notification-service,14.1,29.0,151,31.0,1,4.53,9.81,64
2026-03-03T00:00:00Z,object-storage,6.3,11.5,209,21.1,0,35.76,52.03,0
2026-03-03T00:00:00Z,order-api,29.1,43.6,357,46.0,0,19.64,26.77,1016
2026-03-03T00:00:00Z,payment-service,19.5,32.3,132,71.4,1,4.62,4.62,195
2026-03-03T00:00:00Z,postgres-db,26.3,64.8,1661,16.6,0,13.29,29.9,1661
2026-03-03T00:00:00Z,recommendation-service,37.2,57.0,399,53.8,0,17.95,37.91,450
2026-03-03T00:00:00Z,redis-cache,18.2,38.0,2655,4.0,0,31.86,39.82,0
2026-03-03T01:00:00Z,api-gateway,21.4,25.9,545,19.8,0,46.8,67.19,0
2026-03-03T01:00:00Z,notification-service,15.5,29.2,153,34.9,1,4.59,9.95,57
2026-03-03T01:00:00Z,object-storage,5.6,11.8,199,22.0,0,25.2,49.0,0
2026-03-03T01:00:00Z,order-api,25.7,40.6,360,46.9,1,19.8,27.0,1017
2026-03-03T01:00:00Z,payment-service,16.9,30.5,133,67.9,0,4.66,4.66,194
2026-03-03T01:00:00Z,postgres-db,26.3,62.8,1618,17.9,0,12.94,29.12,1618
2026-03-03T01:00:00Z,recommendation-service,37.1,57.8,383,51.9,0,17.23,36.38,407
2026-03-03T01:00:00Z,redis-cache,17.1,37.6,2570,3.4,0,30.84,38.55,0
2026-03-03T02:00:00Z,api-gateway,20.3,25.1,536,18.6,1,45.94,62.49,0
2026-03-03T02:00:00Z,notification-service,13.1,28.2,149,32.6,1,4.47,9.69,61
2026-03-03T02:00:00Z,object-storage,6.5,12.0,203,22.8,0,28.45,45.85,0
2026-03-03T02:00:00Z,order-api,26.3,43.8,336,44.4,1,18.48,25.2,952
2026-03-03T02:00:00Z,payment-service,17.4,32.9,124,72.0,1,4.34,4.34,178
2026-03-03T02:00:00Z,postgres-db,25.9,64.6,1563,17.5,0,12.5,28.13,1563
2026-03-03T02:00:00Z,recommendation-service,40.1,56.8,381,50.5,1,17.14,36.2,433
2026-03-03T02:00:00Z,redis-cache,16.5,37.8,2484,3.8,0,29.81,37.26,0
2026-03-03T03:00:00Z,api-gateway,22.6,25.5,560,19.4,1,46.57,68.15,0
2026-03-03T03:00:00Z,notification-service,14.4,26.5,175,30.6,1,5.25,11.38,70
2026-03-03T03:00:00Z,object-storage,6.1,11.9,213,21.6,0,33.1,52.82,0
2026-03-03T03:00:00Z,order-api,28.7,40.3,370,48.6,0,20.35,27.75,1032
2026-03-03T03:00:00Z,payment-service,19.5,32.6,140,70.0,1,4.9,4.9,207
2026-03-03T03:00:00Z,postgres-db,26.5,64.4,1696,16.3,0,13.57,30.53,1696
2026-03-03T03:00:00Z,recommendation-service,38.9,58.6,412,49.4,1,18.54,39.14,457
2026-03-03T03:00:00Z,redis-cache,18.2,37.8,2746,3.8,0,32.95,41.19,0
2026-03-03T04:00:00Z,api-gateway,20.5,24.9,588,19.2,2,48.44,73.2,0
2026-03-03T04:00:00Z,notification-service,14.3,26.6,169,32.7,0,5.07,10.99,68
2026-03-03T04:00:00Z,object-storage,6.2,11.7,216,23.0,0,34.95,46.92,0
2026-03-03T04:00:00Z,order-api,26.8,41.8,371,44.0,0,20.41,27.82,1037
2026-03-03T04:00:00Z,payment-service,18.8,31.5,139,68.0,1,4.87,4.87,200
2026-03-03T04:00:00Z,postgres-db,25.8,63.0,1703,17.9,0,13.62,30.65,1703
2026-03-03T04:00:00Z,recommendation-service,39.7,58.7,431,50.0,1,19.39,40.95,466
2026-03-03T04:00:00Z,redis-cache,16.9,37.8,2801,3.2,0,33.61,42.02,0
2026-03-03T05:00:00Z,api-gateway,21.2,25.5,624,19.4,0,54.49,75.05,0
2026-03-03T05:00:00Z,notification-service,15.1,28.0,194,29.8,0,5.82,12.61,77
2026-03-03T05:00:00Z,object-storage,5.9,11.5,216,20.5,0,37.0,64.7,0
2026-03-03T05:00:00Z,order-api,28.5,42.4,409,46.6,0,22.5,30.67,1159
2026-03-03T05:00:00Z,payment-service,19.6,32.6,157,68.6,1,5.5,5.5,227
2026-03-03T05:00:00Z,postgres-db,27.3,62.9,1870,17.5,0,14.96,33.66,1870
2026-03-03T05:00:00Z,recommendation-service,37.7,57.2,440,50.2,1,19.8,41.8,484
2026-03-03T05:00:00Z,redis-cache,18.3,38.4,2924,3.6,0,35.09,43.86,0
2026-03-03T06:00:00Z,api-gateway,23.4,25.9,720,20.8,1,59.53,83.59,0
2026-03-03T06:00:00Z,notification-service,16.1,27.8,210,35.0,1,6.3,13.65,81
2026-03-03T06:00:00Z,object-storage,6.1,11.9,282,22.8,0,40.34,60.68,0
2026-03-03T06:00:00Z,order-api,28.3,41.1,475,47.0,0,26.12,35.62,1328
2026-03-03T06:00:00Z,payment-service,20.1,32.1,184,68.0,0,6.44,6.44,281
2026-03-03T06:00:00Z,postgres-db,30.5,62.8,2188,19.2,0,17.5,39.38,2188
2026-03-03T06:00:00Z,recommendation-service,40.1,59.3,526,50.2,1,23.67,49.97,579
2026-03-03T06:00:00Z,redis-cache,18.0,39.0,3487,3.4,0,41.84,52.3,0
2026-03-03T07:00:00Z,api-gateway,22.3,25.4,783,19.5,0,66.71,92.9,0
2026-03-03T07:00:00Z,notification-service,14.4,28.0,239,30.7,1,7.17,15.54,94
2026-03-03T07:00:00Z,object-storage,5.8,11.5,311,23.1,0,44.77,75.52,0
2026-03-03T07:00:00Z,order-api,28.9,41.1,515,49.3,1,28.32,38.62,1449
2026-03-03T07:00:00Z,payment-service,20.8,32.9,189,74.7,1,6.62,6.62,290
2026-03-03T07:00:00Z,postgres-db,29.8,64.0,2356,18.6,0,18.85,42.41,2356
2026-03-03T07:00:00Z,recommendation-service,42.6,57.0,554,54.5,1,24.93,52.63,617
2026-03-03T07:00:00Z,redis-cache,18.7,37.9,3695,3.6,0,44.34,55.42,0
2026-03-03T08:00:00Z,api-gateway,23.6,25.7,897,20.3,0,75.96,105.91,0
2026-03-03T08:00:00Z,notification-service,15.4,29.2,254,30.0,0,7.62,16.51,99
2026-03-03T08:00:00Z,object-storage,5.7,12.2,344,22.8,0,43.6,81.85,0
2026-03-03T08:00:00Z,order-api,32.0,41.4,576,48.2,1,31.68,43.2,1612
2026-03-03T08:00:00Z,payment-service,20.6,30.6,216,69.0,1,7.56,7.56,323
2026-03-03T08:00:00Z,postgres-db,30.6,62.9,2625,19.1,0,21.0,47.25,2625
2026-03-03T08:00:00Z,recommendation-service,43.9,57.8,636,51.0,1,28.62,60.42,690
2026-03-03T08:00:00Z,redis-cache,20.9,37.5,4172,3.7,0,50.06,62.58,0
2026-03-03T09:00:00Z,api-gateway,25.0,25.8,963,21.0,2,83.81,115.09,0
2026-03-03T09:00:00Z,notification-service,16.5,27.7,281,34.8,0,8.43,18.27,108
2026-03-03T09:00:00Z,object-storage,5.6,12.1,352,22.4,0,53.29,92.83,0
2026-03-03T09:00:00Z,order-api,29.5,41.5,614,49.5,0,33.77,46.05,1711
2026-03-03T09:00:00Z,payment-service,19.5,32.8,239,75.0,0,8.37,8.37,368
2026-03-03T09:00:00Z,postgres-db,31.0,63.0,2838,18.6,0,22.7,51.08,2838
2026-03-03T09:00:00Z,recommendation-service,43.4,56.0,684,55.3,0,30.78,64.98,759
2026-03-03T09:00:00Z,redis-cache,21.1,37.2,4508,3.1,0,54.1,67.62,0
2026-03-03T10:00:00Z,api-gateway,25.8,26.8,1096,20.8,1,94.15,130.29,0
2026-03-03T10:00:00Z,notification-service,17.1,28.0,314,31.5,1,9.42,20.41,121
2026-03-03T10:00:00Z,object-storage,6.1,11.8,412,21.2,0,59.5,95.76,0
2026-03-03T10:00:00Z,order-api,34.1,43.8,699,49.0,0,38.45,52.42,1957
2026-03-03T10:00:00Z,payment-service,21.3,33.4,267,77.8,1,9.35,9.35,393
2026-03-03T10:00:00Z,postgres-db,32.8,62.6,3240,17.9,0,25.92,58.32,3240
2026-03-03T10:00:00Z,recommendation-service,45.4,57.5,797,56.6,1,35.87,75.72,890
2026-03-03T10:00:00Z,redis-cache,19.5,37.1,5148,3.8,0,61.78,77.22,0
2026-03-03T11:00:00Z,api-gateway,25.6,27.7,1183,22.0,2,98.82,143.15,0
2026-03-03T11:00:00Z,notification-service,16.6,26.7,354,33.3,1,10.62,23.01,137
2026-03-03T11:00:00Z,object-storage,5.9,12.0,441,22.3,0,62.76,104.52,0
2026-03-03T11:00:00Z,order-api,35.0,40.2,775,47.3,0,42.62,58.12,2168
2026-03-03T11:00:00Z,payment-service,21.3,32.7,296,76.8,0,10.36,10.36,448
2026-03-03T11:00:00Z,postgres-db,31.4,62.9,3564,20.4,0,28.51,64.15,3564
2026-03-03T11:00:00Z,recommendation-service,44.8,59.8,856,56.2,1,38.52,81.32,948
2026-03-03T11:00:00Z,redis-cache,22.7,38.5,5633,3.0,0,67.6,84.49,0
2026-03-03T12:00:00Z,api-gateway,26.5,26.9,1173,21.0,0,101.16,139.23,0
2026-03-03T12:00:00Z,notification-service,17.2,26.5,338,30.2,1,10.14,21.97,133
2026-03-03T12:00:00Z,object-storage,6.0,12.1,444,22.0,0,66.28,102.68,0
2026-03-03T12:00:00Z,order-api,32.9,40.6,761,52.2,1,41.85,57.07,2132
2026-03-03T12:00:00Z,payment-service,22.6,31.8,295,73.4,0,10.33,10.33,446
2026-03-03T12:00:00Z,postgres-db,33.7,65.4,3491,20.9,0,27.93,62.84,3491
2026-03-03T12:00:00Z,recommendation-service,44.1,57.5,839,55.9,1,37.75,79.7,913
2026-03-03T12:00:00Z,redis-cache,21.2,37.6,5510,3.8,0,66.12,82.65,0
2026-03-03T13:00:00Z,api-gateway,25.8,26.8,1287,20.9,0,108.78,156.48,0
2026-03-03T13:00:00Z,notification-service,17.5,29.4,382,30.4,0,11.46,24.83,150
2026-03-03T13:00:00Z,object-storage,6.2,12.2,494,21.3,0,67.47,111.23,0
2026-03-03T13:00:00Z,order-api,36.5,40.0,847,51.4,1,46.59,63.52,2380
2026-03-03T13:00:00Z,payment-service,22.4,31.2,315,75.4,0,11.03,11.03,482
2026-03-03T13:00:00Z,postgres-db,33.2,65.4,3892,18.6,0,31.14,70.06,3892
2026-03-03T13:00:00Z,recommendation-service,45.7,59.7,931,59.1,1,41.89,88.45,1030
2026-03-03T13:00:00Z,redis-cache,21.1,38.6,6131,3.1,0,73.57,91.97,0
2026-03-03T14:00:00Z,api-gateway,26.5,26.9,1230,20.1,1,104.18,147.82,0
2026-03-03T14:00:00Z,notification-service,16.5,26.5,371,34.0,1,11.13,24.12,144
2026-03-03T14:00:00Z,object-storage,5.9,12.1,474,22.6,0,67.45,108.89,0
2026-03-03T14:00:00Z,order-api,33.0,41.2,813,48.7,0,44.72,60.97,2262
2026-03-03T14:00:00Z,payment-service,23.2,32.6,311,71.7,1,10.89,10.89,463
2026-03-03T14:00:00Z,postgres-db,35.0,62.6,3680,19.4,0,29.44,66.24,3680
2026-03-03T14:00:00Z,recommendation-service,45.4,57.4,875,56.3,1,39.38,83.12,955
2026-03-03T14:00:00Z,redis-cache,22.6,37.5,5860,3.5,0,70.32,87.9,0
2026-03-03T15:00:00Z,api-gateway,25.2,28.5,1278,21.0,0,110.25,155.34,0
2026-03-03T15:00:00Z,notification-service,18.0,28.9,371,33.8,1,11.13,24.12,151
2026-03-03T15:00:00Z,object-storage,6.0,12.0,473,23.7,0,69.3,115.45,0
2026-03-03T15:00:00Z,order-api,32.5,41.8,825,48.3,1,45.38,61.88,2322
2026-03-03T15:00:00Z,payment-service,20.8,32.5,311,72.7,0,10.89,10.89,460
2026-03-03T15:00:00Z,postgres-db,33.0,64.2,3781,18.5,0,30.25,68.06,3781
2026-03-03T15:00:00Z,recommendation-service,48.6,56.1,914,57.3,0,41.13,86.83,999
2026-03-03T15:00:00Z,redis-cache,20.9,37.4,6006,3.9,0,72.07,90.09,0
2026-03-03T16:00:00Z,api-gateway,25.0,28.2,1180,21.8,0,102.27,141.78,0
2026-03-03T16:00:00Z,notification-service,16.3,29.5,350,34.3,0,10.5,22.75,138
2026-03-03T16:00:00Z,object-storage,5.6,11.7,442,20.9,0,64.22,100.24,0
2026-03-03T16:00:00Z,order-api,35.6,43.9,775,47.4,1,42.62,58.12,2160
2026-03-03T16:00:00Z,payment-service,23.2,30.7,299,78.9,0,10.47,10.47,455
2026-03-03T16:00:00Z,postgres-db,33.9,64.6,3559,20.8,0,28.47,64.06,3559
2026-03-03T16:00:00Z,recommendation-service,45.5,59.4,856,58.1,0,38.52,81.32,944
2026-03-03T16:00:00Z,redis-cache,22.1,38.9,5614,3.6,0,67.37,84.21,0
2026-03-03T17:00:00Z,api-gateway,24.8,27.9,1193,22.2,2,100.7,140.29,0
2026-03-03T17:00:00Z,notification-service,17.8,26.9,346,33.4,1,10.38,22.49,142
2026-03-03T17:00:00Z,object-storage,6.5,12.5,443,20.1,0,65.65,116.11,0
2026-03-03T17:00:00Z,order-api,35.3,43.1,778,51.9,1,42.79,58.35,2196
2026-03-03T17:00:00Z,payment-service,23.2,31.7,293,71.6,0,10.26,10.26,432
2026-03-03T17:00:00Z,postgres-db,34.5,64.6,3553,20.8,0,28.42,63.95,3553
2026-03-03T17:00:00Z,recommendation-service,47.8,59.2,850,58.8,1,38.25,80.75,925
2026-03-03T17:00:00Z,redis-cache,20.7,38.2,5670,3.2,0,68.04,85.05,0
2026-03-03T18:00:00Z,api-gateway,25.7,28.1,1120,19.7,2,94.15,137.29,0
2026-03-03T18:00:00Z,notification-service,15.5,29.0,316,30.8,0,9.48,20.54,130
2026-03-03T18:00:00Z,object-storage,5.7,11.9,403,22.9,0,61.16,109.07,0
2026-03-03T18:00:00Z,order-api,34.3,40.4,718,50.4,1,39.49,53.85,2025
2026-03-03T18:00:00Z,payment-service,20.6,31.2,271,70.6,0,9.49,9.49,398
2026-03-03T18:00:00Z,postgres-db,31.4,64.1,3296,18.1,0,26.37,59.33,3296
2026-03-03T18:00:00Z,recommendation-service,44.6,58.9,794,58.3,1,35.73,75.43,873
2026-03-03T18:00:00Z,redis-cache,22.1,38.3,5237,3.7,0,62.84,78.55,0
2026-03-03T19:00:00Z,api-gateway,24.7,26.8,960,19.0,2,80.26,117.54,0
2026-03-03T19:00:00Z,notification-service,15.8,28.0,272,33.0,0,8.16,17.68,109
2026-03-03T19:00:00Z,object-storage,6.4,11.9,347,21.8,0,49.68,87.52,0
2026-03-03T19:00:00Z,order-api,29.6,40.8,613,46.3,1,33.72,45.98,1725
2026-03-03T19:00:00Z,payment-service,19.8,31.3,236,70.8,0,8.26,8.26,355
2026-03-03T19:00:00Z,postgres-db,31.0,63.1,2853,17.4,0,22.82,51.35,2853
2026-03-03T19:00:00Z,recommendation-service,42.1,57.4,699,54.1,0,31.45,66.41,773
2026-03-03T19:00:00Z,redis-cache,19.4,37.2,4505,3.8,0,54.06,67.58,0
2026-03-03T20:00:00Z,api-gateway,22.6,27.1,880,20.7,0,74.18,105.85,0
2026-03-03T20:00:00Z,notification-service,15.6,29.5,256,31.6,1,7.68,16.64,103
2026-03-03T20:00:00Z,object-storage,5.8,12.4,343,23.7,0,43.35,78.9,0
2026-03-03T20:00:00Z,order-api,31.1,42.2,586,49.9,1,32.23,43.95,1637
2026-03-03T20:00:00Z,payment-service,21.3,31.9,223,75.5,0,7.81,7.81,326
2026-03-03T20:00:00Z,postgres-db,30.5,62.9,2675,19.4,0,21.4,48.15,2675
2026-03-03T20:00:00Z,recommendation-service,43.4,58.0,643,56.5,1,28.93,61.09,712
2026-03-03T20:00:00Z,redis-cache,21.1,38.9,4235,3.8,0,50.82,63.52,0
2026-03-03T21:00:00Z,api-gateway,22.7,26.2,800,21.1,2,68.49,96.14,0
2026-03-03T21:00:00Z,notification-service,16.8,29.2,237,29.1,1,7.11,15.41,92
2026-03-03T21:00:00Z,object-storage,6.0,12.2,291,20.4,0,47.03,67.5,0
2026-03-03T21:00:00Z,order-api,29.4,40.6,517,47.7,1,28.43,38.77,1465
2026-03-03T21:00:00Z,payment-service,19.9,30.8,203,70.1,1,7.11,7.11,301
2026-03-03T21:00:00Z,postgres-db,27.7,64.3,2389,19.0,0,19.11,43.0,2389
2026-03-03T21:00:00Z,recommendation-service,41.0,57.9,573,54.0,0,25.79,54.44,623
2026-03-03T21:00:00Z,redis-cache,20.2,37.7,3738,3.2,0,44.86,56.07,0
2026-03-03T22:00:00Z,api-gateway,24.0,25.7,747,19.6,1,62.25,87.91,0
2026-03-03T22:00:00Z,notification-service,14.8,28.3,213,30.1,1,6.39,13.85,86
2026-03-03T22:00:00Z,object-storage,5.7,12.4,274,23.0,0,42.37,65.06,0
2026-03-03T22:00:00Z,order-api,30.4,43.0,495,49.2,1,27.23,37.12,1386
2026-03-03T22:00:00Z,payment-service,18.7,32.0,182,68.2,1,6.37,6.37,280
2026-03-03T22:00:00Z,postgres-db,30.4,64.6,2243,17.6,0,17.94,40.37,2243
2026-03-03T22:00:00Z,recommendation-service,39.4,59.3,526,55.0,0,23.67,49.97,577
2026-03-03T22:00:00Z,redis-cache,18.8,38.3,3577,3.1,0,42.92,53.66,0
2026-03-03T23:00:00Z,api-gateway,22.5,26.8,639,20.7,1,55.03,75.29,0
2026-03-03T23:00:00Z,notification-service,14.5,28.4,192,32.7,0,5.76,12.48,72
2026-03-03T23:00:00Z,object-storage,6.5,12.1,222,23.4,0,32.26,62.01,0
2026-03-03T23:00:00Z,order-api,26.3,43.1,412,47.7,0,22.66,30.9,1170
2026-03-03T23:00:00Z,payment-service,19.0,30.5,158,68.3,1,5.53,5.53,233
2026-03-03T23:00:00Z,postgres-db,27.6,64.5,1913,18.9,0,15.3,34.43,1913
2026-03-03T23:00:00Z,recommendation-service,40.3,57.7,471,51.7,0,21.2,44.74,510
2026-03-03T23:00:00Z,redis-cache,16.9,38.0,3040,3.7,0,36.48,45.6,0
2026-03-04T00:00:00Z,api-gateway,26.6,28.8,1454,22.8,2,124.8,175.08,0
2026-03-04T00:00:00Z,notification-service,19.3,28.8,422,30.1,1,12.66,27.43,167
2026-03-04T00:00:00Z,object-storage,5.9,12.2,211,21.2,0,35.74,52.91,0
2026-03-04T00:00:00Z,order-api,37.0,42.9,949,52.4,1,52.2,71.17,2647
2026-03-04T00:00:00Z,payment-service,23.0,30.6,359,78.6,1,12.57,12.57,532
2026-03-04T00:00:00Z,postgres-db,35.1,65.0,4341,21.4,0,34.73,78.14,4341
2026-03-04T00:00:00Z,recommendation-service,48.2,58.1,1052,59.6,1,47.34,99.94,1162
2026-03-04T00:00:00Z,redis-cache,22.3,37.2,6961,3.1,0,83.53,104.41,0
2026-03-04T01:00:00Z,api-gateway,27.7,27.7,1298,22.3,1,112.11,153.19,0
2026-03-04T01:00:00Z,notification-service,18.6,26.8,384,32.7,1,11.52,24.96,152
2026-03-04T01:00:00Z,object-storage,5.9,11.5,221,20.8,0,28.07,41.88,0
2026-03-04T01:00:00Z,order-api,34.8,43.5,855,49.8,0,47.02,64.12,2376
2026-03-04T01:00:00Z,payment-service,21.6,31.1,330,75.3,1,11.55,11.55,503
2026-03-04T01:00:00Z,postgres-db,32.4,64.4,3909,18.4,0,31.27,70.36,3909
2026-03-04T01:00:00Z,recommendation-service,46.6,58.9,933,58.5,0,41.98,88.64,1030
2026-03-04T01:00:00Z,redis-cache,23.0,37.3,6185,3.8,0,74.22,92.77,0
2026-03-04T02:00:00Z,api-gateway,25.6,28.1,1276,21.6,0,109.23,152.19,0
2026-03-04T02:00:00Z,notification-service,17.9,26.6,365,34.3,0,10.95,23.73,146
2026-03-04T02:00:00Z,object-storage,6.5,12.2,181,22.6,0,24.03,51.83,0
2026-03-04T02:00:00Z,order-api,33.8,42.4,818,48.2,1,44.99,61.35,2282
2026-03-04T02:00:00Z,payment-service,22.8,32.3,307,73.9,1,10.75,10.75,470
2026-03-04T02:00:00Z,postgres-db,32.9,63.2,3769,20.5,0,30.15,67.84,3769
2026-03-04T02:00:00Z,recommendation-service,48.7,57.4,914,54.7,1,41.13,86.83,1017
2026-03-04T02:00:00Z,redis-cache,22.7,38.2,5965,3.2,0,71.58,89.47,0
2026-03-04T03:00:00Z,api-gateway,26.9,27.8,1315,20.2,2,112.3,156.61,0
2026-03-04T03:00:00Z,notification-service,18.9,28.5,394,29.9,0,11.82,25.61,157
2026-03-04T03:00:00Z,object-storage,5.6,11.8,214,20.9,0,34.6,47.02,0
2026-03-04T03:00:00Z,order-api,35.5,41.1,859,51.2,0,47.24,64.42,2418
2026-03-04T03:00:00Z,payment-service,23.1,30.9,320,72.6,0,11.2,11.2,473
2026-03-04T03:00:00Z,postgres-db,31.9,64.0,3917,19.0,0,31.34,70.51,3917
2026-03-04T03:00:00Z,recommendation-service,46.5,58.1,939,55.0,1,42.25,89.2,1026
2026-03-04T03:00:00Z,redis-cache,21.9,37.0,6271,3.7,0,75.25,94.06,0
2026-03-04T04:00:00Z,api-gateway,26.4,27.2,1406,20.9,2,118.76,170.15,0
2026-03-04T04:00:00Z,notification-service,17.7,28.3,398,33.8,1,11.94,25.87,156
2026-03-04T04:00:00Z,object-storage,5.9,11.5,215,22.7,0,35.16,61.34,0
2026-03-04T04:00:00Z,order-api,36.5,40.2,901,53.1,1,49.55,67.58,2509
2026-03-04T04:00:00Z,payment-service,22.7,32.4,340,79.4,0,11.9,11.9,516
2026-03-04T04:00:00Z,postgres-db,35.6,64.4,4139,21.0,0,33.11,74.5,4139
2026-03-04T04:00:00Z,recommendation-service,48.1,59.8,1004,56.1,0,45.18,95.38,1114
2026-03-04T04:00:00Z,redis-cache,23.3,37.1,6564,3.9,0,78.77,98.46,0
2026-03-04T05:00:00Z,api-gateway,26.9,28.2,1502,20.4,0,126.93,181.47,0
2026-03-04T05:00:00Z,notification-service,17.8,29.4,441,29.3,0,13.23,28.67,177
2026-03-04T05:00:00Z,object-storage,5.7,12.0,231,23.2,0,33.41,63.12,0
2026-03-04T05:00:00Z,order-api,37.8,42.3,981,52.2,1,53.95,73.58,2753
2026-03-04T05:00:00Z,payment-service,23.7,32.6,370,74.1,1,12.95,12.95,549
2026-03-04T05:00:00Z,postgres-db,33.7,64.4,4501,19.5,0,36.01,81.02,4501
2026-03-04T05:00:00Z,recommendation-service,50.4,57.5,1077,60.2,1,48.46,102.31,1199
2026-03-04T05:00:00Z,redis-cache,24.6,38.7,7163,3.1,0,85.96,107.44,0
2026-03-04T06:00:00Z,api-gateway,29.4,29.3,1718,21.1,1,146.26,203.16,0
2026-03-04T06:00:00Z,notification-service,18.1,27.0,500,29.8,1,15.0,32.5,202
2026-03-04T06:00:00Z,object-storage,6.1,11.7,253,23.7,0,37.76,65.03,0
2026-03-04T06:00:00Z,order-api,39.0,42.5,1104,51.9,1,60.72,82.8,3079
2026-03-04T06:00:00Z,payment-service,26.2,31.6,422,75.5,0,14.77,14.77,632
2026-03-04T06:00:00Z,postgres-db,38.2,63.2,5061,20.6,0,40.49,91.1,5061
2026-03-04T06:00:00Z,recommendation-service,52.9,57.9,1238,60.6,1,55.71,117.61,1350
2026-03-04T06:00:00Z,redis-cache,26.2,37.6,8129,3.5,0,97.55,121.94,0
2026-03-04T07:00:00Z,api-gateway,30.0,29.6,1977,24.2,2,168.4,238.87,0
2026-03-04T07:00:00Z,notification-service,22.2,27.9,586,29.8,0,17.58,38.09,236
2026-03-04T07:00:00Z,object-storage,5.8,12.2,319,23.4,0,46.81,82.59,0
2026-03-04T07:00:00Z,order-api,41.9,43.8,1283,52.6,0,70.56,96.22,3593
2026-03-04T07:00:00Z,payment-service,27.5,33.0,480,80.9,1,16.8,16.8,728
2026-03-04T07:00:00Z,postgres-db,41.2,64.0,5880,21.5,0,47.04,105.84,5880
2026-03-04T07:00:00Z,recommendation-service,55.6,58.9,1415,59.1,0,63.67,134.43,1559
2026-03-04T07:00:00Z,redis-cache,27.8,38.5,9388,3.3,0,112.66,140.82,0
2026-03-04T08:00:00Z,api-gateway,32.9,29.9,2181,23.0,2,187.31,262.62,0
2026-03-04T08:00:00Z,notification-service,21.1,28.8,647,29.2,1,19.41,42.05,254
2026-03-04T08:00:00Z,object-storage,6.2,12.4,355,23.0,0,49.88,79.18,0
2026-03-04T08:00:00Z,order-api,43.5,42.8,1431,55.2,0,78.7,107.33,4000
2026-03-04T08:00:00Z,payment-service,27.9,32.5,543,82.4,1,19.01,19.01,821
2026-03-04T08:00:00Z,postgres-db,42.3,63.1,6531,23.3,0,52.25,117.56,6531
2026-03-04T08:00:00Z,recommendation-service,59.2,59.2,1565,62.9,0,70.42,148.68,1710
2026-03-04T08:00:00Z,redis-cache,27.2,37.5,10365,3.8,0,124.38,155.47,0
2026-03-04T09:00:00Z,api-gateway,33.6,31.4,2436,25.4,1,208.89,295.17,0
2026-03-04T09:00:00Z,notification-service,22.8,27.3,702,31.0,1,21.06,45.63,277
2026-03-04T09:00:00Z,object-storage,5.8,11.6,367,23.7,0,56.18,95.7,0
2026-03-04T09:00:00Z,order-api,45.9,40.1,1577,56.3,1,86.73,118.27,4426
2026-03-04T09:00:00Z,payment-service,30.1,33.2,605,86.8,1,21.18,21.18,912
2026-03-04T09:00:00Z,postgres-db,44.5,63.1,7258,22.3,0,58.06,130.64,7258
2026-03-04T09:00:00Z,recommendation-service,61.3,59.1,1755,67.3,0,78.97,166.72,1920
2026-03-04T09:00:00Z,redis-cache,29.0,37.9,11538,3.6,0,138.46,173.07,0
2026-03-04T10:00:00Z,api-gateway,47.8,37.8,4531,28.8,0,383.87,541.13,0
2026-03-04T10:00:00Z,notification-service,32.0,27.3,1322,34.5,1,39.66,85.93,527
2026-03-04T10:00:00Z,object-storage,5.9,11.5,416,23.6,0,55.38,99.15,0
2026-03-04T10:00:00Z,order-api,65.8,42.1,2945,69.0,0,161.97,220.88,8234
2026-03-04T10:00:00Z,payment-service,40.6,31.2,1116,104.2,1,39.06,39.06,1683
2026-03-04T10:00:00Z,postgres-db,63.0,64.4,13526,30.9,0,108.21,243.47,13526
2026-03-04T10:00:00Z,recommendation-service,87.8,56.0,3270,79.8,0,147.15,310.65,3609
2026-03-04T10:00:00Z,redis-cache,42.2,38.8,21539,3.9,0,258.47,323.08,0
2026-03-04T11:00:00Z,api-gateway,52.8,38.7,5019,29.1,0,427.3,603.92,0
2026-03-04T11:00:00Z,notification-service,34.5,28.4,1473,33.5,1,44.19,95.75,591
2026-03-04T11:00:00Z,object-storage,6.4,11.6,431,23.1,0,62.79,103.01,0
2026-03-04T11:00:00Z,order-api,70.8,40.4,3273,75.0,1,180.02,245.47,9183
2026-03-04T11:00:00Z,payment-service,44.6,33.3,1248,108.6,0,43.68,43.68,1871
2026-03-04T11:00:00Z,postgres-db,66.0,63.3,15026,30.7,0,120.21,270.47,15026
2026-03-04T11:00:00Z,recommendation-service,89.8,56.2,3609,83.7,1,162.41,342.86,3972
2026-03-04T11:00:00Z,redis-cache,45.6,37.0,23862,3.7,0,286.34,357.93,0
2026-03-04T12:00:00Z,api-gateway,52.3,39.5,5195,30.9,1,440.12,622.75,0
2026-03-04T12:00:00Z,notification-service,35.8,27.1,1517,30.1,1,45.51,98.61,610
2026-03-04T12:00:00Z,object-storage,6.4,12.5,478,21.8,0,67.53,110.09,0
2026-03-04T12:00:00Z,order-api,73.0,43.8,3385,73.7,1,186.18,253.88,9494
2026-03-04T12:00:00Z,payment-service,45.8,31.6,1291,111.6,1,45.19,45.19,1937
2026-03-04T12:00:00Z,postgres-db,69.6,65.2,15529,31.1,0,124.23,279.52,15529
2026-03-04T12:00:00Z,recommendation-service,91.5,58.4,3731,83.3,1,167.89,354.44,4098
2026-03-04T12:00:00Z,redis-cache,47.3,38.0,24656,3.2,0,295.87,369.84,0
2026-03-04T13:00:00Z,api-gateway,52.4,38.7,5056,30.1,0,430.38,604.32,0
2026-03-04T13:00:00Z,notification-service,35.3,29.1,1482,29.8,1,44.46,96.33,590
2026-03-04T13:00:00Z,object-storage,5.6,11.6,467,20.1,0,65.32,102.92,0
2026-03-04T13:00:00Z,order-api,72.9,41.3,3289,74.6,1,180.9,246.67,9201
2026-03-04T13:00:00Z,payment-service,44.4,31.6,1251,105.2,0,43.79,43.79,1866
2026-03-04T13:00:00Z,postgres-db,68.1,65.1,15053,30.9,0,120.42,270.95,15053
2026-03-04T13:00:00Z,recommendation-service,90.7,59.0,3634,81.8,1,163.53,345.23,3986
2026-03-04T13:00:00Z,redis-cache,45.4,38.1,23977,3.2,0,287.72,359.65,0
2026-03-04T14:00:00Z,api-gateway,53.8,40.3,5325,31.5,1,454.62,638.83,0
2026-03-04T14:00:00Z,notification-service,34.1,27.6,1560,29.3,0,46.8,101.4,628
2026-03-04T14:00:00Z,object-storage,6.0,12.0,470,20.2,0,73.5,113.44,0
2026-03-04T14:00:00Z,order-api,73.5,40.9,3469,78.3,1,190.79,260.18,9704
2026-03-04T14:00:00Z,payment-service,45.8,31.7,1317,108.9,1,46.1,46.1,1982
2026-03-04T14:00:00Z,postgres-db,71.5,64.5,15901,33.3,0,127.21,286.22,15901
2026-03-04T14:00:00Z,recommendation-service,95.7,56.7,3841,84.2,0,172.84,364.89,4215
2026-03-04T14:00:00Z,redis-cache,47.7,37.7,25343,3.2,0,304.12,380.14,0
2026-03-04T15:00:00Z,api-gateway,54.5,40.2,5325,30.6,1,451.32,639.92,0
2026-03-04T15:00:00Z,notification-service,35.3,27.1,1555,30.0,1,46.65,101.08,617
2026-03-04T15:00:00Z,object-storage,6.1,11.7,457,22.5,0,64.08,117.4,0
2026-03-04T15:00:00Z,order-api,74.5,43.3,3457,76.7,0,190.13,259.27,9695
2026-03-04T15:00:00Z,payment-service,45.2,33.1,1313,108.7,0,45.96,45.96,1971
2026-03-04T15:00:00Z,postgres-db,68.4,63.6,15874,32.5,0,126.99,285.73,15874
2026-03-04T15:00:00Z,recommendation-service,93.7,56.7,3834,81.5,1,172.53,364.23,4208
2026-03-04T15:00:00Z,redis-cache,46.8,38.6,25224,3.7,0,302.69,378.36,0
2026-03-04T16:00:00Z,api-gateway,49.7,39.2,4905,30.6,1,415.0,589.92,0
2026-03-04T16:00:00Z,notification-service,32.2,27.9,1429,32.7,0,42.87,92.89,574
2026-03-04T16:00:00Z,object-storage,5.6,12.0,438,20.5,0,64.34,112.37,0
2026-03-04T16:00:00Z,order-api,69.0,40.3,3193,73.6,1,175.62,239.47,8955
2026-03-04T16:00:00Z,payment-service,44.2,32.3,1208,107.6,1,42.28,42.28,1805
2026-03-04T16:00:00Z,postgres-db,64.9,63.7,14651,29.5,0,117.21,263.72,14651
2026-03-04T16:00:00Z,recommendation-service,89.3,58.9,3535,80.3,0,159.07,335.82,3891
2026-03-04T16:00:00Z,redis-cache,46.1,38.0,23284,3.4,0,279.41,349.26,0
2026-03-04T17:00:00Z,api-gateway,51.8,38.6,5002,30.1,0,425.29,598.62,0
2026-03-04T17:00:00Z,notification-service,34.4,27.3,1460,34.1,0,43.8,94.9,582
2026-03-04T17:00:00Z,object-storage,6.2,12.3,437,21.7,0,67.36,108.92,0
2026-03-04T17:00:00Z,order-api,72.1,41.5,3260,75.1,1,179.3,244.5,9138
2026-03-04T17:00:00Z,payment-service,42.7,30.9,1241,106.2,0,43.44,43.44,1868
2026-03-04T17:00:00Z,postgres-db,67.2,62.9,14970,29.5,0,119.76,269.46,14970
2026-03-04T17:00:00Z,recommendation-service,92.7,57.6,3596,80.0,1,161.82,341.62,3964
2026-03-04T17:00:00Z,redis-cache,46.3,37.6,23773,3.4,0,285.28,356.59,0
2026-03-04T18:00:00Z,api-gateway,47.2,36.7,4485,28.7,2,382.17,540.33,0
2026-03-04T18:00:00Z,notification-service,32.3,28.3,1314,34.7,1,39.42,85.41,527
2026-03-04T18:00:00Z,object-storage,5.7,12.2,398,23.2,0,55.75,90.51,0
2026-03-04T18:00:00Z,order-api,66.8,41.8,2920,72.4,0,160.6,219.0,8164
2026-03-04T18:00:00Z,payment-service,40.4,32.2,1108,103.5,1,38.78,38.78,1655
2026-03-04T18:00:00Z,postgres-db,60.4,63.2,13381,28.1,0,107.05,240.86,13381
2026-03-04T18:00:00Z,recommendation-service,83.4,56.4,3240,76.4,1,145.8,307.8,3562
2026-03-04T18:00:00Z,redis-cache,42.1,39.0,21299,3.6,0,255.59,319.49,0
2026-03-04T19:00:00Z,api-gateway,33.2,30.3,2402,22.6,0,202.17,286.18,0
2026-03-04T19:00:00Z,notification-service,24.1,29.1,715,33.9,1,21.45,46.48,287
2026-03-04T19:00:00Z,object-storage,6.1,12.3,394,23.0,0,58.84,91.11,0
2026-03-04T19:00:00Z,order-api,46.8,41.4,1576,57.1,1,86.68,118.2,4413
2026-03-04T19:00:00Z,payment-service,27.8,30.8,602,83.3,1,21.07,21.07,911
2026-03-04T19:00:00Z,postgres-db,44.0,63.3,7234,23.0,0,57.87,130.21,7234
2026-03-04T19:00:00Z,recommendation-service,62.3,57.1,1725,64.9,0,77.62,163.88,1910
2026-03-04T19:00:00Z,redis-cache,27.9,37.6,11417,3.9,0,137.0,171.25,0
2026-03-04T20:00:00Z,api-gateway,30.9,29.5,2152,22.1,1,184.9,259.3,0
2026-03-04T20:00:00Z,notification-service,21.7,27.0,620,29.6,1,18.6,40.3,249
2026-03-04T20:00:00Z,object-storage,6.1,12.3,342,22.2,0,44.02,81.96,0
2026-03-04T20:00:00Z,order-api,42.1,43.8,1390,56.0,0,76.45,104.25,3905
2026-03-04T20:00:00Z,payment-service,26.0,32.5,524,85.0,0,18.34,18.34,794
2026-03-04T20:00:00Z,postgres-db,42.9,64.0,6407,21.5,0,51.26,115.33,6407
2026-03-04T20:00:00Z,recommendation-service,56.9,59.6,1548,61.2,1,69.66,147.06,1708
2026-03-04T20:00:00Z,redis-cache,28.7,37.4,10191,3.2,0,122.29,152.86,0
2026-03-04T21:00:00Z,api-gateway,32.5,30.5,1953,24.0,1,167.94,236.86,0
2026-03-04T21:00:00Z,notification-service,20.5,27.1,565,33.2,0,16.95,36.73,229
2026-03-04T21:00:00Z,object-storage,5.7,11.6,296,22.3,0,41.41,68.27,0
2026-03-04T21:00:00Z,order-api,39.8,42.3,1262,51.9,1,69.41,94.65,3532
2026-03-04T21:00:00Z,payment-service,26.2,31.7,480,82.5,0,16.8,16.8,729
2026-03-04T21:00:00Z,postgres-db,38.7,64.3,5814,21.1,0,46.51,104.65,5814
2026-03-04T21:00:00Z,recommendation-service,55.1,58.8,1410,58.3,0,63.45,133.95,1553
2026-03-04T21:00:00Z,redis-cache,25.5,37.9,9252,3.6,0,111.02,138.78,0
2026-03-04T22:00:00Z,api-gateway,29.1,28.7,1694,21.2,2,142.59,205.11,0
2026-03-04T22:00:00Z,notification-service,18.6,28.2,500,32.9,0,15.0,32.5,202
2026-03-04T22:00:00Z,object-storage,6.2,12.0,259,22.9,0,42.18,62.88,0
2026-03-04T22:00:00Z,order-api,38.4,44.0,1091,55.0,1,60.01,81.83,3063
2026-03-04T22:00:00Z,payment-service,24.2,32.2,419,79.5,0,14.67,14.67,632
2026-03-04T22:00:00Z,postgres-db,36.5,64.2,5019,22.3,0,40.15,90.34,5019
2026-03-04T22:00:00Z,recommendation-service,53.2,57.9,1209,60.2,0,54.41,114.86,1324
2026-03-04T22:00:00Z,redis-cache,23.2,37.2,7948,3.9,0,95.38,119.22,0
2026-03-04T23:00:00Z,api-gateway,27.1,27.8,1521,22.7,1,129.81,182.95,0
2026-03-04T23:00:00Z,notification-service,19.0,26.6,457,31.4,1,13.71,29.71,178
2026-03-04T23:00:00Z,object-storage,5.7,12.2,228,23.5,0,32.46,54.11,0
2026-03-04T23:00:00Z,order-api,35.3,40.6,999,50.4,0,54.95,74.92,2788
2026-03-04T23:00:00Z,payment-service,24.2,31.3,375,77.1,1,13.13,13.13,559
2026-03-04T23:00:00Z,postgres-db,36.3,65.3,4560,21.2,0,36.48,82.08,4560
2026-03-04T23:00:00Z,recommendation-service,51.9,57.7,1097,56.4,0,49.36,104.22,1213
2026-03-04T23:00:00Z,redis-cache,22.6,37.2,7233,3.1,0,86.8,108.49,0
2026-03-05T00:00:00Z,api-gateway,20.7,26.4,578,18.0,1,50.57,68.31,0
2026-03-05T00:00:00Z,notification-service,14.4,26.5,165,34.5,1,4.95,10.72,65
2026-03-05T00:00:00Z,object-storage,5.9,11.8,197,20.9,0,26.38,50.97,0
2026-03-05T00:00:00Z,order-api,29.5,42.2,374,44.4,0,20.57,28.05,1065
2026-03-05T00:00:00Z,payment-service,17.4,32.3,145,70.9,1,5.08,5.08,218
2026-03-05T00:00:00Z,postgres-db,27.0,63.6,1749,17.0,0,13.99,31.48,1749
2026-03-05T00:00:00Z,recommendation-service,39.4,57.2,416,51.0,1,18.72,39.52,466
2026-03-05T00:00:00Z,redis-cache,16.1,38.6,2719,3.8,0,32.63,40.78,0
2026-03-05T01:00:00Z,api-gateway,21.3,24.9,548,20.1,1,46.09,64.34,0
2026-03-05T01:00:00Z,notification-service,13.6,27.0,163,32.0,0,4.89,10.6,63
2026-03-05T01:00:00Z,object-storage,6.5,12.0,217,23.2,0,28.01,55.76,0
2026-03-05T01:00:00Z,order-api,26.3,43.1,353,48.0,1,19.41,26.47,995
2026-03-05T01:00:00Z,payment-service,18.8,32.9,130,68.6,1,4.55,4.55,188
2026-03-05T01:00:00Z,postgres-db,24.9,62.6,1601,17.7,0,12.81,28.82,1601
2026-03-05T01:00:00Z,recommendation-service,39.0,58.5,389,50.3,1,17.5,36.95,418
2026-03-05T01:00:00Z,redis-cache,16.2,37.5,2546,3.7,0,30.55,38.19,0
2026-03-05T02:00:00Z,api-gateway,22.6,24.8,559,19.3,0,48.88,68.98,0
2026-03-05T02:00:00Z,notification-service,13.3,28.4,162,30.9,0,4.86,10.53,62
2026-03-05T02:00:00Z,object-storage,6.3,11.5,194,20.2,0,33.14,50.89,0
2026-03-05T02:00:00Z,order-api,26.1,43.1,373,44.2,1,20.52,27.97,1042
2026-03-05T02:00:00Z,payment-service,17.0,31.9,145,72.0,1,5.08,5.08,227
2026-03-05T02:00:00Z,postgres-db,28.8,64.1,1696,17.0,0,13.57,30.53,1696
2026-03-05T02:00:00Z,recommendation-service,39.3,57.2,401,50.7,1,18.04,38.09,427
2026-03-05T02:00:00Z,redis-cache,16.7,38.8,2700,3.9,0,32.4,40.5,0
2026-03-05T03:00:00Z,api-gateway,20.5,24.9,556,18.2,1,48.98,69.7,0
2026-03-05T03:00:00Z,notification-service,15.4,29.2,159,32.3,0,4.77,10.34,60
2026-03-05T03:00:00Z,object-storage,5.8,11.9,200,20.0,0,31.52,49.08,0
2026-03-05T03:00:00Z,order-api,25.7,42.6,365,46.9,1,20.07,27.38,1007
2026-03-05T03:00:00Z,payment-service,19.6,32.9,134,71.5,1,4.69,4.69,199
2026-03-05T03:00:00Z,postgres-db,26.7,63.4,1636,18.2,0,13.09,29.45,1636
2026-03-05T03:00:00Z,recommendation-service,39.2,57.4,392,49.5,1,17.64,37.24,430
2026-03-05T03:00:00Z,redis-cache,16.5,37.7,2605,3.7,0,31.26,39.07,0
2026-03-05T04:00:00Z,api-gateway,22.9,26.2,573,18.6,2,49.34,68.99,0
2026-03-05T04:00:00Z,notification-service,13.7,28.0,174,34.3,0,5.22,11.31,72
2026-03-05T04:00:00Z,object-storage,6.1,12.4,197,21.7,0,29.75,55.9,0
2026-03-05T04:00:00Z,order-api,27.6,42.0,369,46.0,1,20.3,27.68,1026
2026-03-05T04:00:00Z,payment-service,17.1,32.1,142,66.3,1,4.97,4.97,205
2026-03-05T04:00:00Z,postgres-db,27.7,64.1,1704,18.3,0,13.63,30.67,1704
2026-03-05T04:00:00Z,recommendation-service,37.7,57.9,421,49.6,1,18.95,39.99,473
2026-03-05T04:00:00Z,redis-cache,17.2,38.2,2709,3.1,0,32.51,40.63,0
2026-03-05T05:00:00Z,api-gateway,21.0,25.1,662,19.1,2,58.11,77.02,0
2026-03-05T05:00:00Z,notification-service,14.5,28.8,193,31.6,1,5.79,12.54,78
2026-03-05T05:00:00Z,object-storage,5.7,12.3,250,23.7,0,33.41,68.08,0
2026-03-05T05:00:00Z,order-api,28.7,40.8,437,46.5,0,24.04,32.77,1228
2026-03-05T05:00:00Z,payment-service,19.5,31.7,160,67.2,1,5.6,5.6,237
2026-03-05T05:00:00Z,postgres-db,27.3,63.0,1984,19.5,0,15.87,35.71,1984
2026-03-05T05:00:00Z,recommendation-service,40.5,59.5,475,50.5,0,21.38,45.12,519
2026-03-05T05:00:00Z,redis-cache,17.8,37.6,3160,4.0,0,37.92,47.4,0
2026-03-05T06:00:00Z,api-gateway,23.5,27.1,716,20.1,1,62.83,84.73,0
2026-03-05T06:00:00Z,notification-service,15.8,28.2,213,34.4,1,6.39,13.85,83
2026-03-05T06:00:00Z,object-storage,6.1,11.6,278,20.2,0,41.55,63.29,0
2026-03-05T06:00:00Z,order-api,27.8,43.4,459,43.7,1,25.25,34.42,1292
2026-03-05T06:00:00Z,payment-service,19.1,32.2,170,74.1,0,5.95,5.95,245
2026-03-05T06:00:00Z,postgres-db,26.7,63.7,2109,19.4,0,16.87,37.96,2109
2026-03-05T06:00:00Z,recommendation-service,39.0,57.5,512,53.3,0,23.04,48.64,572
2026-03-05T06:00:00Z,redis-cache,19.2,38.6,3380,3.2,0,40.56,50.7,0
2026-03-05T07:00:00Z,api-gateway,24.6,27.2,827,19.2,1,70.7,96.31,0
2026-03-05T07:00:00Z,notification-service,14.5,28.2,237,31.9,1,7.11,15.41,91
2026-03-05T07:00:00Z,object-storage,6.2,11.7,314,20.3,0,47.58,73.01,0
2026-03-05T07:00:00Z,order-api,29.7,41.2,545,44.7,1,29.98,40.88,1511
2026-03-05T07:00:00Z,payment-service,19.0,30.7,207,73.8,0,7.25,7.25,309
2026-03-05T07:00:00Z,postgres-db,27.7,64.2,2465,17.1,0,19.72,44.37,2465
2026-03-05T07:00:00Z,recommendation-service,41.9,56.9,597,52.4,0,26.86,56.72,645
2026-03-05T07:00:00Z,redis-cache,18.0,38.0,3952,3.8,0,47.42,59.28,0
2026-03-05T08:00:00Z,api-gateway,24.7,26.6,930,19.9,0,79.43,108.75,0
2026-03-05T08:00:00Z,notification-service,16.0,27.3,263,31.9,1,7.89,17.09,101
2026-03-05T08:00:00Z,object-storage,5.5,12.1,356,22.7,0,45.84,80.02,0
2026-03-05T08:00:00Z,order-api,32.9,42.5,598,50.9,0,32.89,44.85,1660
2026-03-05T08:00:00Z,payment-service,21.1,31.1,219,71.3,1,7.67,7.67,335
2026-03-05T08:00:00Z,postgres-db,28.2,64.6,2730,17.6,0,21.84,49.14,2730
2026-03-05T08:00:00Z,recommendation-service,41.1,59.8,660,56.8,1,29.7,62.7,735
2026-03-05T08:00:00Z,redis-cache,18.4,37.4,4355,3.5,0,52.26,65.33,0
2026-03-05T09:00:00Z,api-gateway,24.9,26.0,976,20.9,0,82.51,115.75,0
2026-03-05T09:00:00Z,notification-service,15.6,29.4,292,32.0,1,8.76,18.98,118
2026-03-05T09:00:00Z,object-storage,6.4,12.3,381,20.1,0,53.42,85.95,0
2026-03-05T09:00:00Z,order-api,32.3,43.5,644,45.6,1,35.42,48.3,1809
2026-03-05T09:00:00Z,payment-service,20.2,33.4,240,69.8,0,8.4,8.4,367
2026-03-05T09:00:00Z,postgres-db,29.8,64.1,2934,18.4,0,23.47,52.81,2934
2026-03-05T09:00:00Z,recommendation-service,42.3,58.0,703,54.4,1,31.63,66.78,758
2026-03-05T09:00:00Z,redis-cache,19.2,37.7,4664,3.4,0,55.97,69.96,0
2026-03-05T10:00:00Z,api-gateway,25.5,26.2,1049,20.3,2,89.61,126.63,0
2026-03-05T10:00:00Z,notification-service,17.6,28.7,299,33.6,1,8.97,19.44,118
2026-03-05T10:00:00Z,object-storage,5.9,12.4,390,23.6,0,61.2,92.62,0
2026-03-05T10:00:00Z,order-api,31.1,40.6,673,51.6,1,37.02,50.48,1877
2026-03-05T10:00:00Z,payment-service,20.1,30.9,256,73.9,1,8.96,8.96,391
2026-03-05T10:00:00Z,postgres-db,29.9,65.3,3107,20.4,0,24.86,55.93,3107
2026-03-05T10:00:00Z,recommendation-service,45.2,58.1,750,52.9,1,33.75,71.25,839
2026-03-05T10:00:00Z,redis-cache,20.7,38.9,4911,3.1,0,58.93,73.66,0
2026-03-05T11:00:00Z,api-gateway,24.9,28.0,1180,21.3,0,100.57,139.99,0
2026-03-05T11:00:00Z,notification-service,16.6,27.9,340,30.5,0,10.2,22.1,131
2026-03-05T11:00:00Z,object-storage,5.9,11.8,452,22.4,0,66.36,109.7,0
2026-03-05T11:00:00Z,order-api,34.1,41.4,758,50.7,0,41.69,56.85,2122
2026-03-05T11:00:00Z,payment-service,22.4,31.6,289,77.5,0,10.12,10.12,426
2026-03-05T11:00:00Z,postgres-db,33.4,65.5,3471,20.2,0,27.77,62.48,3471
2026-03-05T11:00:00Z,recommendation-service,44.0,59.1,842,53.0,0,37.89,79.99,923
2026-03-05T11:00:00Z,redis-cache,22.6,39.0,5506,3.9,0,66.07,82.59,0
2026-03-05T12:00:00Z,api-gateway,27.0,27.6,1214,20.9,2,101.36,148.66,0
2026-03-05T12:00:00Z,notification-service,17.1,27.0,353,32.5,1,10.59,22.95,138
2026-03-05T12:00:00Z,object-storage,5.8,12.2,453,23.6,0,68.73,114.8,0
2026-03-05T12:00:00Z,order-api,33.4,42.9,789,50.2,1,43.4,59.17,2214
2026-03-05T12:00:00Z,payment-service,21.2,31.7,292,73.2,1,10.22,10.22,437
2026-03-05T12:00:00Z,postgres-db,32.7,64.7,3620,18.5,0,28.96,65.16,3620
2026-03-05T12:00:00Z,recommendation-service,46.8,56.2,872,56.3,0,39.24,82.84,969
2026-03-05T12:00:00Z,redis-cache,23.0,38.4,5777,3.1,0,69.32,86.66,0
2026-03-05T13:00:00Z,api-gateway,25.9,27.3,1210,21.1,1,104.01,145.27,0
2026-03-05T13:00:00Z,notification-service,16.7,28.3,367,31.9,0,11.01,23.86,142
2026-03-05T13:00:00Z,object-storage,5.7,12.0,457,22.5,0,66.13,116.14,0
2026-03-05T13:00:00Z,order-api,33.5,41.5,799,51.6,1,43.95,59.92,2239
2026-03-05T13:00:00Z,payment-service,21.1,33.1,306,72.6,1,10.71,10.71,457
2026-03-05T13:00:00Z,postgres-db,31.7,64.4,3637,18.9,0,29.1,65.47,3637
2026-03-05T13:00:00Z,recommendation-service,47.3,57.8,866,56.9,0,38.97,82.27,941
2026-03-05T13:00:00Z,redis-cache,22.8,38.1,5777,3.0,0,69.32,86.66,0
2026-03-05T14:00:00Z,api-gateway,26.6,26.6,1214,22.1,2,104.54,144.47,0
2026-03-05T14:00:00Z,notification-service,18.0,28.3,360,29.7,1,10.8,23.4,145
2026-03-05T14:00:00Z,object-storage,6.0,12.2,474,23.7,0,70.65,107.93,0
2026-03-05T14:00:00Z,order-api,32.2,41.7,801,48.1,1,44.05,60.07,2247
2026-03-05T14:00:00Z,payment-service,22.4,32.9,307,72.7,0,10.75,10.75,462
2026-03-05T14:00:00Z,postgres-db,32.7,64.2,3668,19.0,0,29.34,66.02,3668
2026-03-05T14:00:00Z,recommendation-service,44.9,57.2,884,55.5,0,39.78,83.98,959
2026-03-05T14:00:00Z,redis-cache,22.3,37.5,5810,3.5,0,69.72,87.15,0
2026-03-05T15:00:00Z,api-gateway,26.5,28.7,1258,20.7,0,107.18,151.08,0
2026-03-05T15:00:00Z,notification-service,17.1,28.7,373,32.7,0,11.19,24.25,145
2026-03-05T15:00:00Z,object-storage,5.8,12.2,465,23.7,0,71.15,117.7,0
2026-03-05T15:00:00Z,order-api,34.3,40.7,821,50.9,1,45.16,61.57,2317
2026-03-05T15:00:00Z,payment-service,20.7,32.4,304,72.1,1,10.64,10.64,461
2026-03-05T15:00:00Z,postgres-db,32.1,63.3,3772,20.6,0,30.18,67.9,3772
2026-03-05T15:00:00Z,recommendation-service,46.8,57.3,917,57.0,1,41.27,87.11,994
2026-03-05T15:00:00Z,redis-cache,22.0,37.6,6000,3.0,0,72.0,90.0,0
2026-03-05T16:00:00Z,api-gateway,27.2,27.6,1209,20.5,2,102.42,146.54,0
2026-03-05T16:00:00Z,notification-service,16.6,27.9,357,34.7,0,10.71,23.21,140
2026-03-05T16:00:00Z,object-storage,6.3,12.3,438,23.7,0,64.98,103.31,0
2026-03-05T16:00:00Z,order-api,33.1,42.9,795,48.8,1,43.73,59.62,2214
2026-03-05T16:00:00Z,payment-service,23.0,33.2,305,74.0,1,10.68,10.68,453
2026-03-05T16:00:00Z,postgres-db,33.2,65.1,3608,20.4,0,28.86,64.94,3608
2026-03-05T16:00:00Z,recommendation-service,48.1,58.5,859,58.1,1,38.66,81.61,941
2026-03-05T16:00:00Z,redis-cache,21.1,37.1,5760,3.4,0,69.12,86.4,0
2026-03-05T17:00:00Z,api-gateway,24.8,28.2,1152,21.6,1,99.02,136.1,0
2026-03-05T17:00:00Z,notification-service,16.9,26.9,337,29.9,0,10.11,21.91,129
2026-03-05T17:00:00Z,object-storage,6.0,11.7,437,21.4,0,60.64,99.95,0
2026-03-05T17:00:00Z,order-api,34.7,43.8,759,50.7,0,41.74,56.92,2134
2026-03-05T17:00:00Z,payment-service,22.3,32.1,287,70.6,1,10.05,10.05,434
2026-03-05T17:00:00Z,postgres-db,31.7,64.2,3486,18.9,0,27.89,62.75,3486
2026-03-05T17:00:00Z,recommendation-service,44.0,57.9,831,53.1,1,37.39,78.95,918
2026-03-05T17:00:00Z,redis-cache,20.9,37.4,5545,3.3,0,66.54,83.17,0
2026-03-05T18:00:00Z,api-gateway,24.5,26.3,1097,21.1,1,93.02,129.42,0
2026-03-05T18:00:00Z,notification-service,16.8,27.2,324,30.3,1,9.72,21.06,130
2026-03-05T18:00:00Z,object-storage,5.9,12.2,428,22.7,0,62.34,106.74,0
2026-03-05T18:00:00Z,order-api,33.4,40.4,712,46.4,0,39.16,53.4,1980
2026-03-05T18:00:00Z,payment-service,21.6,33.0,272,75.7,1,9.52,9.52,404
2026-03-05T18:00:00Z,postgres-db,31.7,62.9,3268,20.2,0,26.14,58.82,3268
2026-03-05T18:00:00Z,recommendation-service,46.0,58.7,797,55.7,1,35.87,75.72,884
2026-03-05T18:00:00Z,redis-cache,20.9,37.9,5255,3.7,0,63.06,78.83,0
2026-03-05T19:00:00Z,api-gateway,24.5,26.6,989,20.4,0,85.14,119.31,0
2026-03-05T19:00:00Z,notification-service,16.2,28.3,285,31.8,1,8.55,18.53,117
2026-03-05T19:00:00Z,object-storage,6.5,11.6,358,20.4,0,56.74,95.04,0
2026-03-05T19:00:00Z,order-api,29.9,43.3,631,50.1,0,34.7,47.32,1772
2026-03-05T19:00:00Z,payment-service,20.8,31.7,244,72.4,1,8.54,8.54,366
2026-03-05T19:00:00Z,postgres-db,30.6,64.9,2941,19.1,0,23.53,52.94,2941
2026-03-05T19:00:00Z,recommendation-service,43.4,57.4,723,56.7,1,32.53,68.69,803
2026-03-05T19:00:00Z,redis-cache,20.7,37.2,4653,3.9,0,55.84,69.8,0
2026-03-05T20:00:00Z,api-gateway,24.4,25.8,891,21.2,2,77.35,107.74,0
2026-03-05T20:00:00Z,notification-service,16.8,27.6,257,34.2,1,7.71,16.71,100
2026-03-05T20:00:00Z,object-storage,5.9,11.8,342,21.5,0,47.09,82.42,0
2026-03-05T20:00:00Z,order-api,29.0,40.6,564,47.8,0,31.02,42.3,1582
2026-03-05T20:00:00Z,payment-service,20.4,31.4,209,72.5,1,7.32,7.32,309
2026-03-05T20:00:00Z,postgres-db,31.7,63.7,2593,17.5,0,20.74,46.67,2593
2026-03-05T20:00:00Z,recommendation-service,42.5,59.9,652,53.2,0,29.34,61.94,702
2026-03-05T20:00:00Z,redis-cache,19.2,38.1,4177,3.1,0,50.12,62.66,0
2026-03-05T21:00:00Z,api-gateway,22.5,26.2,817,21.3,2,68.06,101.02,0
2026-03-05T21:00:00Z,notification-service,15.3,28.1,241,31.2,1,7.23,15.67,97
2026-03-05T21:00:00Z,object-storage,5.6,12.0,314,22.8,0,40.69,78.62,0
2026-03-05T21:00:00Z,order-api,28.6,40.3,536,44.5,1,29.48,40.2,1500
2026-03-05T21:00:00Z,payment-service,21.2,30.8,202,72.9,0,7.07,7.07,302
2026-03-05T21:00:00Z,postgres-db,29.2,63.6,2458,17.5,0,19.66,44.24,2458
2026-03-05T21:00:00Z,recommendation-service,42.2,57.7,595,51.7,1,26.77,56.52,656
2026-03-05T21:00:00Z,redis-cache,19.5,38.7,3925,3.2,0,47.1,58.88,0
2026-03-05T22:00:00Z,api-gateway,23.8,26.1,747,18.6,2,61.85,89.47,0
2026-03-05T22:00:00Z,notification-service,16.7,28.9,212,32.7,0,6.36,13.78,80
2026-03-05T22:00:00Z,object-storage,6.4,11.8,280,20.5,0,38.32,74.28,0
2026-03-05T22:00:00Z,order-api,31.2,40.3,492,47.7,1,27.06,36.9,1370
2026-03-05T22:00:00Z,payment-service,18.7,32.8,179,70.7,1,6.27,6.27,267
2026-03-05T22:00:00Z,postgres-db,30.4,64.7,2220,18.9,0,17.76,39.96,2220
2026-03-05T22:00:00Z,recommendation-service,40.6,59.8,543,54.9,0,24.43,51.59,583
2026-03-05T22:00:00Z,redis-cache,17.5,37.9,3591,3.2,0,43.09,53.86,0
2026-03-05T23:00:00Z,api-gateway,21.2,26.0,620,18.5,1,53.93,72.97,0
2026-03-05T23:00:00Z,notification-service,14.9,27.6,189,33.2,0,5.67,12.29,72
2026-03-05T23:00:00Z,object-storage,5.5,12.4,247,21.8,0,35.39,64.25,0
2026-03-05T23:00:00Z,order-api,28.1,43.2,409,48.3,0,22.5,30.67,1128
2026-03-05T23:00:00Z,payment-service,19.8,31.0,149,69.9,1,5.22,5.22,228
2026-03-05T23:00:00Z,postgres-db,28.1,64.8,1835,16.7,0,14.68,33.03,1835
2026-03-05T23:00:00Z,recommendation-service,39.0,58.6,440,50.4,1,19.8,41.8,479
2026-03-05T23:00:00Z,redis-cache,17.6,37.6,2923,3.7,0,35.08,43.84,0
2026-03-06T00:00:00Z,api-gateway,23.2,26.0,596,20.9,1,52.33,73.67,0
2026-03-06T00:00:00Z,notification-service,15.2,29.0,180,34.7,1,5.4,11.7,74
2026-03-06T00:00:00Z,object-storage,6.4,11.6,208,22.6,0,36.33,55.77,0
2026-03-06T00:00:00Z,order-api,26.8,40.4,382,46.7,0,21.01,28.65,1080
2026-03-06T00:00:00Z,payment-service,19.2,32.3,149,67.5,0,5.22,5.22,227
2026-03-06T00:00:00Z,postgres-db,25.7,63.8,1758,16.9,0,14.06,31.64,1758
2026-03-06T00:00:00Z,recommendation-service,39.1,58.7,421,54.0,0,18.95,39.99,451
2026-03-06T00:00:00Z,redis-cache,16.8,37.0,2765,3.1,0,33.18,41.48,0
2026-03-06T01:00:00Z,api-gateway,22.4,25.2,572,19.3,2,49.18,71.18,0
2026-03-06T01:00:00Z,notification-service,13.1,28.2,156,30.5,0,4.68,10.14,66
2026-03-06T01:00:00Z,object-storage,6.1,12.4,200,22.7,0,28.7,55.72,0
2026-03-06T01:00:00Z,order-api,27.2,43.6,365,47.3,0,20.07,27.38,1008
2026-03-06T01:00:00Z,payment-service,18.9,31.6,131,68.0,0,4.59,4.59,205
2026-03-06T01:00:00Z,postgres-db,26.9,62.9,1649,18.5,0,13.19,29.68,1649
2026-03-06T01:00:00Z,recommendation-service,38.4,58.0,406,54.4,1,18.27,38.57,436
2026-03-06T01:00:00Z,redis-cache,18.0,38.8,2647,3.7,0,31.76,39.7,0
2026-03-06T02:00:00Z,api-gateway,21.8,26.5,557,19.4,1,48.72,68.53,0
2026-03-06T02:00:00Z,notification-service,15.1,28.3,160,31.9,0,4.8,10.4,64
2026-03-06T02:00:00Z,object-storage,6.0,12.3,201,21.8,0,35.16,43.69,0
2026-03-06T02:00:00Z,order-api,27.7,40.0,370,230.4,1,20.35,27.75,1035
2026-03-06T02:00:00Z,payment-service,18.0,32.5,147,69.1,1,5.15,5.15,229
2026-03-06T02:00:00Z,postgres-db,96.5,63.1,24240,477.3,0,193.92,436.32,24240
2026-03-06T02:00:00Z,recommendation-service,65.3,59.8,391,358.0,0,17.59,37.15,22976
2026-03-06T02:00:00Z,redis-cache,17.9,38.5,2615,3.1,0,31.38,39.23,0
2026-03-06T03:00:00Z,api-gateway,20.2,24.8,532,20.3,2,45.05,64.91,0
2026-03-06T03:00:00Z,notification-service,15.3,28.9,153,33.6,1,4.59,9.95,59
2026-03-06T03:00:00Z,object-storage,5.6,11.9,184,22.8,0,29.39,47.85,0
2026-03-06T03:00:00Z,order-api,26.0,42.3,357,232.7,0,19.64,26.77,985
2026-03-06T03:00:00Z,payment-service,19.4,30.6,135,71.1,0,4.73,4.73,195
2026-03-06T03:00:00Z,postgres-db,94.1,63.2,23366,490.9,0,186.93,420.59,23366
2026-03-06T03:00:00Z,recommendation-service,69.0,59.2,372,356.6,0,16.74,35.34,22186
2026-03-06T03:00:00Z,redis-cache,16.9,39.0,2555,3.6,0,30.66,38.32,0
2026-03-06T04:00:00Z,api-gateway,20.9,26.5,608,19.9,2,49.74,72.88,0
2026-03-06T04:00:00Z,notification-service,13.9,27.1,174,33.8,1,5.22,11.31,74
2026-03-06T04:00:00Z,object-storage,5.7,12.2,227,20.2,0,34.4,52.32,0
2026-03-06T04:00:00Z,order-api,26.4,40.4,380,235.9,1,20.9,28.5,1060
2026-03-06T04:00:00Z,payment-service,19.0,31.1,148,71.1,1,5.18,5.18,220
2026-03-06T04:00:00Z,postgres-db,94.7,63.2,27360,437.2,0,218.88,492.48,27360
2026-03-06T04:00:00Z,recommendation-service,67.8,56.2,448,389.4,0,20.16,42.56,26080
2026-03-06T04:00:00Z,redis-cache,17.9,37.4,2871,3.8,0,34.45,43.06,0
2026-03-06T05:00:00Z,api-gateway,23.2,26.4,642,18.2,2,56.27,75.1,0
2026-03-06T05:00:00Z,notification-service,15.8,27.9,183,30.0,0,5.49,11.89,77
2026-03-06T05:00:00Z,object-storage,6.3,12.1,244,22.4,0,31.48,66.38,0
2026-03-06T05:00:00Z,order-api,28.3,40.5,425,223.4,1,23.38,31.88,1193
2026-03-06T05:00:00Z,payment-service,19.2,31.5,156,72.4,0,5.46,5.46,225
2026-03-06T05:00:00Z,postgres-db,95.6,63.7,28938,477.4,0,231.5,520.88,28938
2026-03-06T05:00:00Z,recommendation-service,72.4,57.5,467,358.0,0,21.02,44.37,27520
2026-03-06T05:00:00Z,redis-cache,17.0,38.4,3068,3.1,0,36.82,46.02,0
2026-03-06T06:00:00Z,api-gateway,24.0,26.1,740,21.3,1,64.25,87.48,0
2026-03-06T06:00:00Z,notification-service,16.1,26.6,226,31.7,1,6.78,14.69,94
2026-03-06T06:00:00Z,object-storage,6.3,11.9,273,21.9,0,41.44,73.64,0
2026-03-06T06:00:00Z,order-api,30.2,41.0,487,228.6,1,26.79,36.52,1379
2026-03-06T06:00:00Z,payment-service,19.4,30.5,179,74.8,0,6.27,6.27,267
2026-03-06T06:00:00Z,postgres-db,92.7,64.7,32469,452.2,0,259.75,584.44,32469
2026-03-06T06:00:00Z,recommendation-service,69.5,58.1,539,365.0,1,24.25,51.2,30823
2026-03-06T06:00:00Z,redis-cache,18.6,37.6,3521,3.7,0,42.25,52.81,0
2026-03-06T07:00:00Z,api-gateway,22.7,25.3,779,19.7,0,68.0,93.73,0
2026-03-06T07:00:00Z,notification-service,14.9,28.0,223,32.2,0,6.69,14.5,91
2026-03-06T07:00:00Z,object-storage,6.0,11.8,299,22.5,0,45.2,78.54,0
2026-03-06T07:00:00Z,order-api,30.9,40.3,515,242.8,1,28.32,38.62,1424
2026-03-06T07:00:00Z,payment-service,20.8,30.8,198,70.5,1,6.93,6.93,294
2026-03-06T07:00:00Z,postgres-db,93.0,64.2,32990,485.9,0,263.92,593.82,32990
2026-03-06T07:00:00Z,recommendation-service,68.8,56.3,553,360.1,0,24.88,52.54,31272
2026-03-06T07:00:00Z,redis-cache,18.2,38.4,3699,3.3,0,44.39,55.48,0
2026-03-06T08:00:00Z,api-gateway,22.8,27.5,922,20.2,0,79.96,109.37,0
2026-03-06T08:00:00Z,notification-service,15.3,28.0,268,34.8,1,8.04,17.42,102
2026-03-06T08:00:00Z,object-storage,6.0,11.7,339,23.7,0,52.07,81.1,0
2026-03-06T08:00:00Z,order-api,29.6,41.1,612,229.9,0,33.66,45.9,1728
2026-03-06T08:00:00Z,payment-service,19.8,33.4,234,73.1,0,8.19,8.19,347
2026-03-06T08:00:00Z,postgres-db,95.0,64.4,40406,482.3,0,323.25,727.31,40406
2026-03-06T08:00:00Z,recommendation-service,68.3,57.2,662,383.8,1,29.79,62.89,38331
2026-03-06T08:00:00Z,redis-cache,19.3,37.3,4419,3.8,0,53.03,66.28,0
2026-03-06T09:00:00Z,api-gateway,25.4,27.3,1030,19.5,0,85.71,122.5,0
2026-03-06T09:00:00Z,notification-service,17.7,26.9,300,32.3,0,9.0,19.5,119
2026-03-06T09:00:00Z,object-storage,5.9,11.6,400,20.2,0,57.25,95.82,0
2026-03-06T09:00:00Z,order-api,30.9,40.7,658,224.3,0,36.19,49.35,1835
2026-03-06T09:00:00Z,payment-service,20.9,31.0,248,71.7,1,8.68,8.68,370
2026-03-06T09:00:00Z,postgres-db,96.9,63.4,44923,473.0,0,359.38,808.61,44923
2026-03-06T09:00:00Z,recommendation-service,70.6,57.8,741,370.5,0,33.34,70.39,42718
2026-03-06T09:00:00Z,redis-cache,21.7,37.9,4843,3.7,0,58.12,72.64,0
2026-03-06T10:00:00Z,api-gateway,24.4,26.1,1055,20.8,1,90.36,124.12,0
2026-03-06T10:00:00Z,notification-service,17.9,28.8,300,29.5,0,9.0,19.5,124
2026-03-06T10:00:00Z,object-storage,6.1,12.2,392,23.0,0,53.57,91.78,0
2026-03-06T10:00:00Z,order-api,31.1,41.3,686,225.3,1,37.73,51.45,1937
2026-03-06T10:00:00Z,payment-service,22.0,31.6,255,72.5,0,8.93,8.93,379
2026-03-06T10:00:00Z,postgres-db,92.7,63.8,46426,474.0,0,371.41,835.67,46426
2026-03-06T10:00:00Z,recommendation-service,71.4,56.4,771,371.1,0,34.7,73.25,44110
2026-03-06T10:00:00Z,redis-cache,20.6,38.7,5016,4.0,0,60.19,75.24,0
2026-03-06T11:00:00Z,api-gateway,24.2,28.0,1143,21.9,0,97.39,136.94,0
2026-03-06T11:00:00Z,notification-service,16.1,27.8,320,34.5,0,9.6,20.8,125
2026-03-06T11:00:00Z,object-storage,6.4,12.0,430,23.1,0,58.78,98.35,0
2026-03-06T11:00:00Z,order-api,30.9,41.1,728,236.6,1,40.04,54.6,2037
2026-03-06T11:00:00Z,payment-service,21.3,32.0,282,75.9,0,9.87,9.87,415
2026-03-06T11:00:00Z,postgres-db,94.9,62.9,49189,493.4,0,393.51,885.4,49189
2026-03-06T11:00:00Z,recommendation-service,68.8,56.3,817,388.6,1,36.77,77.61,46737
2026-03-06T11:00:00Z,redis-cache,20.5,38.8,5309,3.1,0,63.71,79.63,0
2026-03-06T12:00:00Z,api-gateway,27.4,28.3,1236,21.6,0,105.8,149.45,0
2026-03-06T12:00:00Z,notification-service,17.9,26.6,352,33.9,0,10.56,22.88,144
2026-03-06T12:00:00Z,object-storage,5.7,11.6,449,20.5,0,62.75,116.38,0
2026-03-06T12:00:00Z,order-api,34.2,43.3,791,226.5,1,43.51,59.32,2209
2026-03-06T12:00:00Z,payment-service,23.2,30.8,298,72.2,0,10.43,10.43,440
2026-03-06T12:00:00Z,postgres-db,94.4,65.0,53728,453.4,0,429.82,967.1,53728
2026-03-06T12:00:00Z,recommendation-service,68.7,59.3,899,362.3,1,40.45,85.41,51079
2026-03-06T12:00:00Z,redis-cache,23.0,38.2,5864,3.8,0,70.37,87.96,0
2026-03-06T13:00:00Z,api-gateway,27.3,28.2,1276,19.8,0,109.63,153.2,0
2026-03-06T13:00:00Z,notification-service,17.4,28.6,361,31.2,1,10.83,23.46,143
2026-03-06T13:00:00Z,object-storage,5.7,11.9,496,21.5,0,66.26,112.62,0
2026-03-06T13:00:00Z,order-api,32.7,41.0,816,236.0,1,44.88,61.2,2294
2026-03-06T13:00:00Z,payment-service,21.5,33.2,316,73.0,0,11.06,11.06,465
2026-03-06T13:00:00Z,postgres-db,93.1,64.2,55336,444.4,0,442.69,996.05,55336
2026-03-06T13:00:00Z,recommendation-service,69.6,59.8,927,367.9,0,41.71,88.06,52577
2026-03-06T13:00:00Z,redis-cache,22.2,38.9,6054,3.1,0,72.65,90.81,0
2026-03-06T14:00:00Z,api-gateway,25.0,26.8,1220,20.0,2,104.52,146.74,0
2026-03-06T14:00:00Z,notification-service,18.8,26.9,352,34.0,1,10.56,22.88,138
2026-03-06T14:00:00Z,object-storage,6.1,11.8,466,23.2,0,67.57,110.33,0
2026-03-06T14:00:00Z,order-api,33.0,40.5,779,242.8,1,42.84,58.42,2173
2026-03-06T14:00:00Z,payment-service,22.0,31.4,295,77.7,0,10.33,10.33,433
2026-03-06T14:00:00Z,postgres-db,95.0,62.9,51993,437.6,0,415.94,935.87,51993
2026-03-06T14:00:00Z,recommendation-service,70.3,58.7,886,376.3,1,39.87,84.17,49387
2026-03-06T14:00:00Z,redis-cache,20.4,39.0,5790,3.3,0,69.48,86.85,0
2026-03-06T15:00:00Z,api-gateway,26.0,27.6,1245,20.4,2,104.26,147.9,0
2026-03-06T15:00:00Z,notification-service,17.1,29.2,354,31.3,0,10.62,23.01,140
2026-03-06T15:00:00Z,object-storage,5.5,12.1,465,23.4,0,65.49,117.45,0
2026-03-06T15:00:00Z,order-api,34.6,40.5,809,47.7,0,44.49,60.67,2247
2026-03-06T15:00:00Z,payment-service,23.6,31.6,310,76.8,0,10.85,10.85,467
2026-03-06T15:00:00Z,postgres-db,33.7,64.0,3679,19.0,0,29.43,66.22,3679
2026-03-06T15:00:00Z,recommendation-service,44.9,59.0,886,57.9,1,39.87,84.17,965
2026-03-06T15:00:00Z,redis-cache,22.9,38.1,5866,4.0,0,70.39,87.99,0
2026-03-06T16:00:00Z,api-gateway,26.7,27.5,1210,19.9,2,103.49,146.31,0
2026-03-06T16:00:00Z,notification-service,17.6,29.2,357,29.4,0,10.71,23.21,141
2026-03-06T16:00:00Z,object-storage,5.8,12.0,434,23.5,0,66.27,117.43,0
2026-03-06T16:00:00Z,order-api,33.7,43.4,788,49.9,0,43.34,59.1,2206
2026-03-06T16:00:00Z,payment-service,22.5,31.6,306,79.0,0,10.71,10.71,449
2026-03-06T16:00:00Z,postgres-db,32.2,62.8,3612,19.1,0,28.9,65.02,3612
2026-03-06T16:00:00Z,recommendation-service,47.5,57.4,860,57.5,0,38.7,81.7,957
2026-03-06T16:00:00Z,redis-cache,21.2,38.3,5706,3.2,0,68.47,85.59,0
2026-03-06T17:00:00Z,api-gateway,25.8,28.3,1133,20.5,1,96.6,137.81,0
2026-03-06T17:00:00Z,notification-service,16.9,27.1,331,33.8,1,9.93,21.52,130
2026-03-06T17:00:00Z,object-storage,5.9,12.0,437,20.8,0,60.39,105.86,0
2026-03-06T17:00:00Z,order-api,33.6,41.3,724,49.3,1,39.82,54.3,2020
2026-03-06T17:00:00Z,payment-service,21.0,31.8,276,74.2,1,9.66,9.66,419
2026-03-06T17:00:00Z,postgres-db,30.9,64.7,3341,18.1,0,26.73,60.14,3341
2026-03-06T17:00:00Z,recommendation-service,45.7,57.1,823,53.0,1,37.03,78.19,902
2026-03-06T17:00:00Z,redis-cache,19.9,37.7,5372,3.1,0,64.46,80.58,0
2026-03-06T18:00:00Z,api-gateway,24.2,26.2,1075,21.3,2,91.68,127.28,0
2026-03-06T18:00:00Z,notification-service,16.5,26.8,322,30.2,0,9.66,20.93,132
2026-03-06T18:00:00Z,object-storage,6.1,11.9,402,22.6,0,53.65,93.18,0
2026-03-06T18:00:00Z,order-api,33.6,41.9,712,51.7,1,39.16,53.4,1998
2026-03-06T18:00:00Z,payment-service,21.2,32.2,274,75.1,1,9.59,9.59,408
2026-03-06T18:00:00Z,postgres-db,33.0,62.7,3242,18.4,0,25.94,58.36,3242
2026-03-06T18:00:00Z,recommendation-service,43.2,58.7,765,54.0,0,34.42,72.67,836
2026-03-06T18:00:00Z,redis-cache,21.8,38.3,5125,3.3,0,61.5,76.88,0
2026-03-06T19:00:00Z,api-gateway,25.3,27.1,964,19.4,2,83.8,115.6,0
2026-03-06T19:00:00Z,notification-service,16.3,27.7,271,33.5,0,8.13,17.62,107
2026-03-06T19:00:00Z,object-storage,5.7,12.5,347,21.8,0,49.78,89.82,0
2026-03-06T19:00:00Z,order-api,32.6,40.3,612,48.7,1,33.66,45.9,1729
2026-03-06T19:00:00Z,payment-service,20.0,32.5,231,69.4,1,8.09,8.09,350
2026-03-06T19:00:00Z,postgres-db,32.3,65.3,2842,18.1,0,22.74,51.16,2842
2026-03-06T19:00:00Z,recommendation-service,41.7,58.9,685,57.0,1,30.82,65.08,763
2026-03-06T19:00:00Z,redis-cache,19.2,37.2,4519,3.8,0,54.23,67.78,0
2026-03-06T20:00:00Z,api-gateway,25.3,26.3,899,20.0,2,78.27,110.16,0
2026-03-06T20:00:00Z,notification-service,14.7,29.0,263,30.4,0,7.89,17.09,109
2026-03-06T20:00:00Z,object-storage,6.1,12.4,353,23.1,0,47.78,74.98,0
2026-03-06T20:00:00Z,order-api,30.4,42.9,597,49.9,0,32.84,44.77,1690
2026-03-06T20:00:00Z,payment-service,21.3,32.5,228,76.1,1,7.98,7.98,347
2026-03-06T20:00:00Z,postgres-db,28.7,65.1,2751,19.8,0,22.01,49.52,2751
2026-03-06T20:00:00Z,recommendation-service,42.8,57.2,641,56.8,0,28.84,60.9,714
2026-03-06T20:00:00Z,redis-cache,21.0,37.8,4293,4.0,0,51.52,64.39,0
2026-03-06T21:00:00Z,api-gateway,24.9,26.4,830,19.8,2,71.42,101.86,0
2026-03-06T21:00:00Z,notification-service,16.6,27.5,250,31.9,1,7.5,16.25,97
2026-03-06T21:00:00Z,object-storage,6.3,12.3,318,20.8,0,44.13,71.04,0
2026-03-06T21:00:00Z,order-api,31.5,42.8,549,47.5,0,30.2,41.17,1541
2026-03-06T21:00:00Z,payment-service,20.7,31.9,213,68.3,0,7.46,7.46,322
2026-03-06T21:00:00Z,postgres-db,27.9,63.0,2517,18.6,0,20.14,45.31,2517
2026-03-06T21:00:00Z,recommendation-service,43.0,56.5,600,53.1,1,27.0,57.0,654
2026-03-06T21:00:00Z,redis-cache,20.4,38.5,4023,3.8,0,48.28,60.34,0
2026-03-06T22:00:00Z,api-gateway,24.1,25.6,741,21.2,2,63.57,89.68,0
2026-03-06T22:00:00Z,notification-service,15.7,29.5,228,30.7,1,6.84,14.82,90
2026-03-06T22:00:00Z,object-storage,5.6,11.8,274,21.0,0,41.35,74.5,0
2026-03-06T22:00:00Z,order-api,31.3,40.8,493,48.1,0,27.11,36.98,1376
2026-03-06T22:00:00Z,payment-service,18.6,30.8,186,70.1,1,6.51,6.51,271
2026-03-06T22:00:00Z,postgres-db,29.5,63.1,2227,19.3,0,17.82,40.09,2227
2026-03-06T22:00:00Z,recommendation-service,40.6,59.7,538,52.8,1,24.21,51.11,580
2026-03-06T22:00:00Z,redis-cache,18.2,38.0,3599,3.1,0,43.19,53.98,0
2026-03-06T23:00:00Z,api-gateway,22.1,24.9,638,18.5,0,55.0,77.68,0
2026-03-06T23:00:00Z,notification-service,16.1,26.9,198,30.9,1,5.94,12.87,75
2026-03-06T23:00:00Z,object-storage,5.5,11.6,224,23.5,0,37.94,62.51,0
2026-03-06T23:00:00Z,order-api,29.1,42.9,421,44.7,0,23.16,31.57,1161
2026-03-06T23:00:00Z,payment-service,17.9,33.2,157,74.2,1,5.5,5.5,244
2026-03-06T23:00:00Z,postgres-db,27.3,63.6,1906,19.3,0,15.25,34.31,1906
2026-03-06T23:00:00Z,recommendation-service,40.6,56.2,461,50.9,1,20.75,43.8,501
2026-03-06T23:00:00Z,redis-cache,18.3,37.5,3063,3.5,0,36.76,45.95,0
2026-03-07T00:00:00Z,api-gateway,23.2,26.0,608,20.3,0,50.93,75.32,0
2026-03-07T00:00:00Z,notification-service,13.8,27.0,182,32.1,0,5.46,11.83,76
2026-03-07T00:00:00Z,object-storage,6.1,12.5,231,22.1,0,33.66,54.42,0
2026-03-07T00:00:00Z,order-api,29.8,43.1,389,43.8,1,21.39,29.17,1095
2026-03-07T00:00:00Z,payment-service,17.2,30.9,152,67.9,0,5.32,5.32,223
2026-03-07T00:00:00Z,postgres-db,28.2,64.0,1799,17.8,0,14.39,32.38,1799
2026-03-07T00:00:00Z,recommendation-service,39.0,60.0,442,54.7,0,19.89,41.99,481
2026-03-07T00:00:00Z,redis-cache,19.0,37.2,2899,3.1,0,34.79,43.48,0
2026-03-07T01:00:00Z,api-gateway,22.1,26.3,533,17.9,2,46.03,63.33,0
2026-03-07T01:00:00Z,notification-service,14.1,27.7,166,30.1,1,4.98,10.79,70
2026-03-07T01:00:00Z,object-storage,6.4,11.7,183,23.1,0,26.75,52.95,0
2026-03-07T01:00:00Z,order-api,29.0,43.3,349,43.4,0,19.2,26.18,990
2026-03-07T01:00:00Z,payment-service,18.0,33.4,135,70.3,0,4.73,4.73,211
2026-03-07T01:00:00Z,postgres-db,27.2,63.1,1640,16.3,0,13.12,29.52,1640
2026-03-07T01:00:00Z,recommendation-service,40.2,57.3,387,53.0,1,17.41,36.77,439
2026-03-07T01:00:00Z,redis-cache,16.9,37.1,2560,3.1,0,30.72,38.4,0
2026-03-07T02:00:00Z,api-gateway,21.6,25.5,546,20.3,0,47.15,63.31,0
2026-03-07T02:00:00Z,notification-service,13.4,26.9,161,34.4,1,4.83,10.46,64
2026-03-07T02:00:00Z,object-storage,5.5,11.6,196,20.2,0,25.69,48.91,0
2026-03-07T02:00:00Z,order-api,28.7,42.1,359,45.5,1,19.75,26.93,1004
2026-03-07T02:00:00Z,payment-service,18.0,32.8,137,72.1,1,4.8,4.8,204
2026-03-07T02:00:00Z,postgres-db,25.5,64.0,1643,18.0,0,13.14,29.57,1643
2026-03-07T02:00:00Z,recommendation-service,36.6,57.4,391,51.5,0,17.59,37.15,435
2026-03-07T02:00:00Z,redis-cache,16.8,37.9,2604,3.9,0,31.25,39.06,0
2026-03-07T03:00:00Z,api-gateway,21.8,25.1,534,18.6,0,45.4,61.76,0
2026-03-07T03:00:00Z,notification-service,15.5,29.4,161,32.6,0,4.83,10.46,65
2026-03-07T03:00:00Z,object-storage,5.9,12.2,219,22.8,0,27.89,45.82,0
2026-03-07T03:00:00Z,order-api,26.0,40.7,351,44.9,0,19.3,26.32,997
2026-03-07T03:00:00Z,payment-service,18.3,31.9,130,70.7,1,4.55,4.55,190
2026-03-07T03:00:00Z,postgres-db,28.4,62.8,1624,17.7,0,12.99,29.23,1624
2026-03-07T03:00:00Z,recommendation-service,40.0,56.7,395,49.8,1,17.77,37.52,437
2026-03-07T03:00:00Z,redis-cache,16.2,37.3,2540,3.5,0,30.48,38.1,0
2026-03-07T04:00:00Z,api-gateway,20.6,24.7,570,20.8,2,47.29,69.29,0
2026-03-07T04:00:00Z,notification-service,14.9,28.2,173,30.7,0,5.19,11.25,69
2026-03-07T04:00:00Z,object-storage,6.1,12.2,217,23.3,0,30.79,55.73,0
2026-03-07T04:00:00Z,order-api,27.4,42.5,374,47.5,0,20.57,28.05,1039
2026-03-07T04:00:00Z,payment-service,18.2,30.6,141,67.0,0,4.94,4.94,215
2026-03-07T04:00:00Z,postgres-db,28.5,62.7,1719,16.2,0,13.75,30.94,1719
2026-03-07T04:00:00Z,recommendation-service,38.8,59.4,421,52.5,0,18.95,39.99,465
2026-03-07T04:00:00Z,redis-cache,18.3,39.0,2760,3.8,0,33.12,41.4,0
2026-03-07T05:00:00Z,api-gateway,21.8,25.0,646,20.8,1,54.8,77.49,0
2026-03-07T05:00:00Z,notification-service,15.6,28.5,190,29.8,0,5.7,12.35,77
2026-03-07T05:00:00Z,object-storage,5.9,12.5,226,21.2,0,32.13,52.05,0
2026-03-07T05:00:00Z,order-api,27.9,42.8,433,43.5,0,23.82,32.48,1200
2026-03-07T05:00:00Z,payment-service,18.0,31.2,162,73.7,0,5.67,5.67,245
2026-03-07T05:00:00Z,postgres-db,29.3,64.5,1979,18.7,0,15.83,35.62,1979
2026-03-07T05:00:00Z,recommendation-service,40.4,56.5,473,51.2,1,21.29,44.94,534
2026-03-07T05:00:00Z,redis-cache,19.1,38.7,3166,3.6,0,37.99,47.49,0
2026-03-07T06:00:00Z,api-gateway,22.2,25.3,692,20.7,2,56.95,80.42,0
2026-03-07T06:00:00Z,notification-service,13.7,28.4,191,34.2,1,5.73,12.42,72
2026-03-07T06:00:00Z,object-storage,5.9,12.0,251,22.9,0,33.49,65.81,0
2026-03-07T06:00:00Z,order-api,29.2,40.5,447,44.8,0,24.59,33.52,1245
2026-03-07T06:00:00Z,payment-service,17.5,33.1,167,68.7,0,5.85,5.85,254
2026-03-07T06:00:00Z,postgres-db,29.5,62.8,2045,16.9,0,16.36,36.81,2045
2026-03-07T06:00:00Z,recommendation-service,40.9,58.8,498,55.2,0,22.41,47.31,546
2026-03-07T06:00:00Z,redis-cache,19.2,38.9,3280,3.8,0,39.36,49.2,0
2026-03-07T07:00:00Z,api-gateway,24.4,26.2,796,19.7,2,66.64,97.37,0
2026-03-07T07:00:00Z,notification-service,14.6,26.7,240,33.6,1,7.2,15.6,97
2026-03-07T07:00:00Z,object-storage,5.6,12.1,314,22.9,0,44.73,73.3,0
2026-03-07T07:00:00Z,order-api,29.7,40.3,512,46.4,1,28.16,38.4,1428
2026-03-07T07:00:00Z,payment-service,18.6,32.8,197,70.9,0,6.9,6.9,301
2026-03-07T07:00:00Z,postgres-db,27.2,62.9,2352,16.9,0,18.82,42.34,2352
2026-03-07T07:00:00Z,recommendation-service,41.0,57.8,571,55.5,1,25.7,54.24,623
2026-03-07T07:00:00Z,redis-cache,20.4,37.2,3773,3.3,0,45.28,56.59,0
2026-03-07T08:00:00Z,api-gateway,24.4,26.7,885,19.6,2,76.86,103.25,0
2026-03-07T08:00:00Z,notification-service,14.9,26.6,260,33.8,1,7.8,16.9,101
2026-03-07T08:00:00Z,object-storage,6.2,12.5,342,20.4,0,43.55,79.12,0
2026-03-07T08:00:00Z,order-api,30.6,43.7,568,48.9,0,31.24,42.6,1578
2026-03-07T08:00:00Z,payment-service,20.9,32.5,216,73.8,1,7.56,7.56,329
2026-03-07T08:00:00Z,postgres-db,30.8,62.9,2611,20.1,0,20.89,47.0,2611
2026-03-07T08:00:00Z,recommendation-service,41.2,57.2,634,51.2,0,28.53,60.23,704
2026-03-07T08:00:00Z,redis-cache,18.3,38.1,4143,3.5,0,49.72,62.14,0
2026-03-07T09:00:00Z,api-gateway,23.3,27.2,1003,19.4,0,86.2,120.08,0
2026-03-07T09:00:00Z,notification-service,16.5,27.8,307,31.2,1,9.21,19.96,123
2026-03-07T09:00:00Z,object-storage,5.9,11.8,376,22.0,0,53.58,91.01,0
2026-03-07T09:00:00Z,order-api,33.2,44.0,666,49.1,1,36.63,49.95,1869
2026-03-07T09:00:00Z,payment-service,21.2,31.6,253,71.7,1,8.86,8.86,383
2026-03-07T09:00:00Z,postgres-db,32.5,63.6,3053,17.8,0,24.42,54.95,3053
2026-03-07T09:00:00Z,recommendation-service,44.8,58.1,726,53.3,0,32.67,68.97,801
2026-03-07T09:00:00Z,redis-cache,21.4,37.2,4846,3.1,0,58.15,72.69,0
2026-03-07T10:00:00Z,api-gateway,26.9,27.9,1117,19.7,0,95.79,131.82,0
2026-03-07T10:00:00Z,notification-service,17.8,28.0,323,29.7,0,9.69,21.0,132
2026-03-07T10:00:00Z,object-storage,6.1,12.1,415,23.6,0,63.33,102.02,0
2026-03-07T10:00:00Z,order-api,34.4,40.5,732,47.6,0,40.26,54.9,2059
2026-03-07T10:00:00Z,payment-service,21.3,33.4,285,75.3,0,9.98,9.98,419
2026-03-07T10:00:00Z,postgres-db,32.0,64.9,3357,18.3,0,26.86,60.43,3357
2026-03-07T10:00:00Z,recommendation-service,43.4,56.6,805,54.8,1,36.23,76.47,879
2026-03-07T10:00:00Z,redis-cache,19.8,38.8,5335,3.9,0,64.02,80.02,0
2026-03-07T11:00:00Z,api-gateway,26.6,27.4,1174,20.8,1,99.59,143.08,0
2026-03-07T11:00:00Z,notification-service,33.3,26.9,340,34.6,0,10.2,1764.7,131
2026-03-07T11:00:00Z,object-storage,6.2,12.4,2230,21.8,0,66.71,1800.9,0
2026-03-07T11:00:00Z,order-api,34.6,42.7,757,49.0,0,41.63,56.77,2115
2026-03-07T11:00:00Z,payment-service,23.1,33.2,288,76.5,1,10.08,10.08,439
2026-03-07T11:00:00Z,postgres-db,32.7,63.1,3477,19.8,0,27.82,62.59,3477
2026-03-07T11:00:00Z,recommendation-service,46.3,59.2,850,57.2,1,38.25,80.75,923
2026-03-07T11:00:00Z,redis-cache,20.1,38.1,5565,3.2,0,66.78,83.47,0
2026-03-07T12:00:00Z,api-gateway,24.3,27.3,1167,20.7,2,98.46,138.58,0
2026-03-07T12:00:00Z,notification-service,30.8,26.7,333,31.8,0,9.99,1613.0,133
2026-03-07T12:00:00Z,object-storage,6.4,11.8,2227,23.9,0,65.0,1877.35,0
2026-03-07T12:00:00Z,order-api,31.6,40.7,746,47.3,0,41.03,55.95,2072
2026-03-07T12:00:00Z,payment-service,21.3,31.0,280,75.2,0,9.8,9.8,410
2026-03-07T12:00:00Z,postgres-db,33.5,62.9,3390,18.5,0,27.12,61.02,3390
2026-03-07T12:00:00Z,recommendation-service,45.2,57.3,829,55.3,0,37.3,78.75,908
2026-03-07T12:00:00Z,redis-cache,21.6,38.0,5474,3.8,0,65.69,82.11,0
2026-03-07T13:00:00Z,api-gateway,26.2,26.9,1276,21.6,0,110.33,152.36,0
2026-03-07T13:00:00Z,notification-service,31.5,26.9,377,32.3,0,11.31,1694.18,150
2026-03-07T13:00:00Z,object-storage,5.8,12.2,2296,21.4,0,66.74,1826.36,0
2026-03-07T13:00:00Z,order-api,35.8,42.2,843,50.0,1,46.37,63.22,2358
2026-03-07T13:00:00Z,payment-service,22.2,33.0,312,73.7,1,10.92,10.92,458
2026-03-07T13:00:00Z,postgres-db,34.0,64.3,3833,19.9,0,30.66,68.99,3833
2026-03-07T13:00:00Z,recommendation-service,47.2,58.4,929,58.8,0,41.8,88.25,1017
2026-03-07T13:00:00Z,redis-cache,22.9,38.1,6105,3.3,0,73.26,91.58,0
2026-03-07T14:00:00Z,api-gateway,25.8,27.5,1234,21.4,0,105.66,148.96,0
2026-03-07T14:00:00Z,notification-service,32.3,27.2,362,29.1,0,10.86,1593.13,149
2026-03-07T14:00:00Z,object-storage,6.1,11.8,2246,22.9,0,64.21,1781.5,0
2026-03-07T14:00:00Z,order-api,33.7,43.6,787,50.9,0,43.29,59.02,2219
2026-03-07T14:00:00Z,payment-service,22.8,32.1,302,77.4,1,10.57,10.57,444
2026-03-07T14:00:00Z,postgres-db,34.2,63.6,3637,18.7,0,29.1,65.47,3637
2026-03-07T14:00:00Z,recommendation-service,47.8,58.7,877,57.3,0,39.46,83.31,974
2026-03-07T14:00:00Z,redis-cache,22.3,37.0,5782,3.5,0,69.38,86.73,0
2026-03-07T15:00:00Z,api-gateway,26.8,27.0,1225,20.2,2,103.71,149.22,0
2026-03-07T15:00:00Z,notification-service,31.2,29.3,367,31.6,1,11.01,1722.07,144
2026-03-07T15:00:00Z,object-storage,5.9,12.3,2258,23.5,0,63.65,1810.03,0
2026-03-07T15:00:00Z,order-api,33.9,42.2,798,50.9,1,43.89,59.85,2241
2026-03-07T15:00:00Z,payment-service,20.8,30.9,304,71.7,0,10.64,10.64,457
2026-03-07T15:00:00Z,postgres-db,33.8,64.1,3675,18.9,0,29.4,66.15,3675
2026-03-07T15:00:00Z,recommendation-service,46.5,59.1,875,54.4,1,39.38,83.12,977
2026-03-07T15:00:00Z,redis-cache,21.6,38.9,5806,3.6,0,69.67,87.09,0
2026-03-07T16:00:00Z,api-gateway,25.1,26.7,1206,21.2,0,103.46,147.59,0
2026-03-07T16:00:00Z,notification-service,30.8,26.6,343,30.9,1,10.29,1501.01,132
2026-03-07T16:00:00Z,object-storage,5.9,11.8,2269,22.5,0,61.03,1879.63,0
2026-03-07T16:00:00Z,order-api,32.0,41.0,781,47.8,0,42.95,58.57,2191
2026-03-07T16:00:00Z,payment-service,21.7,32.9,290,75.4,1,10.15,10.15,431
2026-03-07T16:00:00Z,postgres-db,33.9,65.3,3565,20.4,0,28.52,64.17,3565
2026-03-07T16:00:00Z,recommendation-service,44.6,57.0,862,55.2,0,38.79,81.89,943
2026-03-07T16:00:00Z,redis-cache,22.4,38.3,5703,3.6,0,68.44,85.55,0
2026-03-07T17:00:00Z,api-gateway,24.4,27.8,1135,20.0,1,97.11,133.26,0
2026-03-07T17:00:00Z,notification-service,33.3,28.8,329,30.9,1,9.87,1508.96,134
2026-03-07T17:00:00Z,object-storage,5.8,11.9,2218,20.0,0,62.38,1628.66,0
2026-03-07T17:00:00Z,order-api,34.2,43.5,734,50.1,0,40.37,55.05,2072
2026-03-07T17:00:00Z,payment-service,21.5,31.5,283,72.0,0,9.91,9.91,426
2026-03-07T17:00:00Z,postgres-db,31.8,64.7,3377,19.2,0,27.02,60.79,3377
2026-03-07T17:00:00Z,recommendation-service,46.4,56.8,806,56.0,1,36.27,76.57,879
2026-03-07T17:00:00Z,redis-cache,22.0,37.1,5319,3.3,0,63.83,79.78,0
2026-03-07T18:00:00Z,api-gateway,26.3,27.0,1080,19.8,0,93.43,131.31,0
2026-03-07T18:00:00Z,notification-service,33.1,27.6,307,29.4,0,9.21,1566.23,118
2026-03-07T18:00:00Z,object-storage,6.1,12.3,2193,20.2,0,53.83,1687.07,0
2026-03-07T18:00:00Z,order-api,33.1,42.8,697,51.9,1,38.34,52.27,1944
2026-03-07T18:00:00Z,payment-service,22.6,32.3,266,73.2,0,9.31,9.31,398
2026-03-07T18:00:00Z,postgres-db,32.1,63.2,3196,19.9,0,25.57,57.53,3196
2026-03-07T18:00:00Z,recommendation-service,43.1,56.9,784,52.4,0,35.28,74.48,854
2026-03-07T18:00:00Z,redis-cache,20.4,38.5,5158,3.2,0,61.9,77.37,0
2026-03-07T19:00:00Z,api-gateway,24.3,27.1,1023,19.6,0,88.33,125.22,0
2026-03-07T19:00:00Z,notification-service,31.6,27.1,283,32.2,1,8.49,1471.3,111
2026-03-07T19:00:00Z,object-storage,6.4,12.4,2195,23.9,0,59.31,1640.7,0
2026-03-07T19:00:00Z,order-api,32.5,41.5,650,50.2,0,35.75,48.75,1837
2026-03-07T19:00:00Z,payment-service,19.9,32.9,243,74.4,1,8.51,8.51,374
2026-03-07T19:00:00Z,postgres-db,32.3,63.1,3046,18.7,0,24.37,54.83,3046
2026-03-07T19:00:00Z,recommendation-service,45.8,59.5,748,52.4,0,33.66,71.06,835
2026-03-07T19:00:00Z,redis-cache,20.7,39.0,4814,3.2,0,57.77,72.21,0
2026-03-07T20:00:00Z,api-gateway,22.7,26.6,897,21.0,1,76.28,107.63,0
2026-03-07T20:00:00Z,notification-service,30.8,28.4,263,31.6,0,7.89,1771.8,104
2026-03-07T20:00:00Z,object-storage,5.9,11.7,2129,20.9,0,50.09,1641.21,0
2026-03-07T20:00:00Z,order-api,30.0,41.5,581,49.0,1,31.96,43.57,1626
2026-03-07T20:00:00Z,payment-service,19.8,33.3,217,72.9,0,7.6,7.6,319
2026-03-07T20:00:00Z,postgres-db,31.7,63.6,2648,18.8,0,21.18,47.66,2648
2026-03-07T20:00:00Z,recommendation-service,44.0,57.6,638,52.8,1,28.71,60.61,703
2026-03-07T20:00:00Z,redis-cache,18.3,37.9,4197,3.4,0,50.36,62.95,0
2026-03-07T21:00:00Z,api-gateway,24.0,27.0,828,21.3,0,68.67,96.59,0
2026-03-07T21:00:00Z,notification-service,29.7,28.7,236,31.8,1,7.08,1753.05,97
2026-03-07T21:00:00Z,object-storage,6.0,12.3,2119,21.3,0,41.78,1948.97,0
2026-03-07T21:00:00Z,order-api,28.7,41.3,529,46.1,1,29.09,39.67,1488
2026-03-07T21:00:00Z,payment-service,20.2,33.5,197,75.6,1,6.9,6.9,300
2026-03-07T21:00:00Z,postgres-db,29.0,64.2,2451,18.9,0,19.61,44.12,2451
2026-03-07T21:00:00Z,recommendation-service,40.0,57.2,606,55.6,1,27.27,57.57,663
2026-03-07T21:00:00Z,redis-cache,19.3,38.5,3916,3.1,0,46.99,58.74,0
2026-03-07T22:00:00Z,api-gateway,22.9,25.8,703,20.0,0,61.53,81.42,0
2026-03-07T22:00:00Z,notification-service,30.0,29.2,211,29.6,0,6.33,1462.82,84
2026-03-07T22:00:00Z,object-storage,6.0,11.7,2071,20.3,0,42.72,1716.52,0
2026-03-07T22:00:00Z,order-api,30.3,41.4,466,46.2,1,25.63,34.95,1300
2026-03-07T22:00:00Z,payment-service,19.3,31.5,181,67.2,1,6.34,6.34,279
2026-03-07T22:00:00Z,postgres-db,29.9,65.4,2128,17.2,0,17.02,38.3,2128
2026-03-07T22:00:00Z,recommendation-service,42.0,57.3,497,53.5,1,22.36,47.22,549
2026-03-07T22:00:00Z,redis-cache,18.6,37.4,3340,3.1,0,40.08,50.1,0
2026-03-07T23:00:00Z,api-gateway,21.0,25.9,653,18.6,2,55.15,76.3,0
2026-03-07T23:00:00Z,notification-service,30.0,28.7,184,30.7,1,5.52,1730.13,73
2026-03-07T23:00:00Z,object-storage,5.8,12.1,2053,23.2,0,32.16,2049.98,0
2026-03-07T23:00:00Z,order-api,28.3,41.9,412,43.5,1,22.66,30.9,1168
2026-03-07T23:00:00Z,payment-service,17.6,31.8,150,71.7,0,5.25,5.25,227
2026-03-07T23:00:00Z,postgres-db,26.3,62.7,1908,17.6,0,15.26,34.34,1908
2026-03-07T23:00:00Z,recommendation-service,40.3,58.0,480,53.6,0,21.6,45.6,513
2026-03-07T23:00:00Z,redis-cache,18.2,38.8,3099,3.9,0,37.19,46.48,0
2026-03-08T00:00:00Z,api-gateway,23.2,25.1,599,19.7,1,52.7,70.32,0
2026-03-08T00:00:00Z,notification-service,29.5,26.5,187,29.7,1,5.61,1749.47,73
2026-03-08T00:00:00Z,object-storage,5.6,12.0,2024,21.0,0,36.96,2010.21,0
2026-03-08T00:00:00Z,order-api,27.1,42.5,400,44.8,1,22.0,30.0,1127
2026-03-08T00:00:00Z,payment-service,17.8,32.0,155,74.1,1,5.43,5.43,242
2026-03-08T00:00:00Z,postgres-db,27.5,63.9,1824,16.5,0,14.59,32.83,1824
2026-03-08T00:00:00Z,recommendation-service,37.4,59.1,421,50.9,0,18.95,39.99,455
2026-03-08T00:00:00Z,redis-cache,18.6,37.8,2874,3.7,0,34.49,43.11,0
2026-03-08T01:00:00Z,api-gateway,20.3,24.9,567,18.8,1,47.76,65.51,0
2026-03-08T01:00:00Z,notification-service,29.2,27.1,178,33.0,0,5.34,1768.77,75
2026-03-08T01:00:00Z,object-storage,5.7,11.7,2025,21.7,0,26.81,1881.03,0
2026-03-08T01:00:00Z,order-api,28.3,40.6,376,44.9,0,20.68,28.2,1034
2026-03-08T01:00:00Z,payment-service,17.5,32.6,145,72.5,1,5.08,5.08,220
2026-03-08T01:00:00Z,postgres-db,28.2,64.8,1693,19.0,0,13.54,30.47,1693
2026-03-08T01:00:00Z,recommendation-service,40.4,57.6,413,50.7,0,18.59,39.23,439
2026-03-08T01:00:00Z,redis-cache,16.8,37.2,2725,3.4,0,32.7,40.88,0
2026-03-08T02:00:00Z,api-gateway,21.6,26.4,526,18.2,0,44.14,61.16,0
2026-03-08T02:00:00Z,notification-service,29.6,29.2,148,30.9,1,4.44,1584.04,59
2026-03-08T02:00:00Z,object-storage,6.1,11.9,2001,22.6,0,25.85,2094.19,0
2026-03-08T02:00:00Z,order-api,26.3,41.6,338,45.1,0,18.59,25.35,959
2026-03-08T02:00:00Z,payment-service,17.6,30.7,130,67.1,0,4.55,4.55,196
2026-03-08T02:00:00Z,postgres-db,28.6,64.3,1574,19.0,0,12.59,28.33,1574
2026-03-08T02:00:00Z,recommendation-service,36.8,58.1,390,54.6,1,17.55,37.05,419
2026-03-08T02:00:00Z,redis-cache,17.9,38.9,2527,3.7,0,30.32,37.91,0
2026-03-08T03:00:00Z,api-gateway,22.8,25.2,540,20.1,2,46.38,62.16,0
2026-03-08T03:00:00Z,notification-service,30.0,28.3,159,31.3,0,4.77,1452.42,63
2026-03-08T03:00:00Z,object-storage,5.6,11.7,2017,22.5,0,25.69,1645.88,0
2026-03-08T03:00:00Z,order-api,26.4,40.6,347,43.7,0,19.09,26.02,988
2026-03-08T03:00:00Z,payment-service,19.4,32.7,133,68.1,0,4.66,4.66,202
2026-03-08T03:00:00Z,postgres-db,28.2,63.5,1610,16.8,0,12.88,28.98,1610
2026-03-08T03:00:00Z,recommendation-service,38.6,59.9,395,52.6,0,17.77,37.52,420
2026-03-08T03:00:00Z,redis-cache,18.6,38.3,2566,3.2,0,30.79,38.49,0
2026-03-08T04:00:00Z,api-gateway,23.2,25.2,592,18.2,2,49.57,72.37,0
2026-03-08T04:00:00Z,notification-service,28.9,27.9,174,31.7,0,5.22,1478.78,70
2026-03-08T04:00:00Z,object-storage,6.0,11.7,2007,20.8,0,27.23,1962.67,0
2026-03-08T04:00:00Z,order-api,26.4,41.0,377,44.5,0,20.73,28.27,1061
2026-03-08T04:00:00Z,payment-service,19.1,30.7,139,73.4,0,4.87,4.87,201
2026-03-08T04:00:00Z,postgres-db,25.3,63.6,1737,18.8,0,13.9,31.27,1737
2026-03-08T04:00:00Z,recommendation-service,39.0,58.9,424,53.6,1,19.08,40.28,475
2026-03-08T04:00:00Z,redis-cache,19.0,38.2,2791,3.2,0,33.49,41.87,0
2026-03-08T05:00:00Z,api-gateway,23.6,26.8,645,19.2,1,55.39,77.93,0
2026-03-08T05:00:00Z,notification-service,30.3,27.3,186,32.6,1,5.58,1454.93,77
2026-03-08T05:00:00Z,object-storage,6.1,12.4,2052,21.6,0,35.8,1859.27,0
2026-03-08T05:00:00Z,order-api,26.4,43.7,416,45.5,1,22.88,31.2,1152
2026-03-08T05:00:00Z,payment-service,17.9,33.2,157,72.0,1,5.5,5.5,235
2026-03-08T05:00:00Z,postgres-db,25.8,64.9,1894,18.3,0,15.15,34.09,1894
2026-03-08T05:00:00Z,recommendation-service,40.5,58.6,468,55.0,1,21.06,44.46,507
2026-03-08T05:00:00Z,redis-cache,18.7,38.3,3071,3.3,0,36.85,46.06,0
2026-03-08T06:00:00Z,api-gateway,23.7,25.6,702,19.2,2,60.3,83.54,0
2026-03-08T06:00:00Z,notification-service,31.3,27.9,196,33.9,0,5.88,1523.09,73
2026-03-08T06:00:00Z,object-storage,5.8,12.4,2073,21.6,0,39.3,2034.18,0
2026-03-08T06:00:00Z,order-api,28.4,43.5,450,47.9,0,24.75,33.75,1265
2026-03-08T06:00:00Z,payment-service,18.6,30.9,175,72.8,1,6.13,6.13,260
2026-03-08T06:00:00Z,postgres-db,28.3,64.5,2080,18.8,0,16.64,37.44,2080
2026-03-08T06:00:00Z,recommendation-service,42.2,59.3,500,49.7,0,22.5,47.5,555
2026-03-08T06:00:00Z,redis-cache,18.0,38.4,3263,3.2,0,39.16,48.95,0
2026-03-08T07:00:00Z,api-gateway,22.9,25.8,785,19.5,1,66.64,95.24,0
2026-03-08T07:00:00Z,notification-service,29.1,27.9,220,33.2,1,6.6,1505.55,91
2026-03-08T07:00:00Z,object-storage,6.4,11.8,2098,22.8,0,45.69,1909.18,0
2026-03-08T07:00:00Z,order-api,27.7,43.0,498,44.0,1,27.39,37.35,1413
2026-03-08T07:00:00Z,payment-service,19.3,30.5,182,71.9,1,6.37,6.37,278
2026-03-08T07:00:00Z,postgres-db,31.0,65.0,2335,19.7,0,18.68,42.03,2335
2026-03-08T07:00:00Z,recommendation-service,41.4,57.3,575,53.0,0,25.88,54.62,644
2026-03-08T07:00:00Z,redis-cache,18.6,37.1,3714,3.4,0,44.57,55.71,0
2026-03-08T08:00:00Z,api-gateway,23.8,26.0,911,21.7,2,78.69,106.42,0
2026-03-08T08:00:00Z,notification-service,16.4,28.1,260,34.2,0,7.8,16.9,103
2026-03-08T08:00:00Z,object-storage,6.2,11.7,326,20.8,0,51.9,86.1,0
2026-03-08T08:00:00Z,order-api,29.0,43.2,587,46.8,0,32.29,44.02,1647
2026-03-08T08:00:00Z,payment-service,20.5,30.7,221,71.8,1,7.74,7.74,340
2026-03-08T08:00:00Z,postgres-db,28.7,64.1,2711,18.9,0,21.69,48.8,2711
2026-03-08T08:00:00Z,recommendation-service,44.4,59.6,667,55.7,0,30.02,63.37,724
2026-03-08T08:00:00Z,redis-cache,19.8,37.3,4361,3.8,0,52.33,65.41,0
2026-03-08T09:00:00Z,api-gateway,25.0,26.1,960,21.7,2,82.67,113.52,0
2026-03-08T09:00:00Z,notification-service,16.7,29.3,268,33.5,0,8.04,17.42,105
2026-03-08T09:00:00Z,object-storage,6.5,12.1,374,20.0,0,47.65,88.62,0
2026-03-08T09:00:00Z,order-api,31.1,43.6,616,45.9,0,33.88,46.2,1726
2026-03-08T09:00:00Z,payment-service,19.3,32.6,237,75.9,1,8.29,8.29,360
2026-03-08T09:00:00Z,postgres-db,31.1,64.2,2844,19.9,0,22.75,51.19,2844
2026-03-08T09:00:00Z,recommendation-service,44.0,57.5,693,55.8,1,31.18,65.83,758
2026-03-08T09:00:00Z,redis-cache,19.2,37.2,4552,3.1,0,54.62,68.28,0
2026-03-08T10:00:00Z,api-gateway,24.9,27.0,1109,21.3,2,94.34,133.69,0
2026-03-08T10:00:00Z,notification-service,16.4,29.0,330,30.3,1,9.9,21.45,135
2026-03-08T10:00:00Z,object-storage,5.6,12.4,424,20.7,0,60.0,100.02,0
2026-03-08T10:00:00Z,order-api,32.3,42.2,712,48.9,0,39.16,53.4,2011
2026-03-08T10:00:00Z,payment-service,21.4,31.9,275,75.0,0,9.63,9.63,415
2026-03-08T10:00:00Z,postgres-db,33.9,64.6,3300,19.2,0,26.4,59.4,3300
2026-03-08T10:00:00Z,recommendation-service,46.1,58.4,805,54.4,1,36.23,76.47,874
2026-03-08T10:00:00Z,redis-cache,21.0,38.4,5270,3.4,0,63.24,79.05,0
2026-03-08T11:00:00Z,api-gateway,27.0,28.5,1199,21.1,1,102.63,146.82,0
2026-03-08T11:00:00Z,notification-service,17.9,29.5,355,29.9,1,10.65,23.07,141
2026-03-08T11:00:00Z,object-storage,6.4,11.6,463,23.9,0,61.76,102.78,0
2026-03-08T11:00:00Z,order-api,33.4,42.1,787,48.6,1,43.29,59.02,2191
2026-03-08T11:00:00Z,payment-service,21.8,30.9,304,77.2,1,10.64,10.64,462
2026-03-08T11:00:00Z,postgres-db,32.0,62.9,3616,18.8,0,28.93,65.09,3616
2026-03-08T11:00:00Z,recommendation-service,47.2,57.8,871,54.2,0,39.2,82.75,963
2026-03-08T11:00:00Z,redis-cache,22.4,37.0,5764,3.7,0,69.17,86.46,0
2026-03-08T12:00:00Z,api-gateway,26.7,28.6,1258,21.5,1,105.07,149.41,0
2026-03-08T12:00:00Z,notification-service,17.4,28.4,361,31.6,1,10.83,23.46,140
2026-03-08T12:00:00Z,object-storage,6.4,12.3,454,20.7,0,71.29,107.66,0
2026-03-08T12:00:00Z,order-api,35.0,43.8,817,51.1,0,44.94,61.27,2295
2026-03-08T12:00:00Z,payment-service,22.8,32.8,315,78.4,1,11.03,11.03,468
2026-03-08T12:00:00Z,postgres-db,33.3,62.6,3767,20.0,0,30.14,67.81,3767
2026-03-08T12:00:00Z,recommendation-service,46.4,56.5,909,54.1,0,40.91,86.36,1004
2026-03-08T12:00:00Z,redis-cache,21.3,38.5,5982,3.8,0,71.78,89.73,0
2026-03-08T13:00:00Z,api-gateway,27.3,27.6,1253,21.2,1,107.36,152.1,0
2026-03-08T13:00:00Z,notification-service,18.3,28.5,361,31.7,1,10.83,23.46,146
2026-03-08T13:00:00Z,object-storage,6.5,11.9,470,22.2,0,64.99,108.47,0
2026-03-08T13:00:00Z,order-api,35.1,43.9,803,52.4,0,44.16,60.22,2252
2026-03-08T13:00:00Z,payment-service,22.2,32.9,300,72.0,0,10.5,10.5,444
2026-03-08T13:00:00Z,postgres-db,32.5,64.1,3679,19.4,0,29.43,66.22,3679
2026-03-08T13:00:00Z,recommendation-service,47.0,59.4,894,53.6,1,40.23,84.93,983
2026-03-08T13:00:00Z,redis-cache,20.4,37.6,5911,3.9,0,70.93,88.66,0
2026-03-08T14:00:00Z,api-gateway,25.7,27.4,1292,22.2,2,110.23,153.34,0
2026-03-08T14:00:00Z,notification-service,16.2,28.3,374,29.5,0,11.22,24.31,145
2026-03-08T14:00:00Z,object-storage,5.6,12.1,486,21.5,0,68.33,114.83,0
2026-03-08T14:00:00Z,order-api,33.0,42.5,835,47.8,0,45.92,62.62,2333
2026-03-08T14:00:00Z,payment-service,22.2,30.7,323,73.8,0,11.31,11.31,488
2026-03-08T14:00:00Z,postgres-db,33.0,64.5,3835,20.8,0,30.68,69.03,3835
2026-03-08T14:00:00Z,recommendation-service,45.6,58.9,931,59.7,1,41.89,88.45,1014
2026-03-08T14:00:00Z,redis-cache,21.9,37.3,6122,4.0,0,73.46,91.83,0
2026-03-08T15:00:00Z,api-gateway,25.1,27.5,1284,22.6,1,107.56,156.63,0
2026-03-08T15:00:00Z,notification-service,17.1,28.7,363,29.3,1,10.89,23.6,149
2026-03-08T15:00:00Z,object-storage,5.7,12.1,490,22.8,0,66.41,125.53,0
2026-03-08T15:00:00Z,order-api,35.3,41.2,824,52.2,0,45.32,61.8,2308
2026-03-08T15:00:00Z,payment-service,23.5,32.2,316,76.4,1,11.06,11.06,467
2026-03-08T15:00:00Z,postgres-db,33.8,65.0,3804,19.7,0,30.43,68.47,3804
2026-03-08T15:00:00Z,recommendation-service,47.0,57.4,935,58.2,1,42.07,88.83,1029
2026-03-08T15:00:00Z,redis-cache,20.6,38.0,6049,3.2,0,72.59,90.73,0
2026-03-08T16:00:00Z,api-gateway,25.6,27.5,1240,22.4,2,106.66,147.63,0
2026-03-08T16:00:00Z,notification-service,18.4,28.6,375,33.2,1,11.25,24.38,147
2026-03-08T16:00:00Z,object-storage,6.5,12.3,474,23.5,0,67.49,115.48,0
2026-03-08T16:00:00Z,order-api,36.0,41.6,816,49.0,0,44.88,61.2,2267
2026-03-08T16:00:00Z,payment-service,23.6,31.0,313,71.9,1,10.96,10.96,470
2026-03-08T16:00:00Z,postgres-db,33.1,64.0,3725,21.2,0,29.8,67.05,3725
2026-03-08T16:00:00Z,recommendation-service,48.2,59.8,892,55.9,1,40.14,84.74,988
2026-03-08T16:00:00Z,redis-cache,22.5,37.8,5955,3.6,0,71.46,89.33,0
2026-03-08T17:00:00Z,api-gateway,26.3,28.2,1164,21.0,0,97.24,141.72,0
2026-03-08T17:00:00Z,notification-service,17.4,27.5,337,31.1,0,10.11,21.91,138
2026-03-08T17:00:00Z,object-storage,5.9,11.6,424,22.0,0,58.92,106.97,0
2026-03-08T17:00:00Z,order-api,35.2,41.7,757,48.8,0,41.63,56.77,2104
2026-03-08T17:00:00Z,payment-service,21.1,32.1,294,76.9,0,10.29,10.29,436
2026-03-08T17:00:00Z,postgres-db,34.1,64.4,3450,20.4,0,27.6,62.1,3450
2026-03-08T17:00:00Z,recommendation-service,44.6,59.0,833,56.3,0,37.48,79.14,910
2026-03-08T17:00:00Z,redis-cache,21.2,38.2,5474,3.5,0,65.69,82.11,0
2026-03-08T18:00:00Z,api-gateway,25.0,26.4,1050,21.1,0,88.83,124.8,0
2026-03-08T18:00:00Z,notification-service,16.1,28.8,310,34.3,1,9.3,20.15,128
2026-03-08T18:00:00Z,object-storage,5.9,11.6,407,20.4,0,52.09,90.75,0
2026-03-08T18:00:00Z,order-api,30.9,43.2,680,46.5,0,37.4,51.0,1917
2026-03-08T18:00:00Z,payment-service,20.4,31.8,252,72.3,1,8.82,8.82,371
2026-03-08T18:00:00Z,postgres-db,30.1,63.9,3100,19.6,0,24.8,55.8,3100
2026-03-08T18:00:00Z,recommendation-service,42.5,57.6,748,56.5,1,33.66,71.06,812
2026-03-08T18:00:00Z,redis-cache,20.3,38.1,4931,3.8,0,59.17,73.97,0
2026-03-08T19:00:00Z,api-gateway,23.8,27.3,993,20.0,2,85.35,118.77,0
2026-03-08T19:00:00Z,notification-service,16.2,28.3,296,29.5,0,8.88,19.24,117
2026-03-08T19:00:00Z,object-storage,6.1,11.7,364,21.3,0,53.59,91.2,0
2026-03-08T19:00:00Z,order-api,31.5,43.0,639,46.9,0,35.15,47.92,1789
2026-03-08T19:00:00Z,payment-service,21.4,33.1,238,76.9,0,8.33,8.33,363
2026-03-08T19:00:00Z,postgres-db,32.7,64.3,2920,19.3,0,23.36,52.56,2920
2026-03-08T19:00:00Z,recommendation-service,44.5,59.2,707,55.9,1,31.81,67.17,768
2026-03-08T19:00:00Z,redis-cache,19.1,37.1,4641,4.0,0,55.69,69.61,0
2026-03-08T20:00:00Z,api-gateway,23.4,26.2,910,19.8,1,76.63,106.49,0
2026-03-08T20:00:00Z,notification-service,16.5,26.9,252,32.5,1,7.56,16.38,102
2026-03-08T20:00:00Z,object-storage,6.2,12.4,329,20.3,0,49.78,80.94,0
2026-03-08T20:00:00Z,order-api,28.9,43.0,577,46.0,0,31.73,43.27,1631
2026-03-08T20:00:00Z,payment-service,19.0,33.3,212,71.0,0,7.42,7.42,309
2026-03-08T20:00:00Z,postgres-db,31.0,64.1,2643,18.3,0,21.14,47.57,2643
2026-03-08T20:00:00Z,recommendation-service,42.8,59.4,643,53.0,1,28.93,61.09,703
2026-03-08T20:00:00Z,redis-cache,18.8,37.8,4235,3.9,0,50.82,63.52,0
2026-03-08T21:00:00Z,api-gateway,22.6,26.8,821,18.7,0,69.99,97.04,0
2026-03-08T21:00:00Z,notification-service,16.3,27.7,238,33.7,0,7.14,15.47,92
2026-03-08T21:00:00Z,object-storage,5.7,11.7,295,22.8,0,48.28,79.94,0
2026-03-08T21:00:00Z,order-api,31.6,43.6,544,50.3,1,29.92,40.8,1521
2026-03-08T21:00:00Z,payment-service,21.1,30.7,210,71.4,1,7.35,7.35,315
2026-03-08T21:00:00Z,postgres-db,30.6,64.6,2474,19.2,0,19.79,44.53,2474
2026-03-08T21:00:00Z,recommendation-service,41.9,58.8,579,51.2,0,26.05,55.01,638
2026-03-08T21:00:00Z,redis-cache,19.8,38.7,3897,4.0,0,46.76,58.45,0
2026-03-08T22:00:00Z,api-gateway,22.9,25.7,717,19.0,2,61.15,84.07,0
2026-03-08T22:00:00Z,notification-service,14.3,29.4,209,30.1,1,6.27,13.59,83
2026-03-08T22:00:00Z,object-storage,6.3,12.3,288,20.4,0,41.32,63.88,0
2026-03-08T22:00:00Z,order-api,27.7,40.2,452,44.4,1,24.86,33.9,1282
2026-03-08T22:00:00Z,payment-service,19.8,32.4,168,68.6,1,5.88,5.88,252
2026-03-08T22:00:00Z,postgres-db,28.5,64.7,2094,17.8,0,16.75,37.69,2094
2026-03-08T22:00:00Z,recommendation-service,39.7,58.4,504,52.0,0,22.68,47.88,560
2026-03-08T22:00:00Z,redis-cache,17.9,37.1,3318,3.8,0,39.82,49.77,0
2026-03-08T23:00:00Z,api-gateway,22.8,26.0,653,20.6,0,54.58,78.85,0
2026-03-08T23:00:00Z,notification-service,14.9,28.7,186,33.8,1,5.58,12.09,73
2026-03-08T23:00:00Z,object-storage,6.3,12.3,225,22.6,0,30.83,55.87,0
2026-03-08T23:00:00Z,order-api,29.5,40.6,433,44.7,1,23.82,32.48,1207
2026-03-08T23:00:00Z,payment-service,17.7,31.0,170,68.1,1,5.95,5.95,248
2026-03-08T23:00:00Z,postgres-db,27.5,64.3,1961,16.7,0,15.69,35.3,1961
2026-03-08T23:00:00Z,recommendation-service,40.6,58.6,469,49.5,0,21.11,44.55,506
2026-03-08T23:00:00Z,redis-cache,17.4,38.8,3097,4.0,0,37.16,46.45,0
2026-03-09T00:00:00Z,api-gateway,22.2,24.7,568,20.8,2,46.71,69.58,0
2026-03-09T00:00:00Z,notification-service,14.2,29.2,171,33.9,0,5.13,11.12,65
2026-03-09T00:00:00Z,object-storage,5.6,12.5,197,21.4,0,31.96,46.02,0
2026-03-09T00:00:00Z,order-api,28.3,40.8,364,45.5,1,20.02,27.3,1016
2026-03-09T00:00:00Z,payment-service,17.6,31.0,132,65.8,1,4.62,4.62,200
2026-03-09T00:00:00Z,postgres-db,25.6,65.2,1664,16.2,0,13.31,29.95,1664
2026-03-09T00:00:00Z,recommendation-service,39.9,56.4,399,50.5,1,17.95,37.91,448
2026-03-09T00:00:00Z,redis-cache,16.5,38.3,2640,3.2,0,31.68,39.6,0
2026-03-09T01:00:00Z,api-gateway,23.0,25.9,570,18.5,1,48.85,69.48,0
2026-03-09T01:00:00Z,notification-service,15.8,27.0,153,31.3,0,4.59,9.95,60
2026-03-09T01:00:00Z,object-storage,5.9,12.3,221,21.3,0,33.95,54.8,0
2026-03-09T01:00:00Z,order-api,28.1,41.2,360,47.5,0,19.8,27.0,992
2026-03-09T01:00:00Z,payment-service,18.8,33.3,143,72.3,1,5.01,5.01,206
2026-03-09T01:00:00Z,postgres-db,27.8,64.9,1632,17.6,0,13.06,29.38,1632
2026-03-09T01:00:00Z,recommendation-service,40.3,56.6,398,52.7,0,17.91,37.81,434
2026-03-09T01:00:00Z,redis-cache,17.7,38.9,2591,3.3,0,31.09,38.87,0
2026-03-09T02:00:00Z,api-gateway,21.5,25.6,529,19.4,2,44.5,63.97,0
2026-03-09T02:00:00Z,notification-service,15.6,28.6,146,31.3,0,4.38,9.49,63
2026-03-09T02:00:00Z,object-storage,6.2,12.2,193,20.3,0,32.03,54.42,0
2026-03-09T02:00:00Z,order-api,27.4,42.8,341,46.9,1,18.75,25.57,944
2026-03-09T02:00:00Z,payment-service,19.3,30.6,121,69.5,1,4.24,4.24,189
2026-03-09T02:00:00Z,postgres-db,25.2,65.1,1533,18.9,0,12.26,27.59,1533
2026-03-09T02:00:00Z,recommendation-service,37.5,59.4,370,53.7,1,16.65,35.15,400
2026-03-09T02:00:00Z,redis-cache,16.6,38.7,2501,3.1,0,30.01,37.52,0
2026-03-09T03:00:00Z,api-gateway,20.3,24.7,531,19.5,2,43.73,61.81,0
2026-03-09T03:00:00Z,notification-service,14.6,29.4,167,29.8,0,5.01,10.86,67
2026-03-09T03:00:00Z,object-storage,5.7,12.2,188,22.2,0,32.21,53.79,0
2026-03-09T03:00:00Z,order-api,28.3,42.8,352,44.3,0,19.36,26.4,979
2026-03-09T03:00:00Z,payment-service,18.8,31.4,138,66.8,1,4.83,4.83,197
2026-03-09T03:00:00Z,postgres-db,27.1,65.0,1614,18.9,0,12.91,29.05,1614
2026-03-09T03:00:00Z,recommendation-service,38.4,56.0,388,53.6,1,17.46,36.86,438
2026-03-09T03:00:00Z,redis-cache,18.0,37.8,2564,3.2,0,30.77,38.46,0
2026-03-09T04:00:00Z,api-gateway,22.3,26.4,586,18.5,2,50.4,68.49,0
2026-03-09T04:00:00Z,notification-service,13.5,28.8,164,33.4,1,4.92,10.66,67
2026-03-09T04:00:00Z,object-storage,5.9,12.2,203,20.4,0,34.86,48.19,0
2026-03-09T04:00:00Z,order-api,25.8,42.4,369,47.8,0,20.3,27.68,1024
2026-03-09T04:00:00Z,payment-service,17.0,32.3,140,71.7,0,4.9,4.9,211
2026-03-09T04:00:00Z,postgres-db,28.3,62.6,1704,17.1,0,13.63,30.67,1704
2026-03-09T04:00:00Z,recommendation-service,37.1,57.1,425,54.9,1,19.12,40.38,469
2026-03-09T04:00:00Z,redis-cache,16.2,37.7,2775,3.3,0,33.3,41.62,0
2026-03-09T05:00:00Z,api-gateway,22.6,26.6,649,19.0,0,55.02,80.19,0
2026-03-09T05:00:00Z,notification-service,14.8,28.9,186,29.9,1,5.58,12.09,74
2026-03-09T05:00:00Z,object-storage,6.3,11.6,262,20.4,0,33.34,66.52,0
2026-03-09T05:00:00Z,order-api,29.0,43.5,409,47.9,1,22.5,30.67,1155
2026-03-09T05:00:00Z,payment-service,19.9,32.0,149,71.8,1,5.22,5.22,232
2026-03-09T05:00:00Z,postgres-db,29.2,64.8,1894,17.6,0,15.15,34.09,1894
2026-03-09T05:00:00Z,recommendation-service,40.8,57.4,463,51.5,1,20.84,43.98,507
2026-03-09T05:00:00Z,redis-cache,18.3,37.1,2990,3.2,0,35.88,44.85,0
2026-03-09T06:00:00Z,api-gateway,22.3,25.2,700,18.8,2,58.53,83.84,0
2026-03-09T06:00:00Z,notification-service,13.6,29.1,207,30.7,0,6.21,13.46,81
2026-03-09T06:00:00Z,object-storage,5.9,12.0,245,20.4,0,37.6,66.49,0
2026-03-09T06:00:00Z,order-api,30.2,42.6,447,44.3,0,24.59,33.52,1254
2026-03-09T06:00:00Z,payment-service,19.9,31.7,162,73.3,1,5.67,5.67,235
2026-03-09T06:00:00Z,postgres-db,27.2,65.1,2039,18.6,0,16.31,36.7,2039
2026-03-09T06:00:00Z,recommendation-service,41.6,59.8,500,51.9,1,22.5,47.5,550
2026-03-09T06:00:00Z,redis-cache,18.8,38.5,3287,3.2,0,39.44,49.3,0
2026-03-09T07:00:00Z,api-gateway,22.3,26.9,832,21.3,2,71.79,98.04,0
2026-03-09T07:00:00Z,notification-service,14.2,27.7,232,30.8,1,6.96,15.08,96
2026-03-09T07:00:00Z,object-storage,6.2,11.8,313,23.3,0,41.03,82.75,0
2026-03-09T07:00:00Z,order-api,29.3,44.0,535,47.3,1,29.43,40.12,1497
2026-03-09T07:00:00Z,payment-service,18.3,31.0,199,71.4,1,6.97,6.97,294
2026-03-09T07:00:00Z,postgres-db,29.2,62.7,2434,19.5,0,19.47,43.81,2434
2026-03-09T07:00:00Z,recommendation-service,42.1,57.5,587,56.1,0,26.41,55.77,643
2026-03-09T07:00:00Z,redis-cache,19.8,37.5,3926,3.6,0,47.11,58.89,0
2026-03-09T08:00:00Z,api-gateway,22.9,26.3,888,20.0,1,76.24,104.52,0
2026-03-09T08:00:00Z,notification-service,14.9,27.8,269,34.8,0,8.07,17.48,104
2026-03-09T08:00:00Z,object-storage,5.9,12.0,352,20.7,0,46.91,79.03,0
2026-03-09T08:00:00Z,order-api,30.2,45.2,583,47.2,0,32.06,43.73,1643
2026-03-09T08:00:00Z,payment-service,20.5,32.3,214,70.7,1,7.49,7.49,329
2026-03-09T08:00:00Z,postgres-db,31.5,62.8,2670,20.1,0,21.36,48.06,2670
2026-03-09T08:00:00Z,recommendation-service,43.6,57.3,645,52.0,0,29.02,61.27,698
2026-03-09T08:00:00Z,redis-cache,19.7,37.0,4247,3.5,0,50.96,63.7,0
2026-03-09T09:00:00Z,api-gateway,25.1,26.0,1029,21.5,0,89.05,123.49,0
2026-03-09T09:00:00Z,notification-service,17.0,27.7,308,32.0,1,9.24,20.02,127
2026-03-09T09:00:00Z,object-storage,5.9,12.1,369,20.1,0,53.64,93.07,0
2026-03-09T09:00:00Z,order-api,33.0,49.4,679,94.4,0,37.34,50.92,1895
2026-03-09T09:00:00Z,payment-service,21.8,30.8,258,71.0,0,9.03,9.03,380
2026-03-09T09:00:00Z,postgres-db,30.4,64.4,3090,20.4,0,24.72,55.62,3090
2026-03-09T09:00:00Z,recommendation-service,44.4,57.5,743,57.1,1,33.44,70.58,815
2026-03-09T09:00:00Z,redis-cache,22.1,38.6,4960,3.1,0,59.52,74.4,0
2026-03-09T10:00:00Z,api-gateway,24.7,26.5,1056,20.5,0,91.63,129.2,0
2026-03-09T10:00:00Z,notification-service,15.8,28.4,316,34.0,1,9.48,20.54,127
2026-03-09T10:00:00Z,object-storage,6.1,12.5,381,20.7,0,61.24,97.08,0
2026-03-09T10:00:00Z,order-api,33.5,53.1,683,141.9,0,37.56,51.23,1907
2026-03-09T10:00:00Z,payment-service,22.1,31.3,256,76.2,1,8.96,8.96,382
2026-03-09T10:00:00Z,postgres-db,32.6,65.0,3114,19.4,0,24.91,56.05,3114
2026-03-09T10:00:00Z,recommendation-service,46.0,57.7,754,52.2,0,33.93,71.63,825
2026-03-09T10:00:00Z,redis-cache,22.0,39.0,4966,3.2,0,59.59,74.49,0
2026-03-09T11:00:00Z,api-gateway,26.6,27.4,1148,21.3,2,98.95,138.52,0
2026-03-09T11:00:00Z,notification-service,16.3,29.3,335,32.8,1,10.05,21.78,134
2026-03-09T11:00:00Z,object-storage,6.0,12.1,414,20.4,0,60.05,111.62,0
2026-03-09T11:00:00Z,order-api,33.3,58.3,739,185.1,0,40.65,55.42,2066
2026-03-09T11:00:00Z,payment-service,20.2,32.6,282,77.8,0,9.87,9.87,420
2026-03-09T11:00:00Z,postgres-db,33.8,63.4,3393,19.5,0,27.14,61.07,3393
2026-03-09T11:00:00Z,recommendation-service,44.2,57.8,832,56.6,0,37.44,79.04,907
2026-03-09T11:00:00Z,redis-cache,22.1,38.6,5413,3.8,0,64.96,81.19,0
2026-03-09T12:00:00Z,api-gateway,25.4,28.1,1172,20.6,1,97.71,138.08,0
2026-03-09T12:00:00Z,notification-service,16.2,27.2,356,31.0,0,10.68,23.14,144
2026-03-09T12:00:00Z,object-storage,5.8,12.0,457,23.8,0,61.98,108.28,0
2026-03-09T12:00:00Z,order-api,31.9,63.0,775,232.3,0,42.62,58.12,2186
2026-03-09T12:00:00Z,payment-service,20.3,31.0,289,75.2,1,10.12,10.12,424
2026-03-09T12:00:00Z,postgres-db,33.6,65.3,3540,18.6,0,28.32,63.72,3540
2026-03-09T12:00:00Z,recommendation-service,48.1,57.9,855,56.7,1,38.48,81.22,930
2026-03-09T12:00:00Z,redis-cache,20.1,38.0,5611,3.2,0,67.33,84.16,0
2026-03-09T13:00:00Z,api-gateway,26.2,27.6,1227,70.8,159,102.99,148.36,0
2026-03-09T13:00:00Z,notification-service,16.2,27.5,346,33.7,0,10.38,22.49,134
2026-03-09T13:00:00Z,object-storage,5.9,12.3,466,20.5,0,64.66,104.67,0
2026-03-09T13:00:00Z,order-api,87.7,67.6,790,280.7,209,43.45,59.25,2223
2026-03-09T13:00:00Z,payment-service,22.7,32.9,298,75.9,1,10.43,10.43,445
2026-03-09T13:00:00Z,postgres-db,32.9,64.3,3627,19.0,0,29.02,65.29,3627
2026-03-09T13:00:00Z,recommendation-service,46.1,58.5,885,53.7,0,39.82,84.08,959
2026-03-09T13:00:00Z,redis-cache,22.2,38.9,5822,3.4,0,69.86,87.33,0
2026-03-09T14:00:00Z,api-gateway,27.2,28.4,1242,81.3,150,105.98,149.2,0
2026-03-09T14:00:00Z,notification-service,18.8,26.6,367,32.9,0,11.01,23.86,142
2026-03-09T14:00:00Z,object-storage,6.2,11.8,478,23.0,0,66.32,114.82,0
2026-03-09T14:00:00Z,order-api,76.4,70.8,800,327.2,265,44.0,60.0,2255
2026-03-09T14:00:00Z,payment-service,21.1,32.9,301,75.0,1,10.54,10.54,449
2026-03-09T14:00:00Z,postgres-db,33.6,65.1,3671,21.1,0,29.37,66.08,3671
2026-03-09T14:00:00Z,recommendation-service,45.3,57.3,885,55.6,1,39.82,84.08,967
2026-03-09T14:00:00Z,redis-cache,21.2,38.7,5870,3.4,0,70.44,88.05,0
2026-03-09T15:00:00Z,api-gateway,25.9,28.0,1229,90.9,182,106.33,145.21,0
2026-03-09T15:00:00Z,notification-service,18.4,28.8,353,34.3,1,10.59,22.95,140
2026-03-09T15:00:00Z,object-storage,5.6,12.0,458,22.3,0,68.19,120.29,0
2026-03-09T15:00:00Z,order-api,73.4,75.7,802,367.9,286,44.11,60.15,2238
2026-03-09T15:00:00Z,payment-service,23.2,31.6,299,78.2,1,10.47,10.47,457
2026-03-09T15:00:00Z,postgres-db,32.3,64.3,3664,20.6,0,29.31,65.95,3664
2026-03-09T15:00:00Z,recommendation-service,45.7,59.1,893,54.1,1,40.18,84.84,969
2026-03-09T15:00:00Z,redis-cache,20.8,37.3,5850,3.5,0,70.2,87.75,0
2026-03-09T16:00:00Z,api-gateway,25.1,27.0,1194,100.4,213,101.72,145.52,0
2026-03-09T16:00:00Z,notification-service,16.6,29.1,345,32.9,0,10.35,22.43,141
2026-03-09T16:00:00Z,object-storage,5.7,12.4,457,20.7,0,59.99,112.09,0
2026-03-09T16:00:00Z,order-api,73.8,79.1,783,419.3,349,43.06,58.72,2172
2026-03-09T16:00:00Z,payment-service,20.9,32.3,291,74.9,1,10.19,10.19,441
2026-03-09T16:00:00Z,postgres-db,32.1,65.4,3545,20.6,0,28.36,63.81,3545
2026-03-09T16:00:00Z,recommendation-service,45.9,56.6,855,56.1,1,38.48,81.22,932
2026-03-09T16:00:00Z,redis-cache,22.4,37.4,5683,3.3,0,68.2,85.24,0
2026-03-09T17:00:00Z,api-gateway,26.9,26.5,1150,110.7,209,97.76,138.05,0
2026-03-09T17:00:00Z,notification-service,17.8,27.5,327,30.7,1,9.81,21.25,133
2026-03-09T17:00:00Z,object-storage,6.0,12.2,415,21.9,0,60.35,111.94,0
2026-03-09T17:00:00Z,order-api,80.6,83.8,740,463.3,375,40.7,55.5,2063
2026-03-09T17:00:00Z,payment-service,21.4,32.5,281,75.5,1,9.84,9.84,415
2026-03-09T17:00:00Z,postgres-db,32.6,64.6,3368,19.0,0,26.94,60.62,3368
2026-03-09T17:00:00Z,recommendation-service,43.6,57.1,817,53.1,0,36.77,77.61,890
2026-03-09T17:00:00Z,redis-cache,21.9,38.8,5363,3.3,0,64.36,80.44,0
2026-03-09T18:00:00Z,api-gateway,23.8,26.5,1057,121.8,241,87.9,126.69,0
2026-03-09T18:00:00Z,notification-service,17.1,29.2,301,33.6,1,9.03,19.57,124
2026-03-09T18:00:00Z,object-storage,5.6,12.2,400,22.9,0,52.48,104.59,0
2026-03-09T18:00:00Z,order-api,79.8,89.3,677,508.2,415,37.23,50.77,1899
2026-03-09T18:00:00Z,payment-service,19.7,33.0,253,74.0,1,8.86,8.86,386
2026-03-09T18:00:00Z,postgres-db,31.2,64.7,3129,20.6,0,25.03,56.32,3129
2026-03-09T18:00:00Z,recommendation-service,43.2,56.6,761,52.7,0,34.24,72.3,844
2026-03-09T18:00:00Z,redis-cache,20.6,37.7,4954,3.0,0,59.45,74.31,0
2026-03-09T19:00:00Z,api-gateway,23.7,27.0,1021,129.8,280,88.68,121.68,0
2026-03-09T19:00:00Z,notification-service,16.4,27.0,298,34.8,1,8.94,19.37,120
2026-03-09T19:00:00Z,object-storage,5.8,12.3,375,20.1,0,50.74,90.16,0
2026-03-09T19:00:00Z,order-api,89.2,93.5,654,555.5,447,35.97,49.05,1838
2026-03-09T19:00:00Z,payment-service,20.1,32.5,248,76.4,0,8.68,8.68,370
2026-03-09T19:00:00Z,postgres-db,30.8,63.9,3031,20.4,0,24.25,54.56,3031
2026-03-09T19:00:00Z,recommendation-service,43.5,56.2,746,55.1,0,33.57,70.87,823
2026-03-09T19:00:00Z,redis-cache,19.8,38.9,4858,3.5,0,58.3,72.87,0
2026-03-09T20:00:00Z,api-gateway,23.5,26.5,906,140.7,281,76.02,107.82,0
2026-03-09T20:00:00Z,notification-service,15.5,26.8,270,32.4,1,8.1,17.55,108
2026-03-09T20:00:00Z,object-storage,6.4,11.9,335,20.6,0,48.53,80.13,0
2026-03-09T20:00:00Z,order-api,81.7,98.0,599,595.9,471,32.95,44.92,1668
2026-03-09T20:00:00Z,payment-service,19.3,31.9,220,71.2,1,7.7,7.7,332
2026-03-09T20:00:00Z,postgres-db,30.4,64.5,2709,18.2,0,21.67,48.76,2709
2026-03-09T20:00:00Z,recommendation-service,44.6,56.4,650,52.7,0,29.25,61.75,709
2026-03-09T20:00:00Z,redis-cache,20.3,37.4,4342,3.1,0,52.1,65.13,0
2026-03-09T21:00:00Z,api-gateway,23.5,26.3,834,19.8,1,69.0,100.43,0
2026-03-09T21:00:00Z,notification-service,15.2,26.7,249,33.4,1,7.47,16.19,101
2026-03-09T21:00:00Z,object-storage,5.7,11.6,295,23.0,0,45.18,72.11,0
2026-03-09T21:00:00Z,order-api,30.0,43.0,555,48.2,0,30.52,41.62,1543
2026-03-09T21:00:00Z,payment-service,18.8,32.1,211,72.6,0,7.39,7.39,321
2026-03-09T21:00:00Z,postgres-db,27.8,62.7,2519,19.5,0,20.15,45.34,2519
2026-03-09T21:00:00Z,recommendation-service,41.4,56.0,597,55.5,1,26.86,56.72,655
2026-03-09T21:00:00Z,redis-cache,18.9,37.2,4014,3.3,0,48.17,60.21,0
2026-03-09T22:00:00Z,api-gateway,22.3,25.8,730,21.3,0,61.99,88.73,0
2026-03-09T22:00:00Z,notification-service,15.7,28.1,201,31.9,0,6.03,13.07,82
2026-03-09T22:00:00Z,object-storage,6.0,12.2,292,21.6,0,41.52,60.64,0
2026-03-09T22:00:00Z,order-api,26.9,42.4,462,44.3,0,25.41,34.65,1281
2026-03-09T22:00:00Z,payment-service,20.1,31.8,175,67.3,0,6.13,6.13,260
2026-03-09T22:00:00Z,postgres-db,29.8,64.4,2137,17.9,0,17.1,38.47,2137
2026-03-09T22:00:00Z,recommendation-service,42.1,59.4,537,53.3,1,24.16,51.02,596
2026-03-09T22:00:00Z,redis-cache,17.7,38.6,3454,3.7,0,41.45,51.81,0
2026-03-09T23:00:00Z,api-gateway,20.9,25.8,641,19.8,0,53.7,77.79,0
2026-03-09T23:00:00Z,notification-service,16.1,28.4,190,31.3,0,5.7,12.35,77
2026-03-09T23:00:00Z,object-storage,6.4,12.3,243,22.1,0,31.02,55.96,0
2026-03-09T23:00:00Z,order-api,28.9,40.2,428,48.7,1,23.54,32.1,1197
2026-03-09T23:00:00Z,payment-service,18.2,33.4,166,69.4,1,5.81,5.81,249
2026-03-09T23:00:00Z,postgres-db,28.7,63.5,1944,18.6,0,15.55,34.99,1944
2026-03-09T23:00:00Z,recommendation-service,40.4,57.6,457,49.7,1,20.56,43.41,498
2026-03-09T23:00:00Z,redis-cache,17.5,38.5,3100,3.3,0,37.2,46.5,0
2026-03-10T00:00:00Z,api-gateway,22.4,25.6,609,18.2,2,50.4,70.66,0
2026-03-10T00:00:00Z,notification-service,15.0,27.1,182,30.5,0,5.46,11.83,70
2026-03-10T00:00:00Z,object-storage,5.7,12.3,216,23.2,0,29.95,57.2,0
2026-03-10T00:00:00Z,order-api,29.5,41.9,384,47.4,1,21.12,28.8,1087
2026-03-10T00:00:00Z,payment-service,17.7,33.2,149,67.4,1,5.22,5.22,228
2026-03-10T00:00:00Z,postgres-db,28.4,64.3,1781,18.8,0,14.25,32.06,1781
2026-03-10T00:00:00Z,recommendation-service,37.4,58.4,436,49.8,1,19.62,41.42,466
2026-03-10T00:00:00Z,redis-cache,17.3,38.4,2867,3.4,0,34.4,43.0,0
2026-03-10T01:00:00Z,api-gateway,20.8,26.2,557,20.6,1,46.98,67.12,0
2026-03-10T01:00:00Z,notification-service,15.7,27.3,165,33.2,0,4.95,10.72,69
2026-03-10T01:00:00Z,object-storage,5.6,12.1,227,23.4,0,34.54,51.15,0
2026-03-10T01:00:00Z,order-api,26.0,42.9,349,48.0,1,19.2,26.18,977
2026-03-10T01:00:00Z,payment-service,18.4,31.9,137,68.4,1,4.8,4.8,206
2026-03-10T01:00:00Z,postgres-db,27.9,63.4,1601,16.5,0,12.81,28.82,1601
2026-03-10T01:00:00Z,recommendation-service,36.7,57.7,392,50.9,0,17.64,37.24,418
2026-03-10T01:00:00Z,redis-cache,17.7,37.7,2541,3.2,0,30.49,38.12,0
2026-03-10T02:00:00Z,api-gateway,22.2,24.8,535,19.3,2,44.53,61.38,0
2026-03-10T02:00:00Z,notification-service,12.8,28.0,144,32.9,0,4.32,9.36,55
2026-03-10T02:00:00Z,object-storage,6.5,11.5,214,20.2,0,31.75,54.08,0
2026-03-10T02:00:00Z,order-api,26.2,41.3,342,47.0,0,18.81,25.65,959
2026-03-10T02:00:00Z,payment-service,19.4,32.5,133,72.5,0,4.66,4.66,190
2026-03-10T02:00:00Z,postgres-db,28.6,64.3,1597,17.9,0,12.78,28.75,1597
2026-03-10T02:00:00Z,recommendation-service,40.1,58.8,395,53.3,0,17.77,37.52,448
2026-03-10T02:00:00Z,redis-cache,17.5,38.9,2508,3.3,0,30.1,37.62,0
2026-03-10T03:00:00Z,api-gateway,22.2,26.1,553,19.5,0,48.07,67.53,0
2026-03-10T03:00:00Z,notification-service,14.8,27.2,157,30.8,1,4.71,10.21,62
2026-03-10T03:00:00Z,object-storage,5.6,11.8,192,22.2,0,29.95,54.53,0
2026-03-10T03:00:00Z,order-api,27.1,40.6,357,45.2,1,19.64,26.77,1018
2026-03-10T03:00:00Z,payment-service,17.2,31.8,133,65.9,0,4.66,4.66,201
2026-03-10T03:00:00Z,postgres-db,25.0,64.7,1663,18.6,0,13.3,29.93,1663
2026-03-10T03:00:00Z,recommendation-service,39.4,59.6,391,53.4,1,17.59,37.15,444
2026-03-10T03:00:00Z,redis-cache,16.3,37.4,2560,3.0,0,30.72,38.4,0
2026-03-10T04:00:00Z,api-gateway,21.0,26.1,581,20.8,2,48.56,70.64,0
2026-03-10T04:00:00Z,notification-service,14.1,29.0,165,29.5,0,4.95,10.72,67
2026-03-10T04:00:00Z,object-storage,6.4,11.9,2275,20.2,0,312.74,48.25,0
2026-03-10T04:00:00Z,order-api,26.7,42.8,378,45.8,0,20.79,28.35,1074
2026-03-10T04:00:00Z,payment-service,18.8,31.3,146,67.5,0,5.11,5.11,228
2026-03-10T04:00:00Z,postgres-db,29.1,64.6,1743,18.2,0,13.94,31.37,1743
2026-03-10T04:00:00Z,recommendation-service,39.7,56.8,411,51.1,1,18.5,39.05,441
2026-03-10T04:00:00Z,redis-cache,16.5,38.0,2734,3.0,0,32.81,41.01,0
2026-03-10T05:00:00Z,api-gateway,21.8,24.9,635,19.9,2,55.67,78.64,0
2026-03-10T05:00:00Z,notification-service,15.6,29.4,180,29.5,0,5.4,11.7,72
2026-03-10T05:00:00Z,object-storage,5.9,12.1,2517,21.4,0,364.65,62.76,0
2026-03-10T05:00:00Z,order-api,28.7,43.0,422,45.3,1,23.21,31.65,1178
2026-03-10T05:00:00Z,payment-service,19.4,32.7,159,66.8,0,5.57,5.57,236
2026-03-10T05:00:00Z,postgres-db,28.0,64.1,1924,16.9,0,15.39,34.63,1924
2026-03-10T05:00:00Z,recommendation-service,40.3,59.4,462,55.0,0,20.79,43.89,510
2026-03-10T05:00:00Z,redis-cache,18.8,38.8,3056,3.1,0,36.67,45.84,0
2026-03-10T06:00:00Z,api-gateway,22.1,25.6,698,18.8,1,59.09,83.56,0
2026-03-10T06:00:00Z,notification-service,13.9,28.6,214,30.6,0,6.42,13.91,87
2026-03-10T06:00:00Z,object-storage,5.9,12.2,2342,22.4,0,357.21,57.26,0
2026-03-10T06:00:00Z,order-api,28.9,43.4,467,45.0,0,25.68,35.02,1325
2026-03-10T06:00:00Z,payment-service,19.4,31.4,173,67.3,0,6.06,6.06,264
2026-03-10T06:00:00Z,postgres-db,26.6,62.8,2139,16.8,0,17.11,38.5,2139
2026-03-10T06:00:00Z,recommendation-service,41.7,56.5,497,53.5,0,22.36,47.22,550
2026-03-10T06:00:00Z,redis-cache,19.6,38.2,3367,3.0,0,40.4,50.5,0
2026-03-10T07:00:00Z,api-gateway,22.9,26.9,789,19.7,1,68.57,92.54,0
2026-03-10T07:00:00Z,notification-service,14.3,26.7,238,34.6,0,7.14,15.47,95
2026-03-10T07:00:00Z,object-storage,6.0,11.9,2129,22.9,0,364.05,72.85,0
2026-03-10T07:00:00Z,order-api,30.8,41.3,507,46.5,1,27.89,38.02,1418
2026-03-10T07:00:00Z,payment-service,20.0,31.0,200,68.0,1,7.0,7.0,308
2026-03-10T07:00:00Z,postgres-db,29.3,63.5,2337,17.5,0,18.7,42.07,2337
2026-03-10T07:00:00Z,recommendation-service,41.6,59.2,556,53.3,1,25.02,52.82,611
2026-03-10T07:00:00Z,redis-cache,17.5,38.5,3712,3.4,0,44.54,55.68,0
2026-03-10T08:00:00Z,api-gateway,23.3,27.3,901,19.6,0,75.56,109.73,0
2026-03-10T08:00:00Z,notification-service,14.6,27.8,257,34.9,1,7.71,16.71,104
2026-03-10T08:00:00Z,object-storage,6.4,12.4,2481,20.1,0,399.46,78.88,0
2026-03-10T08:00:00Z,order-api,30.5,43.0,581,45.5,0,31.96,43.57,1636
2026-03-10T08:00:00Z,payment-service,19.9,31.6,226,72.6,1,7.91,7.91,342
2026-03-10T08:00:00Z,postgres-db,30.2,64.8,2682,18.4,0,21.46,48.28,2682
2026-03-10T08:00:00Z,recommendation-service,42.5,57.7,651,54.5,1,29.29,61.84,704
2026-03-10T08:00:00Z,redis-cache,18.6,37.5,4269,3.3,0,51.23,64.03,0
2026-03-10T09:00:00Z,api-gateway,23.3,26.8,1012,21.1,2,84.55,123.64,0
2026-03-10T09:00:00Z,notification-service,15.4,29.2,310,32.6,0,9.3,20.15,125
2026-03-10T09:00:00Z,object-storage,5.9,12.0,2352,22.4,0,366.58,86.36,0
2026-03-10T09:00:00Z,order-api,33.7,41.4,670,48.1,1,36.85,50.25,1884
2026-03-10T09:00:00Z,payment-service,22.0,33.2,248,74.0,1,8.68,8.68,381
2026-03-10T09:00:00Z,postgres-db,32.5,63.4,3052,19.0,0,24.42,54.94,3052
2026-03-10T09:00:00Z,recommendation-service,44.8,57.4,717,54.4,0,32.27,68.11,787
2026-03-10T09:00:00Z,redis-cache,19.4,38.5,4792,3.9,0,57.5,71.88,0
2026-03-10T10:00:00Z,api-gateway,25.5,27.9,1085,20.5,0,91.5,128.27,0
2026-03-10T10:00:00Z,notification-service,18.2,28.1,320,33.8,0,9.6,20.8,131
2026-03-10T10:00:00Z,object-storage,5.7,12.4,2686,22.3,0,364.72,99.84,0
2026-03-10T10:00:00Z,order-api,33.7,42.9,694,51.9,0,38.17,52.05,1943
2026-03-10T10:00:00Z,payment-service,21.5,30.8,264,72.1,0,9.24,9.24,391
2026-03-10T10:00:00Z,postgres-db,33.3,64.5,3198,18.1,0,25.58,57.56,3198
2026-03-10T10:00:00Z,recommendation-service,46.4,57.2,779,57.8,1,35.05,74.0,864
2026-03-10T10:00:00Z,redis-cache,21.8,38.5,5072,3.0,0,60.86,76.08,0
2026-03-10T11:00:00Z,api-gateway,26.5,27.1,1118,20.6,0,96.49,137.12,0
2026-03-10T11:00:00Z,notification-service,16.5,29.3,322,33.0,0,9.66,20.93,125
2026-03-10T11:00:00Z,object-storage,6.2,11.8,2745,20.8,0,404.3,109.74,0
2026-03-10T11:00:00Z,order-api,31.5,41.4,733,46.8,1,40.31,54.98,2061
2026-03-10T11:00:00Z,payment-service,21.4,31.3,275,75.2,1,9.63,9.63,418
2026-03-10T11:00:00Z,postgres-db,31.4,65.0,3377,19.9,0,27.02,60.79,3377
2026-03-10T11:00:00Z,recommendation-service,44.6,59.7,809,55.2,1,36.41,76.86,898
2026-03-10T11:00:00Z,redis-cache,19.8,38.3,5374,3.0,0,64.49,80.61,0
2026-03-10T12:00:00Z,api-gateway,25.9,26.8,1163,19.9,1,97.91,138.84,0
2026-03-10T12:00:00Z,notification-service,17.8,28.8,345,31.9,1,10.35,22.43,137
2026-03-10T12:00:00Z,object-storage,5.7,11.8,2268,22.0,0,408.67,111.19,0
2026-03-10T12:00:00Z,order-api,33.9,41.9,758,50.5,0,41.69,56.85,2114
2026-03-10T12:00:00Z,payment-service,21.0,32.0,283,76.8,0,9.91,9.91,421
2026-03-10T12:00:00Z,postgres-db,34.2,63.5,3448,19.9,0,27.58,62.06,3448
2026-03-10T12:00:00Z,recommendation-service,44.2,56.4,836,58.2,1,37.62,79.42,913
2026-03-10T12:00:00Z,redis-cache,21.2,37.6,5493,3.1,0,65.92,82.39,0
2026-03-10T13:00:00Z,api-gateway,25.8,27.5,1223,20.8,2,103.03,148.13,0
2026-03-10T13:00:00Z,notification-service,18.4,27.2,356,33.8,1,10.68,23.14,140
2026-03-10T13:00:00Z,object-storage,6.2,12.4,2308,20.1,0,373.33,119.24,0
2026-03-10T13:00:00Z,order-api,35.1,41.2,790,49.4,1,43.45,59.25,2198
2026-03-10T13:00:00Z,payment-service,22.3,33.3,295,75.7,0,10.33,10.33,444
2026-03-10T13:00:00Z,postgres-db,33.9,64.2,3610,20.1,0,28.88,64.98,3610
2026-03-10T13:00:00Z,recommendation-service,47.2,59.2,869,53.7,1,39.1,82.56,968
2026-03-10T13:00:00Z,redis-cache,21.3,37.4,5752,3.2,0,69.02,86.28,0
2026-03-10T14:00:00Z,api-gateway,25.8,27.1,1258,22.0,0,106.02,148.7,0
2026-03-10T14:00:00Z,notification-service,17.5,27.4,374,29.6,1,11.22,24.31,150
2026-03-10T14:00:00Z,object-storage,6.4,12.0,2507,21.0,0,373.16,115.31,0
2026-03-10T14:00:00Z,order-api,35.0,40.5,826,51.7,0,45.43,61.95,2296
2026-03-10T14:00:00Z,payment-service,22.8,32.8,307,74.6,0,10.75,10.75,467
2026-03-10T14:00:00Z,postgres-db,32.5,63.5,3764,19.8,0,30.11,67.75,3764
2026-03-10T14:00:00Z,recommendation-service,45.6,58.9,908,58.3,0,40.86,86.26,1001
2026-03-10T14:00:00Z,redis-cache,21.3,37.4,5973,3.3,0,71.68,89.59,0
2026-03-10T15:00:00Z,api-gateway,25.5,28.6,1252,20.8,0,105.9,150.62,0
2026-03-10T15:00:00Z,notification-service,18.5,28.1,373,30.9,1,11.19,24.25,147
2026-03-10T15:00:00Z,object-storage,6.0,12.4,2696,24.0,0,373.7,108.48,0
2026-03-10T15:00:00Z,order-api,33.6,43.2,818,53.0,0,44.99,61.35,2277
2026-03-10T15:00:00Z,payment-service,22.3,31.2,316,72.7,1,11.06,11.06,473
2026-03-10T15:00:00Z,postgres-db,32.6,63.0,3740,19.2,0,29.92,67.32,3740
2026-03-10T15:00:00Z,recommendation-service,47.2,56.9,906,58.1,0,40.77,86.07,990
2026-03-10T15:00:00Z,redis-cache,21.7,37.0,5977,3.7,0,71.72,89.66,0
2026-03-10T16:00:00Z,api-gateway,27.0,26.9,1236,20.9,2,103.22,147.87,0
2026-03-10T16:00:00Z,notification-service,18.5,26.9,361,32.1,1,10.83,23.46,139
2026-03-10T16:00:00Z,object-storage,5.7,11.6,2676,23.9,0,388.12,108.36,0
2026-03-10T16:00:00Z,order-api,35.1,41.9,793,51.4,1,43.62,59.47,2216
2026-03-10T16:00:00Z,payment-service,21.8,31.4,298,78.3,1,10.43,10.43,447
2026-03-10T16:00:00Z,postgres-db,33.4,64.6,3635,19.7,0,29.08,65.43,3635
2026-03-10T16:00:00Z,recommendation-service,46.2,58.6,892,54.2,1,40.14,84.74,972
2026-03-10T16:00:00Z,redis-cache,21.6,38.9,5808,3.9,0,69.7,87.12,0
2026-03-10T17:00:00Z,api-gateway,25.5,26.6,1138,20.4,1,95.63,137.33,0
2026-03-10T17:00:00Z,notification-service,17.7,27.9,345,30.0,1,10.35,22.43,142
2026-03-10T17:00:00Z,object-storage,6.3,11.6,2747,20.7,0,349.62,101.58,0
2026-03-10T17:00:00Z,order-api,32.4,43.3,752,51.7,1,41.36,56.4,2097
2026-03-10T17:00:00Z,payment-service,21.4,31.3,287,74.9,1,10.05,10.05,422
2026-03-10T17:00:00Z,postgres-db,32.6,64.8,3420,18.9,0,27.36,61.56,3420
2026-03-10T17:00:00Z,recommendation-service,46.3,57.1,811,54.2,0,36.49,77.05,901
2026-03-10T17:00:00Z,redis-cache,21.5,37.6,5450,3.8,0,65.4,81.75,0
2026-03-10T18:00:00Z,api-gateway,25.7,26.8,1081,20.7,0,92.13,128.98,0
2026-03-10T18:00:00Z,notification-service,18.2,29.3,315,31.3,0,9.45,20.48,128
2026-03-10T18:00:00Z,object-storage,5.9,12.0,2406,20.0,0,356.96,92.6,0
2026-03-10T18:00:00Z,order-api,32.4,41.2,699,49.1,1,38.45,52.42,1972
2026-03-10T18:00:00Z,payment-service,22.7,33.3,271,76.7,1,9.49,9.49,413
2026-03-10T18:00:00Z,postgres-db,31.1,62.6,3239,18.8,0,25.91,58.3,3239
2026-03-10T18:00:00Z,recommendation-service,44.8,59.2,779,56.4,1,35.05,74.0,854
2026-03-10T18:00:00Z,redis-cache,21.3,38.5,5114,3.2,0,61.37,76.71,0
2026-03-10T19:00:00Z,api-gateway,23.4,26.5,1026,20.5,0,87.99,121.64,0
2026-03-10T19:00:00Z,notification-service,18.0,27.1,302,32.7,0,9.06,19.63,124
2026-03-10T19:00:00Z,object-storage,5.8,12.2,2507,23.6,0,411.72,101.22,0
2026-03-10T19:00:00Z,order-api,33.9,43.3,670,50.9,1,36.85,50.25,1895
2026-03-10T19:00:00Z,payment-service,20.9,31.9,256,76.5,1,8.96,8.96,390
2026-03-10T19:00:00Z,postgres-db,29.8,63.8,3095,20.1,0,24.76,55.71,3095
2026-03-10T19:00:00Z,recommendation-service,42.1,59.6,727,52.8,1,32.71,69.06,810
2026-03-10T19:00:00Z,redis-cache,20.8,37.1,4814,3.1,0,57.77,72.21,0
2026-03-10T20:00:00Z,api-gateway,24.5,25.7,893,21.2,1,76.82,104.66,0
2026-03-10T20:00:00Z,notification-service,16.4,27.2,251,34.0,1,7.53,16.32,104
2026-03-10T20:00:00Z,object-storage,6.3,11.6,2206,20.2,0,355.67,76.71,0
2026-03-10T20:00:00Z,order-api,29.8,40.8,578,47.8,0,31.79,43.35,1628
2026-03-10T20:00:00Z,payment-service,18.8,31.3,225,71.3,0,7.88,7.88,338
2026-03-10T20:00:00Z,postgres-db,28.8,64.3,2684,20.1,0,21.47,48.31,2684
2026-03-10T20:00:00Z,recommendation-service,42.9,57.9,647,51.8,0,29.11,61.47,718
2026-03-10T20:00:00Z,redis-cache,20.5,37.4,4260,3.4,0,51.12,63.9,0
2026-03-10T21:00:00Z,api-gateway,24.4,25.7,789,19.4,2,66.12,94.62,0
2026-03-10T21:00:00Z,notification-service,15.8,27.1,224,29.8,1,6.72,14.56,88
2026-03-10T21:00:00Z,object-storage,6.1,11.5,2095,22.8,0,357.75,78.25,0
2026-03-10T21:00:00Z,order-api,29.1,42.6,515,46.8,1,28.32,38.62,1455
2026-03-10T21:00:00Z,payment-service,20.4,31.7,188,71.6,0,6.58,6.58,286
2026-03-10T21:00:00Z,postgres-db,30.4,64.9,2361,17.1,0,18.89,42.5,2361
2026-03-10T21:00:00Z,recommendation-service,42.5,59.2,564,51.6,1,25.38,53.58,620
2026-03-10T21:00:00Z,redis-cache,18.3,37.9,3764,3.0,0,45.17,56.46,0
2026-03-10T22:00:00Z,api-gateway,21.5,26.9,710,19.2,1,59.09,82.33,0
2026-03-10T22:00:00Z,notification-service,14.4,29.4,220,33.5,0,6.6,14.3,86
2026-03-10T22:00:00Z,object-storage,6.5,11.8,2183,23.1,0,321.57,64.47,0
2026-03-10T22:00:00Z,order-api,28.9,42.3,470,46.3,0,25.85,35.25,1329
2026-03-10T22:00:00Z,payment-service,18.7,31.5,174,72.2,0,6.09,6.09,270
2026-03-10T22:00:00Z,postgres-db,30.4,63.7,2179,16.8,0,17.43,39.22,2179
2026-03-10T22:00:00Z,recommendation-service,41.6,59.6,520,52.9,0,23.4,49.4,580
2026-03-10T22:00:00Z,redis-cache,19.8,38.8,3430,4.0,0,41.16,51.45,0
2026-03-10T23:00:00Z,api-gateway,21.6,25.0,627,18.8,0,51.66,73.71,0
2026-03-10T23:00:00Z,notification-service,15.1,27.2,190,32.7,1,5.7,12.35,74
2026-03-10T23:00:00Z,object-storage,6.3,12.1,2110,23.0,0,333.16,59.83,0
2026-03-10T23:00:00Z,order-api,29.6,41.5,413,46.0,0,22.71,30.97,1155
2026-03-10T23:00:00Z,payment-service,19.3,33.2,159,71.6,1,5.57,5.57,242
2026-03-10T23:00:00Z,postgres-db,29.3,65.0,1907,18.6,0,15.26,34.33,1907
2026-03-10T23:00:00Z,recommendation-service,37.9,56.5,457,53.9,0,20.56,43.41,510
2026-03-10T23:00:00Z,redis-cache,17.7,37.1,3008,3.5,0,36.1,45.12,0
2026-03-11T00:00:00Z,api-gateway,21.3,26.0,574,19.2,0,48.34,70.81,0
2026-03-11T00:00:00Z,notification-service,14.4,27.6,167,31.8,0,5.01,10.86,67
2026-03-11T00:00:00Z,object-storage,6.3,12.5,2100,22.1,0,336.93,55.47,0
2026-03-11T00:00:00Z,order-api,29.2,41.7,359,43.6,1,19.75,26.93,1018
2026-03-11T00:00:00Z,payment-service,16.9,32.6,135,66.3,1,4.73,4.73,208
2026-03-11T00:00:00Z,postgres-db,28.8,63.7,1666,18.5,0,13.33,29.99,1666
2026-03-11T00:00:00Z,recommendation-service,37.9,58.3,401,51.1,0,18.04,38.09,440
2026-03-11T00:00:00Z,redis-cache,16.8,38.3,2614,3.6,0,31.37,39.21,0
2026-03-11T01:00:00Z,api-gateway,20.9,26.3,571,20.1,1,46.73,67.21,0
2026-03-11T01:00:00Z,notification-service,15.8,28.6,157,30.5,1,4.71,10.21,66
2026-03-11T01:00:00Z,object-storage,6.0,12.0,2609,20.3,0,360.71,46.73,0
2026-03-11T01:00:00Z,order-api,27.3,41.5,359,47.9,1,19.75,26.93,995
2026-03-11T01:00:00Z,payment-service,17.5,33.0,133,69.8,0,4.66,4.66,196
2026-03-11T01:00:00Z,postgres-db,27.8,63.2,1615,16.4,0,12.92,29.07,1615
2026-03-11T01:00:00Z,recommendation-service,37.9,58.5,399,52.3,0,17.95,37.91,424
2026-03-11T01:00:00Z,redis-cache,18.1,38.3,2592,3.4,0,31.1,38.88,0
2026-03-11T02:00:00Z,api-gateway,23.1,24.8,556,20.7,2,46.95,63.85,0
2026-03-11T02:00:00Z,notification-service,14.2,26.6,163,31.5,0,4.89,10.6,62
2026-03-11T02:00:00Z,object-storage,6.5,11.8,2050,20.9,0,328.35,48.21,0
2026-03-11T02:00:00Z,order-api,26.6,42.6,374,48.0,1,20.57,28.05,1044
2026-03-11T02:00:00Z,payment-service,17.2,31.3,135,67.9,1,4.73,4.73,209
2026-03-11T02:00:00Z,postgres-db,28.0,64.8,1684,17.0,0,13.47,30.31,1684
2026-03-11T02:00:00Z,recommendation-service,39.7,57.5,394,51.5,1,17.73,37.43,431
2026-03-11T02:00:00Z,redis-cache,17.9,38.8,2687,3.7,0,32.24,40.3,0
2026-03-11T03:00:00Z,api-gateway,22.0,25.9,561,18.9,1,49.4,64.4,0
2026-03-11T03:00:00Z,notification-service,15.9,26.6,160,34.8,1,4.8,10.4,63
2026-03-11T03:00:00Z,object-storage,6.4,11.6,2130,22.4,0,393.29,45.03,0
2026-03-11T03:00:00Z,order-api,26.8,41.8,359,45.4,1,19.75,26.93,993
2026-03-11T03:00:00Z,payment-service,18.8,31.3,139,65.9,1,4.87,4.87,217
2026-03-11T03:00:00Z,postgres-db,26.1,63.4,1653,18.2,0,13.22,29.75,1653
2026-03-11T03:00:00Z,recommendation-service,38.9,57.4,407,50.1,1,18.31,38.66,443
2026-03-11T03:00:00Z,redis-cache,17.9,37.3,2609,3.4,0,31.31,39.13,0
2026-03-11T04:00:00Z,api-gateway,20.9,26.3,591,20.2,1,49.87,72.43,0
2026-03-11T04:00:00Z,notification-service,16.0,27.7,174,32.8,1,5.22,11.31,65
2026-03-11T04:00:00Z,object-storage,6.5,12.1,2175,22.9,0,362.04,51.43,0
2026-03-11T04:00:00Z,order-api,28.1,41.3,381,45.0,0,20.96,28.57,1082
2026-03-11T04:00:00Z,payment-service,19.3,31.5,152,70.4,0,5.32,5.32,235
2026-03-11T04:00:00Z,postgres-db,26.5,64.1,1774,17.3,0,14.19,31.93,1774
2026-03-11T04:00:00Z,recommendation-service,38.9,59.3,425,51.7,1,19.12,40.38,457
2026-03-11T04:00:00Z,redis-cache,16.7,38.8,2787,3.4,0,33.44,41.8,0
2026-03-11T05:00:00Z,api-gateway,21.9,26.4,643,20.8,1,54.86,79.34,0
2026-03-11T05:00:00Z,notification-service,13.3,28.5,182,34.2,1,5.46,11.83,76
2026-03-11T05:00:00Z,object-storage,5.9,11.8,2412,22.9,0,353.82,63.46,0
2026-03-11T05:00:00Z,order-api,27.1,41.5,428,48.5,0,23.54,32.1,1215
2026-03-11T05:00:00Z,payment-service,18.4,31.4,169,73.8,0,5.92,5.92,252
2026-03-11T05:00:00Z,postgres-db,26.3,64.3,1968,17.5,0,15.74,35.42,1968
2026-03-11T05:00:00Z,recommendation-service,39.9,60.0,456,54.1,1,20.52,43.32,501
2026-03-11T05:00:00Z,redis-cache,17.1,37.9,3108,4.0,0,37.3,46.62,0
2026-03-11T06:00:00Z,api-gateway,23.3,25.6,692,19.4,2,59.9,82.22,0
2026-03-11T06:00:00Z,notification-service,15.7,28.2,210,32.6,1,6.3,13.65,80
2026-03-11T06:00:00Z,object-storage,5.7,11.9,2145,21.5,0,366.14,70.6,0
2026-03-11T06:00:00Z,order-api,28.9,42.6,456,46.1,0,25.08,34.2,1262
2026-03-11T06:00:00Z,payment-service,19.9,32.8,169,67.5,0,5.92,5.92,251
2026-03-11T06:00:00Z,postgres-db,26.5,65.2,2060,18.0,0,16.48,37.08,2060
2026-03-11T06:00:00Z,recommendation-service,41.8,59.2,494,50.9,0,22.23,46.93,547
2026-03-11T06:00:00Z,redis-cache,17.6,37.6,3277,3.4,0,39.32,49.16,0
2026-03-11T07:00:00Z,api-gateway,22.8,26.8,805,20.6,0,67.59,95.91,0
2026-03-11T07:00:00Z,notification-service,14.9,27.2,233,30.7,1,6.99,15.15,96
2026-03-11T07:00:00Z,object-storage,5.9,12.0,2614,23.7,0,390.33,79.25,0
2026-03-11T07:00:00Z,order-api,28.0,40.8,527,46.1,1,28.98,39.52,1465
2026-03-11T07:00:00Z,payment-service,20.5,33.5,203,71.0,1,7.11,7.11,297
2026-03-11T07:00:00Z,postgres-db,29.2,63.0,2405,18.5,0,19.24,43.29,2405
2026-03-11T07:00:00Z,recommendation-service,40.1,59.4,575,52.3,0,25.88,54.62,643
2026-03-11T07:00:00Z,redis-cache,20.3,37.0,3797,3.9,0,45.56,56.95,0
2026-03-11T08:00:00Z,api-gateway,23.1,27.0,901,19.9,0,75.9,105.52,0
2026-03-11T08:00:00Z,notification-service,16.1,28.2,258,31.8,1,7.74,16.77,106
2026-03-11T08:00:00Z,object-storage,6.1,11.7,2455,20.5,0,341.88,77.82,0
2026-03-11T08:00:00Z,order-api,30.9,43.0,587,50.1,1,32.29,44.02,1625
2026-03-11T08:00:00Z,payment-service,19.5,31.3,224,74.4,1,7.84,7.84,339
2026-03-11T08:00:00Z,postgres-db,28.4,63.1,2671,19.7,0,21.37,48.08,2671
2026-03-11T08:00:00Z,recommendation-service,43.3,57.8,642,51.3,1,28.89,60.99,707
2026-03-11T08:00:00Z,redis-cache,20.8,38.0,4228,3.1,0,50.74,63.42,0
2026-03-11T09:00:00Z,api-gateway,24.9,27.6,992,19.3,2,85.43,117.21,0
2026-03-11T09:00:00Z,notification-service,16.1,27.4,285,34.6,0,8.55,18.53,115
2026-03-11T09:00:00Z,object-storage,5.7,12.3,2365,23.1,0,373.3,90.98,0
2026-03-11T09:00:00Z,order-api,32.3,41.8,653,45.5,1,35.91,48.98,1832
2026-03-11T09:00:00Z,payment-service,19.8,32.0,248,73.4,1,8.68,8.68,367
2026-03-11T09:00:00Z,postgres-db,32.9,65.3,2992,19.0,0,23.94,53.86,2992
2026-03-11T09:00:00Z,recommendation-service,42.9,57.1,723,55.2,0,32.53,68.69,793
2026-03-11T09:00:00Z,redis-cache,21.8,37.9,4752,3.2,0,57.02,71.28,0
2026-03-11T10:00:00Z,api-gateway,36.4,32.1,2717,98.8,82,232.01,327.75,0
2026-03-11T10:00:00Z,notification-service,24.8,27.5,792,32.4,0,23.76,51.48,313
2026-03-11T10:00:00Z,object-storage,6.4,11.6,2624,21.0,0,372.49,95.53,0
2026-03-11T10:00:00Z,order-api,82.2,43.8,1769,342.6,105,97.3,132.67,4964
2026-03-11T10:00:00Z,payment-service,31.9,31.9,668,90.1,0,23.38,23.38,994
2026-03-11T10:00:00Z,postgres-db,87.5,63.7,8102,212.2,0,64.82,145.84,8102
2026-03-11T10:00:00Z,recommendation-service,83.6,59.0,1952,306.1,50,87.84,185.44,2144
2026-03-11T10:00:00Z,redis-cache,97.0,38.4,12916,110.3,123,154.99,193.74,0
2026-03-11T11:00:00Z,api-gateway,39.2,33.5,3114,102.0,59,263.81,374.32,0
2026-03-11T11:00:00Z,notification-service,25.4,27.5,904,33.1,1,27.12,58.76,359
2026-03-11T11:00:00Z,object-storage,5.5,11.6,2287,21.6,0,386.13,109.61,0
2026-03-11T11:00:00Z,order-api,87.7,41.1,2012,341.3,60,110.66,150.9,5618
2026-03-11T11:00:00Z,payment-service,32.4,32.8,768,89.9,0,26.88,26.88,1145
2026-03-11T11:00:00Z,postgres-db,90.4,63.4,9231,182.7,0,73.85,166.16,9231
2026-03-11T11:00:00Z,recommendation-service,87.6,56.4,2237,307.5,44,100.66,212.52,2468
2026-03-11T11:00:00Z,redis-cache,96.1,38.7,14730,131.0,106,176.76,220.95,0
2026-03-11T12:00:00Z,api-gateway,38.2,33.4,3252,99.7,65,277.61,391.98,0
2026-03-11T12:00:00Z,notification-service,26.0,27.3,946,30.3,1,28.38,61.49,376
2026-03-11T12:00:00Z,object-storage,6.2,12.3,2787,22.3,0,358.56,120.83,0
2026-03-11T12:00:00Z,order-api,89.3,42.9,2116,343.6,88,116.38,158.7,5936
2026-03-11T12:00:00Z,payment-service,34.9,30.8,808,95.3,1,28.28,28.28,1221
2026-03-11T12:00:00Z,postgres-db,87.4,62.7,9750,201.1,0,78.0,175.5,9750
2026-03-11T12:00:00Z,recommendation-service,91.7,57.7,2347,308.8,66,105.61,222.97,2593
2026-03-11T12:00:00Z,redis-cache,94.5,37.0,15484,129.0,91,185.81,232.26,0
2026-03-11T13:00:00Z,api-gateway,39.1,32.7,3312,101.6,89,282.64,397.68,0
2026-03-11T13:00:00Z,notification-service,26.0,27.1,971,34.9,1,29.13,63.12,386
2026-03-11T13:00:00Z,object-storage,5.6,12.0,2782,20.0,0,380.47,115.28,0
2026-03-11T13:00:00Z,order-api,88.5,40.9,2147,341.7,68,118.08,161.03,6008
2026-03-11T13:00:00Z,payment-service,33.3,31.6,822,89.5,1,28.77,28.77,1231
2026-03-11T13:00:00Z,postgres-db,90.7,63.1,9866,183.7,0,78.93,177.59,9866
2026-03-11T13:00:00Z,recommendation-service,90.9,57.8,2392,312.0,53,107.64,227.24,2627
2026-03-11T13:00:00Z,redis-cache,94.9,37.2,15748,117.1,144,188.98,236.22,0
2026-03-11T14:00:00Z,api-gateway,40.4,34.6,3390,100.9,61,286.49,407.66,0
2026-03-11T14:00:00Z,notification-service,27.7,27.5,987,34.3,0,29.61,64.16,398
2026-03-11T14:00:00Z,object-storage,5.5,11.9,2313,22.4,0,422.72,114.15,0
2026-03-11T14:00:00Z,order-api,91.8,41.1,2202,344.9,67,121.11,165.15,6151
2026-03-11T14:00:00Z,payment-service,33.4,31.0,837,94.5,1,29.3,29.3,1246
2026-03-11T14:00:00Z,postgres-db,90.7,65.4,10079,187.3,0,80.63,181.42,10079
2026-03-11T14:00:00Z,recommendation-service,93.8,58.6,2448,310.3,38,110.16,232.56,2682
2026-03-11T14:00:00Z,redis-cache,96.7,38.0,16071,131.8,113,192.85,241.06,0
2026-03-11T15:00:00Z,api-gateway,37.8,33.1,3138,102.3,72,266.88,374.37,0
2026-03-11T15:00:00Z,notification-service,26.2,28.2,917,34.6,0,27.51,59.61,370
2026-03-11T15:00:00Z,object-storage,5.5,11.7,2724,20.7,0,354.76,103.19,0
2026-03-11T15:00:00Z,order-api,86.9,41.9,2043,344.8,75,112.36,153.22,5726
2026-03-11T15:00:00Z,payment-service,33.8,31.9,778,92.9,1,27.23,27.23,1160
2026-03-11T15:00:00Z,postgres-db,86.3,62.8,9351,206.4,0,74.81,168.32,9351
2026-03-11T15:00:00Z,recommendation-service,87.6,59.8,2252,307.5,50,101.34,213.94,2465
2026-03-11T15:00:00Z,redis-cache,97.6,38.0,14924,126.6,101,179.09,223.86,0
2026-03-11T16:00:00Z,api-gateway,38.6,32.7,3104,101.1,52,264.15,372.19,0
2026-03-11T16:00:00Z,notification-service,26.9,29.5,907,30.2,1,27.21,58.96,360
2026-03-11T16:00:00Z,object-storage,6.2,11.9,2543,22.4,0,405.24,115.26,0
2026-03-11T16:00:00Z,order-api,87.5,40.5,2021,340.9,74,111.16,151.57,5675
2026-03-11T16:00:00Z,payment-service,32.3,32.9,774,90.7,1,27.09,27.09,1164
2026-03-11T16:00:00Z,postgres-db,85.8,63.2,9305,202.0,0,74.44,167.49,9305
2026-03-11T16:00:00Z,recommendation-service,88.2,58.1,2238,306.4,78,100.71,212.61,2466
2026-03-11T16:00:00Z,redis-cache,94.8,37.9,14784,130.3,135,177.41,221.76,0
2026-03-11T17:00:00Z,api-gateway,39.1,32.7,2966,100.0,70,250.77,356.73,0
2026-03-11T17:00:00Z,notification-service,24.1,29.0,869,29.4,1,26.07,56.48,345
2026-03-11T17:00:00Z,object-storage,5.6,12.2,2646,23.8,0,399.22,103.77,0
2026-03-11T17:00:00Z,order-api,87.1,40.6,1938,344.0,70,106.59,145.35,5440
2026-03-11T17:00:00Z,payment-service,33.7,31.4,743,93.0,1,26.01,26.01,1122
2026-03-11T17:00:00Z,postgres-db,85.4,64.3,8911,196.4,0,71.29,160.4,8911
2026-03-11T17:00:00Z,recommendation-service,85.7,59.8,2134,305.1,45,96.03,202.73,2349
2026-03-11T17:00:00Z,redis-cache,95.3,38.6,14140,127.5,148,169.68,212.1,0
2026-03-11T18:00:00Z,api-gateway,35.4,31.1,2696,100.1,47,229.8,322.31,0
2026-03-11T18:00:00Z,notification-service,23.8,27.8,786,34.0,1,23.58,51.09,310
2026-03-11T18:00:00Z,object-storage,6.3,11.7,2235,22.0,0,399.59,97.78,0
2026-03-11T18:00:00Z,order-api,83.2,40.3,1759,342.5,70,96.75,131.92,4918
2026-03-11T18:00:00Z,payment-service,30.4,33.2,676,84.4,0,23.66,23.66,1015
2026-03-11T18:00:00Z,postgres-db,91.1,64.3,8066,206.6,0,64.53,145.19,8066
2026-03-11T18:00:00Z,recommendation-service,84.9,59.2,1950,307.9,79,87.75,185.25,2133
2026-03-11T18:00:00Z,redis-cache,95.5,38.3,12884,125.3,114,154.61,193.26,0
2026-03-11T19:00:00Z,api-gateway,36.5,31.4,2623,99.6,71,222.49,315.37,0
2026-03-11T19:00:00Z,notification-service,22.9,27.8,780,29.3,0,23.4,50.7,316
2026-03-11T19:00:00Z,object-storage,6.3,11.7,2409,23.1,0,363.05,89.71,0
2026-03-11T19:00:00Z,order-api,84.5,42.3,1713,336.8,98,94.22,128.47,4790
2026-03-11T19:00:00Z,payment-service,30.1,31.7,657,88.9,0,23.0,23.0,991
2026-03-11T19:00:00Z,postgres-db,85.2,62.6,7871,217.8,0,62.97,141.68,7871
2026-03-11T19:00:00Z,recommendation-service,83.5,58.1,1897,308.5,69,85.36,180.22,2090
2026-03-11T19:00:00Z,redis-cache,95.4,38.5,12539,128.6,120,150.47,188.08,0
2026-03-11T20:00:00Z,api-gateway,35.0,30.7,2397,99.3,83,205.09,286.01,0
2026-03-11T20:00:00Z,notification-service,21.4,29.4,704,33.9,1,21.12,45.76,279
2026-03-11T20:00:00Z,object-storage,5.6,12.5,2548,21.8,0,347.29,85.35,0
2026-03-11T20:00:00Z,order-api,81.1,42.6,1546,336.3,76,85.03,115.95,4316
2026-03-11T20:00:00Z,payment-service,29.2,31.6,583,86.9,1,20.41,20.41,879
2026-03-11T20:00:00Z,postgres-db,89.9,64.1,7110,187.9,0,56.88,127.98,7110
2026-03-11T20:00:00Z,recommendation-service,79.9,56.4,1736,304.8,59,78.12,164.92,1915
2026-03-11T20:00:00Z,redis-cache,97.0,37.8,11361,118.6,125,136.33,170.41,0
2026-03-11T21:00:00Z,api-gateway,33.4,29.6,2095,97.4,53,176.94,248.47,0
2026-03-11T21:00:00Z,notification-service,22.0,28.3,602,33.3,1,18.06,39.13,242
2026-03-11T21:00:00Z,object-storage,6.5,12.0,2402,22.3,0,354.11,75.83,0
2026-03-11T21:00:00Z,order-api,77.7,43.4,1347,335.0,79,74.08,101.02,3774
2026-03-11T21:00:00Z,payment-service,27.3,32.4,517,85.3,1,18.1,18.1,780
2026-03-11T21:00:00Z,postgres-db,85.9,63.6,6230,214.4,0,49.84,112.14,6230
2026-03-11T21:00:00Z,recommendation-service,78.8,59.2,1513,300.8,76,68.08,143.74,1676
2026-03-11T21:00:00Z,redis-cache,97.2,37.3,9873,117.8,132,118.48,148.09,0
2026-03-11T22:00:00Z,api-gateway,31.1,29.8,1939,96.5,75,166.29,230.57,0
2026-03-11T22:00:00Z,notification-service,21.2,27.0,563,30.1,1,16.89,36.59,225
2026-03-11T22:00:00Z,object-storage,5.6,12.4,2308,22.3,0,380.61,66.59,0
2026-03-11T22:00:00Z,order-api,76.6,42.3,1247,337.2,85,68.58,93.52,3500
2026-03-11T22:00:00Z,payment-service,27.5,33.5,477,78.6,0,16.7,16.7,716
2026-03-11T22:00:00Z,postgres-db,89.3,63.4,5745,208.5,0,45.96,103.41,5745
2026-03-11T22:00:00Z,recommendation-service,74.4,58.3,1400,303.4,57,63.0,133.0,1529
2026-03-11T22:00:00Z,redis-cache,97.1,38.2,9126,125.6,112,109.51,136.89,0
2026-03-11T23:00:00Z,api-gateway,21.0,25.5,626,20.2,2,53.21,73.23,0
2026-03-11T23:00:00Z,notification-service,14.2,29.1,175,34.5,1,5.25,11.38,70
2026-03-11T23:00:00Z,object-storage,6.2,12.4,2068,20.7,0,313.54,62.56,0
2026-03-11T23:00:00Z,order-api,27.0,43.9,403,46.8,0,22.16,30.22,1138
2026-03-11T23:00:00Z,payment-service,17.1,32.3,153,74.0,0,5.36,5.36,226
2026-03-11T23:00:00Z,postgres-db,29.1,64.2,1836,18.9,0,14.69,33.05,1836
2026-03-11T23:00:00Z,recommendation-service,41.1,58.1,442,49.2,0,19.89,41.99,472
2026-03-11T23:00:00Z,redis-cache,17.0,38.2,2966,3.2,0,35.59,44.49,0
2026-03-12T00:00:00Z,api-gateway,23.2,26.3,589,18.9,0,49.46,68.76,0
2026-03-12T00:00:00Z,notification-service,13.5,28.1,179,33.0,0,5.37,11.63,71
2026-03-12T00:00:00Z,object-storage,6.0,11.9,2292,22.2,0,324.81,51.21,0
2026-03-12T00:00:00Z,order-api,29.3,42.0,383,46.5,1,21.07,28.72,1089
2026-03-12T00:00:00Z,payment-service,19.8,32.1,152,69.2,0,5.32,5.32,220
2026-03-12T00:00:00Z,postgres-db,26.9,63.6,1767,19.0,0,14.14,31.81,1767
2026-03-12T00:00:00Z,recommendation-service,38.4,57.5,425,50.4,1,19.12,40.38,458
2026-03-12T00:00:00Z,redis-cache,18.7,38.8,2832,3.7,0,33.98,42.48,0
2026-03-12T01:00:00Z,api-gateway,21.6,24.8,571,18.0,0,48.78,69.18,0
2026-03-12T01:00:00Z,notification-service,15.0,29.2,161,29.6,1,4.83,10.46,68
2026-03-12T01:00:00Z,object-storage,5.6,11.7,2575,20.8,0,328.86,44.67,0
2026-03-12T01:00:00Z,order-api,29.4,43.1,365,47.3,1,20.07,27.38,1023
2026-03-12T01:00:00Z,payment-service,19.4,31.4,131,70.1,1,4.59,4.59,197
2026-03-12T01:00:00Z,postgres-db,28.9,62.7,1666,18.6,0,13.33,29.99,1666
2026-03-12T01:00:00Z,recommendation-service,39.8,58.1,414,49.2,0,18.63,39.33,446
2026-03-12T01:00:00Z,redis-cache,18.3,38.0,2722,3.2,0,32.66,40.83,0
2026-03-12T02:00:00Z,api-gateway,20.2,25.1,548,20.3,2,48.52,68.68,0
2026-03-12T02:00:00Z,notification-service,15.0,27.8,162,33.0,0,4.86,10.53,66
2026-03-12T02:00:00Z,object-storage,6.4,12.0,2143,20.7,0,362.44,57.35,0
2026-03-12T02:00:00Z,order-api,27.0,43.4,365,42.9,0,20.07,27.38,1011
2026-03-12T02:00:00Z,payment-service,19.4,31.8,141,70.3,1,4.94,4.94,214
2026-03-12T02:00:00Z,postgres-db,26.6,63.3,1648,18.9,0,13.18,29.66,1648
2026-03-12T02:00:00Z,recommendation-service,39.9,58.9,387,50.3,1,17.41,36.77,423
2026-03-12T02:00:00Z,redis-cache,17.5,38.2,2641,3.6,0,31.69,39.62,0
2026-03-12T03:00:00Z,api-gateway,21.9,25.2,571,19.6,0,47.01,70.46,0
2026-03-12T03:00:00Z,notification-service,14.2,29.4,180,34.5,0,5.4,11.7,69
2026-03-12T03:00:00Z,object-storage,5.9,11.7,2135,21.2,0,359.22,47.31,0
2026-03-12T03:00:00Z,order-api,29.5,42.2,382,45.8,0,21.01,28.65,1089
2026-03-12T03:00:00Z,payment-service,17.2,31.2,144,72.5,0,5.04,5.04,221
2026-03-12T03:00:00Z,postgres-db,25.5,65.3,1772,18.6,0,14.18,31.9,1772
2026-03-12T03:00:00Z,recommendation-service,37.9,58.5,418,51.6,0,18.81,39.71,462
2026-03-12T03:00:00Z,redis-cache,16.8,37.6,2749,3.6,0,32.99,41.23,0
2026-03-12T04:00:00Z,api-gateway,20.6,25.2,585,19.5,1,48.3,72.99,0
2026-03-12T04:00:00Z,notification-service,14.4,28.7,167,33.1,1,5.01,10.86,65
2026-03-12T04:00:00Z,object-storage,6.0,12.4,2125,20.6,0,363.04,51.42,0
2026-03-12T04:00:00Z,order-api,28.2,41.6,366,45.9,1,20.13,27.45,1011
2026-03-12T04:00:00Z,payment-service,18.0,30.9,146,66.7,0,5.11,5.11,216
2026-03-12T04:00:00Z,postgres-db,27.3,62.7,1695,18.1,0,13.56,30.51,1695
2026-03-12T04:00:00Z,recommendation-service,40.2,59.1,422,49.7,0,18.99,40.09,468
2026-03-12T04:00:00Z,redis-cache,19.0,38.3,2751,3.3,0,33.01,41.27,0
2026-03-12T05:00:00Z,api-gateway,23.7,26.6,628,19.2,0,54.6,73.22,0
2026-03-12T05:00:00Z,notification-service,15.5,27.7,183,32.9,0,5.49,11.89,69
2026-03-12T05:00:00Z,object-storage,6.2,11.8,2050,23.3,0,334.17,59.6,0
2026-03-12T05:00:00Z,order-api,28.9,42.2,406,44.4,0,22.33,30.45,1150
2026-03-12T05:00:00Z,payment-service,19.8,31.8,151,69.4,1,5.29,5.29,225
2026-03-12T05:00:00Z,postgres-db,26.4,63.1,1860,16.9,0,14.88,33.48,1860
2026-03-12T05:00:00Z,recommendation-service,38.8,57.3,449,51.6,1,20.2,42.66,485
2026-03-12T05:00:00Z,redis-cache,18.5,38.2,2992,3.9,0,35.9,44.88,0
2026-03-12T06:00:00Z,api-gateway,22.5,26.1,722,18.8,1,62.15,85.96,0
2026-03-12T06:00:00Z,notification-service,16.3,27.1,209,29.9,0,6.27,13.59,87
2026-03-12T06:00:00Z,object-storage,6.4,12.1,2238,23.3,0,327.03,69.53,0
2026-03-12T06:00:00Z,order-api,28.2,43.0,474,47.1,0,26.07,35.55,1323
2026-03-12T06:00:00Z,payment-service,18.4,31.7,184,70.9,1,6.44,6.44,268
2026-03-12T06:00:00Z,postgres-db,29.3,64.9,2185,16.9,0,17.48,39.33,2185
2026-03-12T06:00:00Z,recommendation-service,40.0,59.7,530,53.7,1,23.85,50.35,594
2026-03-12T06:00:00Z,redis-cache,19.7,37.1,3435,3.9,0,41.22,51.52,0
2026-03-12T07:00:00Z,api-gateway,22.4,26.2,810,20.1,1,67.48,97.51,0
2026-03-12T07:00:00Z,notification-service,14.4,26.9,243,30.8,0,7.29,15.79,93
2026-03-12T07:00:00Z,object-storage,6.3,12.2,2692,23.8,0,328.78,77.71,0
2026-03-12T07:00:00Z,order-api,31.8,42.8,525,49.7,1,28.88,39.38,1476
2026-03-12T07:00:00Z,payment-service,19.3,32.8,193,68.5,0,6.76,6.76,287
2026-03-12T07:00:00Z,postgres-db,27.9,65.2,2398,19.8,0,19.18,43.16,2398
2026-03-12T07:00:00Z,recommendation-service,39.6,58.8,575,55.3,1,25.88,54.62,635
2026-03-12T07:00:00Z,redis-cache,19.3,38.8,3850,4.0,0,46.2,57.75,0
2026-03-12T08:00:00Z,api-gateway,22.6,27.4,907,20.0,0,78.5,106.99,0
2026-03-12T08:00:00Z,notification-service,16.6,27.5,265,33.8,1,7.95,17.23,108
2026-03-12T08:00:00Z,object-storage,5.8,12.4,2296,22.9,0,402.74,83.0,0
2026-03-12T08:00:00Z,order-api,30.8,43.7,582,47.8,1,32.01,43.65,1611
2026-03-12T08:00:00Z,payment-service,19.5,31.8,216,71.7,0,7.56,7.56,328
2026-03-12T08:00:00Z,postgres-db,30.5,64.7,2678,17.2,0,21.42,48.2,2678
2026-03-12T08:00:00Z,recommendation-service,42.7,56.3,659,54.5,0,29.65,62.61,739
2026-03-12T08:00:00Z,redis-cache,20.9,37.8,4280,3.0,0,51.36,64.2,0
2026-03-12T09:00:00Z,api-gateway,25.3,26.6,1026,20.6,0,88.45,124.96,0
2026-03-12T09:00:00Z,notification-service,15.1,28.9,303,30.4,0,9.09,19.7,116
2026-03-12T09:00:00Z,object-storage,6.0,12.0,2288,20.8,0,363.53,95.78,0
2026-03-12T09:00:00Z,order-api,30.1,41.5,655,46.5,1,36.02,49.12,1845
2026-03-12T09:00:00Z,payment-service,19.5,30.5,254,75.9,1,8.89,8.89,383
2026-03-12T09:00:00Z,postgres-db,29.5,62.9,3039,19.7,0,24.31,54.7,3039
2026-03-12T09:00:00Z,recommendation-service,44.5,59.5,730,54.6,1,32.85,69.35,811
2026-03-12T09:00:00Z,redis-cache,21.1,37.2,4770,3.1,0,57.24,71.55,0
2026-03-12T10:00:00Z,api-gateway,24.0,26.6,1095,19.3,0,91.87,129.26,0
2026-03-12T10:00:00Z,notification-service,17.2,29.0,325,29.5,1,9.75,21.12,132
2026-03-12T10:00:00Z,object-storage,6.2,11.6,2599,22.4,0,397.75,98.18,0
2026-03-12T10:00:00Z,order-api,34.6,42.8,713,50.3,0,39.22,53.48,1983
2026-03-12T10:00:00Z,payment-service,22.7,31.0,268,75.0,1,9.38,9.38,404
2026-03-12T10:00:00Z,postgres-db,32.4,65.4,3254,18.5,0,26.03,58.57,3254
2026-03-12T10:00:00Z,recommendation-service,44.1,57.7,788,57.4,1,35.46,74.86,867
2026-03-12T10:00:00Z,redis-cache,19.7,37.1,5221,3.3,0,62.65,78.31,0
2026-03-12T11:00:00Z,api-gateway,26.4,27.2,1114,21.5,1,94.69,135.26,0
2026-03-12T11:00:00Z,notification-service,15.9,28.3,326,30.1,0,9.78,21.19,129
2026-03-12T11:00:00Z,object-storage,5.8,11.5,2532,21.6,0,356.62,109.44,0
2026-03-12T11:00:00Z,order-api,34.8,40.8,718,49.7,0,39.49,53.85,2004
2026-03-12T11:00:00Z,payment-service,21.2,33.3,272,76.8,1,9.52,9.52,407
2026-03-12T11:00:00Z,postgres-db,30.4,63.5,3288,20.8,0,26.3,59.18,3288
2026-03-12T11:00:00Z,recommendation-service,45.2,56.6,811,57.1,0,36.49,77.05,877
2026-03-12T11:00:00Z,redis-cache,20.8,37.0,5296,3.8,0,63.55,79.44,0
2026-03-12T12:00:00Z,api-gateway,25.9,28.4,1210,20.0,2,101.09,147.97,0
2026-03-12T12:00:00Z,notification-service,16.6,27.2,342,34.2,0,10.26,22.23,140
2026-03-12T12:00:00Z,object-storage,6.3,12.1,2348,22.3,0,369.63,106.07,0
2026-03-12T12:00:00Z,order-api,32.9,41.9,773,48.5,0,42.52,57.97,2182
2026-03-12T12:00:00Z,payment-service,21.7,30.5,298,73.4,0,10.43,10.43,449
2026-03-12T12:00:00Z,postgres-db,34.0,65.1,3600,19.2,0,28.8,64.8,3600
2026-03-12T12:00:00Z,recommendation-service,46.1,56.5,875,54.0,0,39.38,83.12,969
2026-03-12T12:00:00Z,redis-cache,20.3,37.9,5734,3.4,0,68.81,86.01,0
2026-03-12T13:00:00Z,api-gateway,25.6,27.9,1260,20.4,2,107.05,151.02,0
2026-03-12T13:00:00Z,notification-service,18.8,28.3,358,32.2,1,10.74,23.27,144
2026-03-12T13:00:00Z,object-storage,6.1,11.6,2770,22.9,0,373.26,110.71,0
2026-03-12T13:00:00Z,order-api,34.1,40.4,804,51.5,1,44.22,60.3,2234
2026-03-12T13:00:00Z,payment-service,22.4,33.2,305,78.8,0,10.68,10.68,456
2026-03-12T13:00:00Z,postgres-db,32.0,64.4,3681,19.2,0,29.45,66.26,3681
2026-03-12T13:00:00Z,recommendation-service,48.2,57.1,913,54.5,1,41.09,86.73,991
2026-03-12T13:00:00Z,redis-cache,21.9,37.3,5959,3.3,0,71.51,89.38,0
2026-03-12T14:00:00Z,api-gateway,27.5,26.8,1289,20.5,0,107.67,155.59,0
2026-03-12T14:00:00Z,notification-service,17.4,27.5,383,34.0,0,11.49,24.89,151
2026-03-12T14:00:00Z,object-storage,6.1,12.4,2324,20.2,0,357.44,112.3,0
2026-03-12T14:00:00Z,order-api,33.0,41.9,845,52.9,0,46.48,63.38,2371
2026-03-12T14:00:00Z,payment-service,22.8,32.8,321,72.6,0,11.24,11.24,477
2026-03-12T14:00:00Z,postgres-db,35.1,64.2,3863,19.5,0,30.9,69.53,3863
2026-03-12T14:00:00Z,recommendation-service,47.2,56.7,933,54.6,1,41.98,88.64,1015
2026-03-12T14:00:00Z,redis-cache,22.9,38.1,6146,3.6,0,73.75,92.19,0
2026-03-12T15:00:00Z,api-gateway,27.4,27.0,1212,21.8,2,102.37,144.92,0
2026-03-12T15:00:00Z,notification-service,18.1,28.5,354,29.1,1,10.62,23.01,141
2026-03-12T15:00:00Z,object-storage,6.2,12.1,2610,20.2,0,347.17,106.53,0
2026-03-12T15:00:00Z,order-api,33.9,42.2,795,50.1,1,43.73,59.62,2221
2026-03-12T15:00:00Z,payment-service,22.9,32.9,296,74.5,0,10.36,10.36,452
2026-03-12T15:00:00Z,postgres-db,31.8,62.6,3635,18.8,0,29.08,65.43,3635
2026-03-12T15:00:00Z,recommendation-service,45.2,58.6,866,56.5,0,38.97,82.27,962
2026-03-12T15:00:00Z,redis-cache,20.6,38.7,5742,3.5,0,68.9,86.13,0
2026-03-12T16:00:00Z,api-gateway,25.8,28.4,1231,20.1,0,104.78,150.21,0
2026-03-12T16:00:00Z,notification-service,18.1,29.2,369,33.9,0,11.07,23.98,143
2026-03-12T16:00:00Z,object-storage,6.1,12.4,2395,21.0,0,361.28,109.83,0
2026-03-12T16:00:00Z,order-api,33.2,42.2,807,50.1,0,44.38,60.52,2247
2026-03-12T16:00:00Z,payment-service,21.7,31.5,308,73.3,0,10.78,10.78,457
2026-03-12T16:00:00Z,postgres-db,31.1,64.9,3657,20.4,0,29.26,65.83,3657
2026-03-12T16:00:00Z,recommendation-service,46.8,58.6,875,56.3,0,39.38,83.12,953
2026-03-12T16:00:00Z,redis-cache,20.9,38.1,5869,3.7,0,70.43,88.03,0
2026-03-12T17:00:00Z,api-gateway,26.3,27.8,1139,20.7,1,97.83,139.2,0
2026-03-12T17:00:00Z,notification-service,15.7,26.9,323,31.7,1,9.69,21.0,134
2026-03-12T17:00:00Z,object-storage,5.6,12.1,2802,23.8,0,358.61,110.51,0
2026-03-12T17:00:00Z,order-api,33.5,43.2,739,50.4,1,40.65,55.42,2052
2026-03-12T17:00:00Z,payment-service,19.9,30.6,274,70.5,0,9.59,9.59,406
2026-03-12T17:00:00Z,postgres-db,32.6,65.4,3342,20.1,0,26.74,60.16,3342
2026-03-12T17:00:00Z,recommendation-service,45.1,58.9,808,58.4,0,36.36,76.76,884
2026-03-12T17:00:00Z,redis-cache,20.5,38.3,5356,3.3,0,64.27,80.34,0
2026-03-12T18:00:00Z,api-gateway,24.8,27.8,1046,21.2,0,87.0,125.9,0
2026-03-12T18:00:00Z,notification-service,17.6,28.2,300,33.2,1,9.0,19.5,122
2026-03-12T18:00:00Z,object-storage,5.8,11.6,2425,21.5,0,412.04,96.65,0
2026-03-12T18:00:00Z,order-api,32.8,40.9,666,48.0,0,36.63,49.95,1846
2026-03-12T18:00:00Z,payment-service,20.8,31.0,251,69.5,1,8.79,8.79,379
2026-03-12T18:00:00Z,postgres-db,31.9,65.4,3058,18.1,0,24.46,55.04,3058
2026-03-12T18:00:00Z,recommendation-service,46.1,58.8,764,56.5,0,34.38,72.58,833
2026-03-12T18:00:00Z,redis-cache,21.5,39.0,4951,3.0,0,59.41,74.27,0
2026-03-12T19:00:00Z,api-gateway,24.2,27.2,1011,20.2,1,85.42,124.22,0
2026-03-12T19:00:00Z,notification-service,17.5,29.0,308,31.4,1,9.24,20.02,127
2026-03-12T19:00:00Z,object-storage,6.0,12.0,2763,22.3,0,391.5,93.5,0
2026-03-12T19:00:00Z,order-api,30.6,42.7,665,51.0,1,36.58,49.88,1858
2026-03-12T19:00:00Z,payment-service,19.8,31.3,260,70.8,1,9.1,9.1,392
2026-03-12T19:00:00Z,postgres-db,33.1,62.9,3061,18.6,0,24.49,55.1,3061
2026-03-12T19:00:00Z,recommendation-service,44.1,58.7,726,57.2,0,32.67,68.97,811
2026-03-12T19:00:00Z,redis-cache,21.2,38.7,4836,3.6,0,58.03,72.54,0
2026-03-12T20:00:00Z,api-gateway,24.1,26.3,913,21.3,1,79.35,109.7,0
2026-03-12T20:00:00Z,notification-service,14.8,27.1,261,33.7,0,7.83,16.96,101
2026-03-12T20:00:00Z,object-storage,5.9,11.9,2392,21.6,0,348.13,80.52,0
2026-03-12T20:00:00Z,order-api,29.9,41.4,603,47.5,1,33.16,45.23,1672
2026-03-12T20:00:00Z,payment-service,20.3,33.0,231,75.9,0,8.09,8.09,336
2026-03-12T20:00:00Z,postgres-db,29.2,63.7,2751,19.7,0,22.01,49.52,2751
2026-03-12T20:00:00Z,recommendation-service,43.0,56.4,664,52.1,0,29.88,63.08,743
2026-03-12T20:00:00Z,redis-cache,18.6,38.6,4395,3.0,0,52.74,65.92,0
2026-03-12T21:00:00Z,api-gateway,23.3,26.6,802,18.6,1,66.3,95.16,0
2026-03-12T21:00:00Z,notification-service,14.7,28.8,218,34.1,0,6.54,14.17,86
2026-03-12T21:00:00Z,object-storage,5.6,12.4,2382,23.1,0,364.86,72.65,0
2026-03-12T21:00:00Z,order-api,30.4,43.4,507,46.4,1,27.89,38.02,1403
2026-03-12T21:00:00Z,payment-service,19.9,31.6,195,75.3,0,6.83,6.83,283
2026-03-12T21:00:00Z,postgres-db,29.8,64.6,2296,19.6,0,18.37,41.33,2296
2026-03-12T21:00:00Z,recommendation-service,41.3,59.6,566,53.2,1,25.47,53.77,610
2026-03-12T21:00:00Z,redis-cache,19.7,37.5,3710,4.0,0,44.52,55.65,0
2026-03-12T22:00:00Z,api-gateway,24.1,26.4,731,18.5,1,62.93,87.67,0
2026-03-12T22:00:00Z,notification-service,15.9,29.3,211,32.4,0,6.33,13.71,83
2026-03-12T22:00:00Z,object-storage,5.5,12.0,2366,22.8,0,343.27,60.74,0
2026-03-12T22:00:00Z,order-api,28.5,40.7,487,45.6,0,26.79,36.52,1347
2026-03-12T22:00:00Z,payment-service,20.2,31.1,179,70.9,0,6.27,6.27,274
2026-03-12T22:00:00Z,postgres-db,29.3,65.0,2202,17.4,0,17.62,39.64,2202
2026-03-12T22:00:00Z,recommendation-service,42.4,59.1,533,50.3,0,23.98,50.63,581
2026-03-12T22:00:00Z,redis-cache,19.3,38.8,3533,3.1,0,42.4,52.99,0
2026-03-12T23:00:00Z,api-gateway,21.0,25.4,648,21.0,1,54.69,80.28,0
2026-03-12T23:00:00Z,notification-service,15.9,26.9,185,34.5,1,5.55,12.03,77
2026-03-12T23:00:00Z,object-storage,6.0,12.0,2354,20.4,0,378.31,61.57,0
2026-03-12T23:00:00Z,order-api,30.0,40.5,433,44.3,1,23.82,32.48,1218
2026-03-12T23:00:00Z,payment-service,20.3,31.6,163,68.5,0,5.71,5.71,250
2026-03-12T23:00:00Z,postgres-db,28.7,62.5,1961,16.6,0,15.69,35.3,1961
2026-03-12T23:00:00Z,recommendation-service,39.2,58.2,459,50.7,0,20.65,43.61,493
2026-03-12T23:00:00Z,redis-cache,17.0,38.3,3126,3.6,0,37.51,46.89,0
2026-03-13T00:00:00Z,api-gateway,21.8,26.4,571,18.1,1,50.48,68.92,0
2026-03-13T00:00:00Z,notification-service,15.2,27.8,159,29.2,0,4.77,10.34,59
2026-03-13T00:00:00Z,object-storage,5.6,12.1,2514,21.5,0,383.26,51.83,0
2026-03-13T00:00:00Z,order-api,28.5,43.4,363,44.8,0,19.96,27.22,1006
2026-03-13T00:00:00Z,payment-service,17.8,33.1,130,71.6,0,4.55,4.55,198
2026-03-13T00:00:00Z,postgres-db,27.4,64.9,1655,18.8,0,13.24,29.79,1655
2026-03-13T00:00:00Z,recommendation-service,38.5,58.4,421,54.2,1,18.95,39.99,451
2026-03-13T00:00:00Z,redis-cache,18.4,37.3,2715,3.6,0,32.58,40.73,0
2026-03-13T01:00:00Z,api-gateway,21.1,25.2,543,20.7,1,45.7,67.39,0
2026-03-13T01:00:00Z,notification-service,13.7,27.8,159,33.0,1,4.77,10.34,67
2026-03-13T01:00:00Z,object-storage,6.3,11.8,2181,22.7,0,371.9,50.51,0
2026-03-13T01:00:00Z,order-api,28.2,43.7,358,46.2,1,19.69,26.85,1005
2026-03-13T01:00:00Z,payment-service,16.9,32.0,135,68.2,1,4.73,4.73,205
2026-03-13T01:00:00Z,postgres-db,28.5,65.2,1626,17.8,0,13.01,29.27,1626
2026-03-13T01:00:00Z,recommendation-service,37.4,57.1,384,50.3,1,17.28,36.48,416
2026-03-13T01:00:00Z,redis-cache,16.8,38.7,2566,3.5,0,30.79,38.49,0
2026-03-13T02:00:00Z,api-gateway,22.3,26.3,543,19.8,0,47.31,67.14,0
2026-03-13T02:00:00Z,notification-service,15.7,28.3,152,31.9,0,4.56,9.88,56
2026-03-13T02:00:00Z,object-storage,5.9,12.3,2320,20.2,0,334.38,46.26,0
2026-03-13T02:00:00Z,order-api,27.7,42.0,343,43.9,0,18.86,25.72,951
2026-03-13T02:00:00Z,payment-service,18.2,30.9,131,70.2,0,4.59,4.59,205
2026-03-13T02:00:00Z,postgres-db,26.6,65.5,1606,17.9,0,12.85,28.91,1606
2026-03-13T02:00:00Z,recommendation-service,40.5,56.0,398,49.9,1,17.91,37.81,450
2026-03-13T02:00:00Z,redis-cache,17.6,37.4,2537,3.1,0,30.44,38.05,0
2026-03-13T03:00:00Z,api-gateway,22.3,25.1,564,20.6,1,45.98,66.71,0
2026-03-13T03:00:00Z,notification-service,14.3,27.0,160,30.0,0,4.8,10.4,60
2026-03-13T03:00:00Z,object-storage,5.8,12.1,2061,22.4,0,316.02,47.19,0
2026-03-13T03:00:00Z,order-api,26.7,41.7,370,44.1,1,20.35,27.75,1038
2026-03-13T03:00:00Z,payment-service,18.3,33.0,136,66.7,1,4.76,4.76,200
2026-03-13T03:00:00Z,postgres-db,25.4,64.7,1690,19.1,0,13.52,30.42,1690
2026-03-13T03:00:00Z,recommendation-service,39.8,59.3,399,50.0,1,17.95,37.91,452
2026-03-13T03:00:00Z,redis-cache,17.5,37.2,2652,3.8,0,31.82,39.78,0
2026-03-13T04:00:00Z,api-gateway,22.7,25.5,598,19.8,1,51.0,70.39,0
2026-03-13T04:00:00Z,notification-service,15.2,27.9,174,33.8,0,5.22,11.31,68
2026-03-13T04:00:00Z,object-storage,6.0,12.2,2156,23.6,0,337.63,50.92,0
2026-03-13T04:00:00Z,order-api,28.0,43.2,400,46.1,0,22.0,30.0,1119
2026-03-13T04:00:00Z,payment-service,19.6,32.3,153,69.1,1,5.36,5.36,231
2026-03-13T04:00:00Z,postgres-db,26.5,63.4,1825,17.0,0,14.6,32.85,1825
2026-03-13T04:00:00Z,recommendation-service,38.7,59.2,435,50.3,0,19.57,41.33,475
2026-03-13T04:00:00Z,redis-cache,17.8,37.0,2906,3.9,0,34.87,43.59,0
2026-03-13T05:00:00Z,api-gateway,21.5,26.7,671,20.1,1,58.28,82.6,0
2026-03-13T05:00:00Z,notification-service,15.1,29.3,196,34.4,0,5.88,12.74,81
2026-03-13T05:00:00Z,object-storage,6.2,11.6,2113,20.4,0,356.52,56.38,0
2026-03-13T05:00:00Z,order-api,28.2,43.0,450,44.0,1,24.75,33.75,1243
2026-03-13T05:00:00Z,payment-service,17.7,30.7,174,74.3,0,6.09,6.09,256
2026-03-13T05:00:00Z,postgres-db,27.0,62.8,2039,16.7,0,16.31,36.7,2039
2026-03-13T05:00:00Z,recommendation-service,39.2,59.7,491,51.0,0,22.09,46.65,540
2026-03-13T05:00:00Z,redis-cache,19.2,38.9,3277,3.9,0,39.32,49.16,0
2026-03-13T06:00:00Z,api-gateway,21.9,27.0,735,19.1,0,63.9,89.8,0
2026-03-13T06:00:00Z,notification-service,14.9,28.1,215,34.8,1,6.45,13.97,84
2026-03-13T06:00:00Z,object-storage,6.2,12.2,2380,23.0,0,360.03,65.9,0
2026-03-13T06:00:00Z,order-api,27.3,42.0,478,44.1,0,26.29,35.85,1320
2026-03-13T06:00:00Z,payment-service,18.0,33.1,176,73.5,1,6.16,6.16,259
2026-03-13T06:00:00Z,postgres-db,26.8,63.6,2161,16.7,0,17.29,38.9,2161
2026-03-13T06:00:00Z,recommendation-service,39.3,56.4,523,51.4,1,23.54,49.69,582
2026-03-13T06:00:00Z,redis-cache,19.5,38.4,3468,3.4,0,41.62,52.02,0
2026-03-13T07:00:00Z,api-gateway,23.8,26.1,826,19.5,1,69.86,98.38,0
2026-03-13T07:00:00Z,notification-service,15.3,27.7,230,32.9,0,6.9,14.95,92
2026-03-13T07:00:00Z,object-storage,6.0,12.0,2315,23.7,0,343.94,75.43,0
2026-03-13T07:00:00Z,order-api,29.3,40.8,533,44.4,0,29.32,39.98,1497
2026-03-13T07:00:00Z,payment-service,20.7,32.9,196,73.5,1,6.86,6.86,290
2026-03-13T07:00:00Z,postgres-db,88.6,65.1,2432,17.2,0,19.46,43.78,2432
2026-03-13T07:00:00Z,recommendation-service,39.8,56.9,588,53.2,0,26.46,55.86,645
2026-03-13T07:00:00Z,redis-cache,20.4,38.8,3920,3.3,0,47.04,58.8,0
2026-03-13T08:00:00Z,api-gateway,25.7,26.0,930,21.0,0,77.15,109.91,0
2026-03-13T08:00:00Z,notification-service,15.6,27.7,264,29.3,0,7.92,17.16,110
2026-03-13T08:00:00Z,object-storage,6.1,11.9,2289,23.3,0,400.2,86.04,0
2026-03-13T08:00:00Z,order-api,29.2,41.6,605,49.8,0,33.27,45.38,1698
2026-03-13T08:00:00Z,payment-service,18.9,32.1,226,69.5,0,7.91,7.91,338
2026-03-13T08:00:00Z,postgres-db,89.8,65.3,2765,18.3,0,22.12,49.77,2765
2026-03-13T08:00:00Z,recommendation-service,41.3,59.1,675,55.7,1,30.38,64.12,729
2026-03-13T08:00:00Z,redis-cache,19.2,37.3,4448,3.9,0,53.38,66.72,0
2026-03-13T09:00:00Z,api-gateway,25.4,26.3,953,20.3,0,80.88,117.25,0
2026-03-13T09:00:00Z,notification-service,15.1,28.3,294,33.8,0,8.82,19.11,120
2026-03-13T09:00:00Z,object-storage,6.3,11.7,2218,23.8,0,374.67,81.86,0
2026-03-13T09:00:00Z,order-api,31.5,40.3,632,48.1,1,34.76,47.4,1774
2026-03-13T09:00:00Z,payment-service,33.8,33.4,247,974.0,79,8.65,8.65,378
2026-03-13T09:00:00Z,postgres-db,90.6,64.8,2916,18.3,0,23.33,52.49,2916
2026-03-13T09:00:00Z,recommendation-service,43.5,58.7,690,56.5,1,31.05,65.55,764
2026-03-13T09:00:00Z,redis-cache,21.4,37.6,4568,4.0,0,54.82,68.52,0
2026-03-13T10:00:00Z,api-gateway,24.9,26.8,1068,19.4,0,90.7,130.73,0
2026-03-13T10:00:00Z,notification-service,17.9,28.9,298,32.9,1,8.94,19.37,114
2026-03-13T10:00:00Z,object-storage,5.6,12.5,2401,21.5,0,385.48,103.14,0
2026-03-13T10:00:00Z,order-api,31.5,43.6,681,48.4,1,37.45,51.07,1892
2026-03-13T10:00:00Z,payment-service,31.6,33.3,258,928.9,108,9.03,9.03,394
2026-03-13T10:00:00Z,postgres-db,86.9,63.5,3124,17.2,0,24.99,56.23,3124
2026-03-13T10:00:00Z,recommendation-service,44.3,59.4,771,54.0,1,34.7,73.25,838
2026-03-13T10:00:00Z,redis-cache,19.2,38.1,5042,3.5,0,60.5,75.63,0
2026-03-13T11:00:00Z,api-gateway,24.9,26.3,1112,21.0,2,94.98,135.37,0
2026-03-13T11:00:00Z,notification-service,18.2,27.4,315,31.0,0,9.45,20.48,122
2026-03-13T11:00:00Z,object-storage,5.6,12.1,2292,20.5,0,342.2,101.13,0
2026-03-13T11:00:00Z,order-api,31.4,41.6,713,52.1,0,39.22,53.48,2000
2026-03-13T11:00:00Z,payment-service,33.4,33.0,272,896.4,93,9.52,9.52,410
2026-03-13T11:00:00Z,postgres-db,88.3,64.6,3306,18.5,0,26.45,59.51,3306
2026-03-13T11:00:00Z,recommendation-service,43.6,58.4,805,56.7,0,36.23,76.47,896
2026-03-13T11:00:00Z,redis-cache,21.6,37.8,5232,3.8,0,62.78,78.48,0
2026-03-13T12:00:00Z,api-gateway,26.5,28.0,1237,20.9,0,105.72,151.1,0
2026-03-13T12:00:00Z,notification-service,17.4,29.5,360,29.9,1,10.8,23.4,141
2026-03-13T12:00:00Z,object-storage,6.5,12.4,2646,22.9,0,403.15,117.82,0
2026-03-13T12:00:00Z,order-api,34.4,43.7,805,48.3,0,44.27,60.38,2235
2026-03-13T12:00:00Z,payment-service,33.1,30.7,300,886.1,87,10.5,10.5,445
2026-03-13T12:00:00Z,postgres-db,91.1,63.8,3658,18.7,0,29.26,65.84,3658
2026-03-13T12:00:00Z,recommendation-service,46.3,58.8,894,55.4,0,40.23,84.93,978
2026-03-13T12:00:00Z,redis-cache,20.4,38.6,5900,4.0,0,70.8,88.5,0
2026-03-13T13:00:00Z,api-gateway,25.0,27.7,1277,22.2,1,107.39,152.24,0
2026-03-13T13:00:00Z,notification-service,17.0,28.5,374,29.2,0,11.22,24.31,153
2026-03-13T13:00:00Z,object-storage,5.8,12.0,2507,20.2,0,388.13,116.31,0
2026-03-13T13:00:00Z,order-api,35.5,42.0,834,50.5,1,45.87,62.55,2354
2026-03-13T13:00:00Z,payment-service,34.8,31.8,318,960.7,89,11.13,11.13,476
2026-03-13T13:00:00Z,postgres-db,91.1,63.9,3845,19.7,0,30.76,69.21,3845
2026-03-13T13:00:00Z,recommendation-service,48.2,56.2,920,55.7,0,41.4,87.4,1015
2026-03-13T13:00:00Z,redis-cache,21.3,37.6,6087,3.6,0,73.04,91.3,0
2026-03-13T14:00:00Z,api-gateway,26.0,28.4,1306,21.4,1,111.02,159.44,0
2026-03-13T14:00:00Z,notification-service,16.5,29.3,378,30.9,1,11.34,24.57,151
2026-03-13T14:00:00Z,object-storage,6.5,12.4,2739,23.4,0,409.34,115.57,0
2026-03-13T14:00:00Z,order-api,35.4,41.2,857,51.2,0,47.13,64.27,2419
2026-03-13T14:00:00Z,payment-service,35.0,31.4,321,938.5,79,11.24,11.24,491
2026-03-13T14:00:00Z,postgres-db,87.8,62.9,3958,19.0,0,31.66,71.24,3958
2026-03-13T14:00:00Z,recommendation-service,46.3,58.7,941,54.3,1,42.34,89.39,1048
2026-03-13T14:00:00Z,redis-cache,22.1,38.8,6247,3.2,0,74.96,93.7,0
2026-03-13T15:00:00Z,api-gateway,25.5,27.7,1292,20.1,2,110.94,154.83,0
2026-03-13T15:00:00Z,notification-service,16.6,28.4,366,33.6,1,10.98,23.79,142
2026-03-13T15:00:00Z,object-storage,5.7,12.2,2536,23.7,0,401.33,122.77,0
2026-03-13T15:00:00Z,order-api,35.1,41.1,828,47.8,1,45.54,62.1,2312
2026-03-13T15:00:00Z,payment-service,33.3,33.3,312,995.7,99,10.92,10.92,470
2026-03-13T15:00:00Z,postgres-db,88.2,64.8,3809,18.2,0,30.47,68.56,3809
2026-03-13T15:00:00Z,recommendation-service,46.2,57.4,942,57.0,1,42.39,89.49,1027
2026-03-13T15:00:00Z,redis-cache,21.0,38.0,6135,3.8,0,73.62,92.02,0
2026-03-13T16:00:00Z,api-gateway,25.7,26.5,1182,20.5,2,102.21,142.73,0
2026-03-13T16:00:00Z,notification-service,16.1,27.5,341,31.5,0,10.23,22.16,136
2026-03-13T16:00:00Z,object-storage,5.8,11.8,2653,20.1,0,418.43,105.65,0
2026-03-13T16:00:00Z,order-api,34.8,43.9,765,51.8,0,42.08,57.38,2155
2026-03-13T16:00:00Z,payment-service,22.0,30.8,292,71.8,0,10.22,10.22,447
2026-03-13T16:00:00Z,postgres-db,90.8,65.0,3538,17.2,0,28.3,63.68,3538
2026-03-13T16:00:00Z,recommendation-service,45.5,58.5,856,53.3,1,38.52,81.32,936
2026-03-13T16:00:00Z,redis-cache,22.8,37.3,5593,3.3,0,67.12,83.89,0
2026-03-13T17:00:00Z,api-gateway,27.0,27.2,1194,19.8,0,100.83,145.61,0
2026-03-13T17:00:00Z,notification-service,17.0,27.9,336,31.2,1,10.08,21.84,132
2026-03-13T17:00:00Z,object-storage,6.1,12.3,2592,20.3,0,410.72,111.86,0
2026-03-13T17:00:00Z,order-api,32.3,43.2,766,48.0,0,42.13,57.45,2158
2026-03-13T17:00:00Z,payment-service,21.9,33.1,291,77.2,1,10.19,10.19,438
2026-03-13T17:00:00Z,postgres-db,89.8,65.3,3553,17.8,0,28.42,63.95,3553
2026-03-13T17:00:00Z,recommendation-service,45.4,58.2,864,54.9,1,38.88,82.08,957
2026-03-13T17:00:00Z,redis-cache,20.2,38.9,5600,3.6,0,67.2,84.0,0
2026-03-13T18:00:00Z,api-gateway,24.4,27.6,1091,19.7,2,94.19,130.98,0
2026-03-13T18:00:00Z,notification-service,15.7,27.1,320,32.8,0,9.6,20.8,129
2026-03-13T18:00:00Z,object-storage,5.5,12.5,2273,23.0,0,358.87,102.98,0
2026-03-13T18:00:00Z,order-api,30.9,42.1,723,47.9,1,39.77,54.23,2035
2026-03-13T18:00:00Z,payment-service,21.4,30.7,269,71.7,1,9.42,9.42,397
2026-03-13T18:00:00Z,postgres-db,88.6,65.1,3290,18.9,0,26.32,59.22,3290
2026-03-13T18:00:00Z,recommendation-service,44.3,57.6,786,55.9,1,35.37,74.67,858
2026-03-13T18:00:00Z,redis-cache,22.4,37.8,5237,3.2,0,62.84,78.55,0
2026-03-13T19:00:00Z,api-gateway,25.3,27.4,1029,21.6,0,85.89,121.72,0
2026-03-13T19:00:00Z,notification-service,15.7,27.4,288,30.1,1,8.64,18.72,114
2026-03-13T19:00:00Z,object-storage,5.6,12.0,2714,21.2,0,400.18,89.6,0
2026-03-13T19:00:00Z,order-api,32.8,43.1,658,50.8,0,36.19,49.35,1838
2026-03-13T19:00:00Z,payment-service,21.4,31.8,252,71.0,1,8.82,8.82,372
2026-03-13T19:00:00Z,postgres-db,87.3,63.3,3034,19.3,0,24.27,54.61,3034
2026-03-13T19:00:00Z,recommendation-service,45.6,59.4,737,55.9,0,33.16,70.02,824
2026-03-13T19:00:00Z,redis-cache,21.2,38.0,4853,3.2,0,58.24,72.8,0
2026-03-13T20:00:00Z,api-gateway,24.2,26.6,933,19.2,2,79.89,111.27,0
2026-03-13T20:00:00Z,notification-service,14.8,29.4,288,31.0,1,8.64,18.72,115
2026-03-13T20:00:00Z,object-storage,5.5,11.7,2302,20.4,0,392.99,89.79,0
2026-03-13T20:00:00Z,order-api,31.5,42.6,621,46.1,0,34.16,46.57,1733
2026-03-13T20:00:00Z,payment-service,19.2,33.1,232,72.9,0,8.12,8.12,346
2026-03-13T20:00:00Z,postgres-db,32.2,65.3,2798,19.9,0,22.38,50.36,2798
2026-03-13T20:00:00Z,recommendation-service,44.7,56.4,661,56.6,0,29.74,62.8,719
2026-03-13T20:00:00Z,redis-cache,21.2,38.8,4464,3.6,0,53.57,66.96,0
2026-03-13T21:00:00Z,api-gateway,23.9,27.3,812,20.2,1,68.54,98.19,0
2026-03-13T21:00:00Z,notification-service,16.8,27.7,237,34.9,1,7.11,15.41,98
2026-03-13T21:00:00Z,object-storage,5.6,12.4,2478,22.4,0,379.65,70.47,0
2026-03-13T21:00:00Z,order-api,29.4,43.4,539,46.5,1,29.64,40.42,1510
2026-03-13T21:00:00Z,payment-service,19.6,32.2,204,73.3,0,7.14,7.14,313
2026-03-13T21:00:00Z,postgres-db,30.1,65.4,2445,18.3,0,19.56,44.01,2445
2026-03-13T21:00:00Z,recommendation-service,43.0,56.8,578,52.9,1,26.01,54.91,622
2026-03-13T21:00:00Z,redis-cache,19.9,37.4,3853,3.1,0,46.24,57.79,0
2026-03-13T22:00:00Z,api-gateway,22.9,25.7,745,18.9,2,64.24,91.96,0
2026-03-13T22:00:00Z,notification-service,13.9,27.8,213,32.7,0,6.39,13.85,87
2026-03-13T22:00:00Z,object-storage,5.9,12.3,2500,23.0,0,390.4,67.22,0
2026-03-13T22:00:00Z,order-api,31.2,43.2,483,49.2,0,26.57,36.23,1352
2026-03-13T22:00:00Z,payment-service,19.4,30.5,179,72.5,1,6.27,6.27,273
2026-03-13T22:00:00Z,postgres-db,27.4,65.0,2220,17.4,0,17.76,39.96,2220
2026-03-13T22:00:00Z,recommendation-service,39.5,59.0,537,55.9,1,24.16,51.02,595
2026-03-13T22:00:00Z,redis-cache,17.7,38.7,3495,3.2,0,41.94,52.42,0
2026-03-13T23:00:00Z,api-gateway,21.2,24.9,627,18.6,2,52.98,72.75,0
2026-03-13T23:00:00Z,notification-service,16.0,28.9,180,34.0,0,5.4,11.7,69
2026-03-13T23:00:00Z,object-storage,6.0,11.6,2078,22.3,0,375.93,51.58,0
2026-03-13T23:00:00Z,order-api,26.2,41.7,397,45.6,1,21.84,29.77,1098
2026-03-13T23:00:00Z,payment-service,19.2,33.2,154,70.4,1,5.39,5.39,232
2026-03-13T23:00:00Z,postgres-db,28.2,63.1,1841,17.7,0,14.73,33.14,1841
2026-03-13T23:00:00Z,recommendation-service,40.0,57.3,462,52.1,1,20.79,43.89,511
2026-03-13T23:00:00Z,redis-cache,18.9,37.9,2934,3.3,0,35.21,44.01,0
2026-03-14T00:00:00Z,api-gateway,22.1,25.5,589,19.9,2,51.33,68.0,0
2026-03-14T00:00:00Z,notification-service,13.3,28.8,170,31.8,1,5.1,11.05,72
2026-03-14T00:00:00Z,object-storage,5.5,11.5,2499,20.1,0,316.03,46.45,0
2026-03-14T00:00:00Z,order-api,29.1,43.2,373,44.2,0,20.52,27.97,1058
2026-03-14T00:00:00Z,payment-service,17.0,32.1,142,66.4,1,4.97,4.97,204
2026-03-14T00:00:00Z,postgres-db,25.8,64.9,1731,18.3,0,13.85,31.16,1731
2026-03-14T00:00:00Z,recommendation-service,39.1,59.3,418,49.2,0,18.81,39.71,469
2026-03-14T00:00:00Z,redis-cache,16.5,37.9,2704,3.4,0,32.45,40.56,0
2026-03-14T01:00:00Z,api-gateway,22.6,25.8,544,18.1,0,48.05,62.87,0
2026-03-14T01:00:00Z,notification-service,13.1,27.6,165,29.2,0,4.95,10.72,61
2026-03-14T01:00:00Z,object-storage,5.5,11.8,2224,21.0,0,349.21,47.37,0
2026-03-14T01:00:00Z,order-api,27.6,41.5,362,47.3,1,19.91,27.15,1017
2026-03-14T01:00:00Z,payment-service,19.8,31.4,141,71.1,1,4.94,4.94,211
2026-03-14T01:00:00Z,postgres-db,27.1,63.4,1657,17.7,0,13.26,29.83,1657
2026-03-14T01:00:00Z,recommendation-service,37.5,56.6,386,51.9,0,17.37,36.67,429
2026-03-14T01:00:00Z,redis-cache,16.4,38.6,2622,3.3,0,31.46,39.33,0
2026-03-14T02:00:00Z,api-gateway,21.8,25.0,541,18.3,0,44.9,63.85,0
2026-03-14T02:00:00Z,notification-service,15.4,26.9,158,32.3,1,4.74,10.27,58
2026-03-14T02:00:00Z,object-storage,5.8,12.4,2566,20.7,0,355.05,49.59,0
2026-03-14T02:00:00Z,order-api,26.8,43.3,356,47.3,0,19.58,26.7,978
2026-03-14T02:00:00Z,payment-service,18.6,30.7,138,67.3,0,4.83,4.83,214
2026-03-14T02:00:00Z,postgres-db,28.6,65.3,1625,16.7,0,13.0,29.25,1625
2026-03-14T02:00:00Z,recommendation-service,38.9,59.1,390,48.8,1,17.55,37.05,433
2026-03-14T02:00:00Z,redis-cache,16.7,37.1,2552,3.1,0,30.62,38.28,0
2026-03-14T03:00:00Z,api-gateway,21.7,24.7,546,18.7,0,44.67,66.7,0
2026-03-14T03:00:00Z,notification-service,15.6,26.6,166,31.4,0,4.98,10.79,68
2026-03-14T03:00:00Z,object-storage,6.2,11.8,2048,23.8,0,343.92,42.5,0
2026-03-14T03:00:00Z,order-api,26.6,40.7,358,46.0,1,19.69,26.85,1011
2026-03-14T03:00:00Z,payment-service,17.1,31.2,134,68.8,1,4.69,4.69,198
2026-03-14T03:00:00Z,postgres-db,28.4,65.0,1634,17.0,0,13.07,29.41,1634
2026-03-14T03:00:00Z,recommendation-service,38.7,56.9,398,50.6,1,17.91,37.81,425
2026-03-14T03:00:00Z,redis-cache,17.2,37.7,2656,3.8,0,31.87,39.84,0
2026-03-14T04:00:00Z,api-gateway,21.3,25.9,584,20.4,1,51.31,71.71,0
2026-03-14T04:00:00Z,notification-service,13.7,26.9,171,29.6,0,5.13,11.12,69
2026-03-14T04:00:00Z,object-storage,6.2,12.3,2375,22.2,0,363.17,48.72,0
2026-03-14T04:00:00Z,order-api,27.3,42.2,386,45.9,0,21.23,28.95,1100
2026-03-14T04:00:00Z,payment-service,19.8,31.9,143,72.4,0,5.01,5.01,218
2026-03-14T04:00:00Z,postgres-db,26.2,64.8,1780,17.3,0,14.24,32.04,1780
2026-03-14T04:00:00Z,recommendation-service,39.5,56.2,409,54.0,0,18.4,38.86,462
2026-03-14T04:00:00Z,redis-cache,17.0,37.6,2792,3.7,0,33.5,41.88,0
2026-03-14T05:00:00Z,api-gateway,21.9,25.5,629,18.7,2,54.88,76.82,0
2026-03-14T05:00:00Z,notification-service,14.7,28.6,187,30.6,0,5.61,12.16,79
2026-03-14T05:00:00Z,object-storage,6.2,11.9,2240,20.0,0,378.7,53.16,0
2026-03-14T05:00:00Z,order-api,30.0,42.4,422,46.2,1,23.21,31.65,1174
2026-03-14T05:00:00Z,payment-service,18.6,32.0,158,69.5,1,5.53,5.53,244
2026-03-14T05:00:00Z,postgres-db,26.2,64.8,1912,16.7,0,15.3,34.42,1912
2026-03-14T05:00:00Z,recommendation-service,37.7,56.7,462,54.3,1,20.79,43.89,494
2026-03-14T05:00:00Z,redis-cache,18.3,38.8,3036,3.2,0,36.43,45.54,0
2026-03-14T06:00:00Z,api-gateway,22.1,25.2,698,18.6,1,60.42,82.48,0
2026-03-14T06:00:00Z,notification-service,15.5,28.8,210,31.0,0,6.3,13.65,82
2026-03-14T06:00:00Z,object-storage,6.3,11.5,2527,22.8,0,315.46,58.13,0
2026-03-14T06:00:00Z,order-api,27.7,41.6,454,46.4,1,24.97,34.05,1274
2026-03-14T06:00:00Z,payment-service,18.8,31.0,176,72.7,1,6.16,6.16,266
2026-03-14T06:00:00Z,postgres-db,30.0,64.6,2079,19.2,0,16.63,37.42,2079
2026-03-14T06:00:00Z,recommendation-service,38.6,57.8,502,51.7,0,22.59,47.69,539
2026-03-14T06:00:00Z,redis-cache,18.5,37.8,3295,3.7,0,39.54,49.42,0
2026-03-14T07:00:00Z,api-gateway,24.7,26.3,777,19.1,1,67.58,90.77,0
2026-03-14T07:00:00Z,notification-service,14.8,28.2,224,33.8,1,6.72,14.56,92
2026-03-14T07:00:00Z,object-storage,5.7,12.4,2329,23.7,0,341.43,71.71,0
2026-03-14T07:00:00Z,order-api,27.8,40.6,516,46.9,0,28.38,38.7,1454
2026-03-14T07:00:00Z,payment-service,18.4,31.2,189,74.5,0,6.62,6.62,289
2026-03-14T07:00:00Z,postgres-db,29.3,65.2,2355,18.7,0,18.84,42.39,2355
2026-03-14T07:00:00Z,recommendation-service,39.9,58.3,559,53.2,1,25.15,53.11,612
2026-03-14T07:00:00Z,redis-cache,20.0,37.6,3771,4.0,0,45.25,56.56,0
2026-03-14T08:00:00Z,api-gateway,22.9,25.9,910,19.9,2,75.42,111.13,0
2026-03-14T08:00:00Z,notification-service,17.1,26.8,271,32.1,0,8.13,17.62,111
2026-03-14T08:00:00Z,object-storage,6.1,12.1,2607,20.6,0,400.96,80.17,0
2026-03-14T08:00:00Z,order-api,32.8,42.3,591,45.3,0,32.51,44.32,1657
2026-03-14T08:00:00Z,payment-service,21.0,31.9,231,70.7,1,8.09,8.09,344
2026-03-14T08:00:00Z,postgres-db,31.7,64.5,2732,19.7,0,21.86,49.18,2732
2026-03-14T08:00:00Z,recommendation-service,43.1,59.8,657,53.7,1,29.56,62.41,731
2026-03-14T08:00:00Z,redis-cache,20.6,38.5,4333,3.7,0,52.0,65.0,0
2026-03-14T09:00:00Z,api-gateway,25.7,27.8,998,21.7,0,86.19,121.6,0
2026-03-14T09:00:00Z,notification-service,17.6,28.1,291,32.9,1,8.73,18.91,111
2026-03-14T09:00:00Z,object-storage,5.8,11.5,2775,21.4,0,405.35,94.16,0
2026-03-14T09:00:00Z,order-api,32.7,43.1,640,48.0,1,35.2,48.0,1810
2026-03-14T09:00:00Z,payment-service,20.9,30.6,236,73.3,0,8.26,8.26,356
2026-03-14T09:00:00Z,postgres-db,31.1,65.5,2946,18.1,0,23.57,53.03,2946
2026-03-14T09:00:00Z,recommendation-service,43.5,59.6,717,55.6,0,32.27,68.11,780
2026-03-14T09:00:00Z,redis-cache,19.7,38.3,4704,3.9,0,56.45,70.56,0
2026-03-14T10:00:00Z,api-gateway,23.8,27.8,1085,21.6,1,93.28,130.47,0
2026-03-14T10:00:00Z,notification-service,17.8,27.3,317,34.4,1,9.51,20.61,130
2026-03-14T10:00:00Z,object-storage,6.3,11.5,2737,22.7,0,370.09,101.13,0
2026-03-14T10:00:00Z,order-api,33.1,40.4,694,49.2,1,38.17,52.05,1936
2026-03-14T10:00:00Z,payment-service,22.5,31.1,265,74.3,1,9.28,9.28,389
2026-03-14T10:00:00Z,postgres-db,33.3,62.9,3188,20.2,0,25.5,57.38,3188
2026-03-14T10:00:00Z,recommendation-service,46.5,59.1,789,57.3,0,35.5,74.95,863
2026-03-14T10:00:00Z,redis-cache,20.6,37.3,5146,3.6,0,61.75,77.19,0
2026-03-14T11:00:00Z,api-gateway,27.4,27.3,1200,20.1,0,100.77,144.67,0
2026-03-14T11:00:00Z,notification-service,16.6,27.0,353,33.3,0,10.59,22.95,137
2026-03-14T11:00:00Z,object-storage,6.4,12.2,2301,22.4,0,413.28,110.94,0
2026-03-14T11:00:00Z,order-api,35.1,40.1,789,52.6,0,43.4,59.17,2191
2026-03-14T11:00:00Z,payment-service,20.8,32.4,302,71.7,1,10.57,10.57,444
2026-03-14T11:00:00Z,postgres-db,32.4,62.9,3580,20.3,0,28.64,64.44,3580
2026-03-14T11:00:00Z,recommendation-service,44.9,58.5,861,54.3,1,38.74,81.8,945
2026-03-14T11:00:00Z,redis-cache,20.9,37.0,5702,3.5,0,68.42,85.53,0
2026-03-14T12:00:00Z,api-gateway,27.5,28.4,1233,22.5,1,106.53,145.36,0
2026-03-14T12:00:00Z,notification-service,16.6,27.8,361,34.0,1,10.83,23.46,142
2026-03-14T12:00:00Z,object-storage,6.0,12.5,2795,21.5,0,387.34,112.24,0
2026-03-14T12:00:00Z,order-api,32.2,43.7,809,51.1,0,44.49,60.67,2284
2026-03-14T12:00:00Z,payment-service,21.9,30.8,302,72.1,1,10.57,10.57,450
2026-03-14T12:00:00Z,postgres-db,33.1,63.1,3734,21.2,0,29.87,67.21,3734
2026-03-14T12:00:00Z,recommendation-service,45.6,59.7,898,55.9,0,40.41,85.31,1000
2026-03-14T12:00:00Z,redis-cache,22.5,37.2,5944,3.2,0,71.33,89.16,0
2026-03-14T13:00:00Z,api-gateway,26.9,26.9,1228,21.3,0,105.84,146.12,0
2026-03-14T13:00:00Z,notification-service,18.7,27.0,353,32.3,1,10.59,22.95,141
2026-03-14T13:00:00Z,object-storage,6.1,11.7,2592,21.7,0,419.94,118.61,0
2026-03-14T13:00:00Z,order-api,35.0,41.7,784,48.5,0,43.12,58.8,2193
2026-03-14T13:00:00Z,payment-service,23.0,31.7,300,75.3,1,10.5,10.5,458
2026-03-14T13:00:00Z,postgres-db,33.5,65.1,3638,20.8,0,29.1,65.48,3638
2026-03-14T13:00:00Z,recommendation-service,46.6,58.1,889,58.9,0,40.0,84.45,987
2026-03-14T13:00:00Z,redis-cache,22.7,37.2,5789,3.2,0,69.47,86.83,0
2026-03-14T14:00:00Z,api-gateway,27.2,27.4,1295,19.8,0,111.08,158.16,0
2026-03-14T14:00:00Z,notification-service,18.3,28.5,381,29.1,0,11.43,24.77,157
2026-03-14T14:00:00Z,object-storage,6.2,11.9,2865,20.6,0,351.7,121.14,0
2026-03-14T14:00:00Z,order-api,35.5,42.4,827,51.6,0,45.48,62.02,2322
2026-03-14T14:00:00Z,payment-service,22.4,32.6,322,75.0,1,11.27,11.27,477
2026-03-14T14:00:00Z,postgres-db,33.6,62.8,3807,20.8,0,30.46,68.53,3807
2026-03-14T14:00:00Z,recommendation-service,48.4,56.6,930,58.5,0,41.85,88.35,1008
2026-03-14T14:00:00Z,redis-cache,22.5,37.7,6051,3.2,0,72.61,90.77,0
2026-03-14T15:00:00Z,api-gateway,26.1,27.6,1254,21.4,0,106.95,152.12,0
2026-03-14T15:00:00Z,notification-service,17.9,27.4,366,31.7,1,10.98,23.79,145
2026-03-14T15:00:00Z,object-storage,6.4,12.2,2819,21.8,0,378.67,109.89,0
2026-03-14T15:00:00Z,order-api,33.8,42.4,808,48.8,1,44.44,60.6,2243
2026-03-14T15:00:00Z,payment-service,23.2,30.6,301,73.7,0,10.54,10.54,453
2026-03-14T15:00:00Z,postgres-db,33.1,63.4,3700,18.6,0,29.6,66.6,3700
2026-03-14T15:00:00Z,recommendation-service,47.6,58.2,908,59.4,1,40.86,86.26,1004
2026-03-14T15:00:00Z,redis-cache,21.5,38.5,5966,3.5,0,71.59,89.49,0
2026-03-14T16:00:00Z,api-gateway,26.8,27.8,1201,19.6,1,101.18,145.8,0
2026-03-14T16:00:00Z,notification-service,17.9,29.1,354,33.0,1,10.62,23.01,144
2026-03-14T16:00:00Z,object-storage,6.2,11.8,2346,21.8,0,412.43,112.87,0
2026-03-14T16:00:00Z,order-api,32.2,42.5,794,52.8,0,43.67,59.55,2224
2026-03-14T16:00:00Z,payment-service,20.9,32.4,299,78.3,1,10.47,10.47,452
2026-03-14T16:00:00Z,postgres-db,34.0,64.1,3625,20.2,0,29.0,65.25,3625
2026-03-14T16:00:00Z,recommendation-service,47.4,57.3,856,56.5,0,38.52,81.32,949
2026-03-14T16:00:00Z,redis-cache,22.0,38.4,5691,3.8,0,68.29,85.36,0
2026-03-14T17:00:00Z,api-gateway,26.6,26.8,1124,19.9,1,95.38,134.24,0
2026-03-14T17:00:00Z,notification-service,18.1,27.7,317,34.8,0,9.51,20.61,131
2026-03-14T17:00:00Z,object-storage,6.2,11.8,2726,22.4,0,417.95,96.73,0
2026-03-14T17:00:00Z,order-api,34.1,42.4,719,47.3,0,39.55,53.92,2031
2026-03-14T17:00:00Z,payment-service,22.2,33.0,276,76.5,1,9.66,9.66,408
2026-03-14T17:00:00Z,postgres-db,31.1,64.6,3337,20.6,0,26.7,60.07,3337
2026-03-14T17:00:00Z,recommendation-service,45.7,59.6,819,56.1,0,36.85,77.81,898
2026-03-14T17:00:00Z,redis-cache,21.8,38.4,5287,3.9,0,63.44,79.3,0
2026-03-14T18:00:00Z,api-gateway,24.6,26.1,1045,21.0,1,90.65,128.1,0
2026-03-14T18:00:00Z,notification-service,16.0,27.9,302,31.0,0,9.06,19.63,116
2026-03-14T18:00:00Z,object-storage,5.9,12.4,2515,23.3,0,355.47,101.42,0
2026-03-14T18:00:00Z,order-api,30.3,41.3,681,48.7,1,37.45,51.07,1919
2026-03-14T18:00:00Z,payment-service,20.0,32.4,254,70.4,1,8.89,8.89,381
2026-03-14T18:00:00Z,postgres-db,31.4,64.6,3115,19.4,0,24.92,56.07,3115
2026-03-14T18:00:00Z,recommendation-service,46.1,56.5,754,55.0,0,33.93,71.63,815
2026-03-14T18:00:00Z,redis-cache,19.2,38.7,4952,3.2,0,59.42,74.28,0
2026-03-14T19:00:00Z,api-gateway,23.2,27.8,987,19.8,2,84.68,119.3,0
2026-03-14T19:00:00Z,notification-service,16.1,26.7,289,30.9,1,8.67,18.79,115
2026-03-14T19:00:00Z,object-storage,5.9,11.9,2383,21.2,0,357.14,90.39,0
2026-03-14T19:00:00Z,order-api,33.2,43.2,629,45.5,0,34.59,47.17,1759
2026-03-14T19:00:00Z,payment-service,21.9,30.9,240,73.7,0,8.4,8.4,351
2026-03-14T19:00:00Z,postgres-db,30.8,65.1,2907,18.5,0,23.26,52.33,2907
2026-03-14T19:00:00Z,recommendation-service,42.3,57.9,716,53.4,0,32.22,68.02,797
2026-03-14T19:00:00Z,redis-cache,19.1,37.7,4619,3.8,0,55.43,69.28,0
2026-03-14T20:00:00Z,api-gateway,24.2,26.4,917,20.6,2,79.13,108.94,0
2026-03-14T20:00:00Z,notification-service,14.9,26.5,278,31.0,0,8.34,18.07,108
2026-03-14T20:00:00Z,object-storage,6.1,11.7,2463,20.4,0,358.37,89.71,0
2026-03-14T20:00:00Z,order-api,31.5,40.7,602,45.8,1,33.11,45.15,1702
2026-03-14T20:00:00Z,payment-service,21.4,31.8,236,71.5,0,8.26,8.26,361
2026-03-14T20:00:00Z,postgres-db,29.3,65.4,2803,17.7,0,22.42,50.45,2803
2026-03-14T20:00:00Z,recommendation-service,41.2,59.2,669,53.5,0,30.11,63.55,740
2026-03-14T20:00:00Z,redis-cache,21.1,38.7,4431,3.8,0,53.17,66.47,0
2026-03-14T21:00:00Z,api-gateway,23.4,26.4,812,21.1,2,67.91,97.13,0
2026-03-14T21:00:00Z,notification-service,14.3,27.6,235,29.0,0,7.05,15.28,91
2026-03-14T21:00:00Z,object-storage,5.7,12.2,2377,21.9,0,360.74,69.11,0
2026-03-14T21:00:00Z,order-api,29.7,43.8,531,48.2,0,29.21,39.82,1467
2026-03-14T21:00:00Z,payment-service,19.7,32.7,199,69.0,0,6.97,6.97,292
2026-03-14T21:00:00Z,postgres-db,30.2,63.1,2422,17.1,0,19.38,43.6,2422
2026-03-14T21:00:00Z,recommendation-service,41.9,59.2,595,51.6,1,26.77,56.52,663
2026-03-14T21:00:00Z,redis-cache,18.1,38.7,3872,3.0,0,46.46,58.08,0
2026-03-14T22:00:00Z,api-gateway,23.5,26.8,696,19.7,0,60.15,82.7,0
2026-03-14T22:00:00Z,notification-service,15.7,29.4,213,34.7,1,6.39,13.85,83
2026-03-14T22:00:00Z,object-storage,6.1,12.1,2620,22.5,0,378.74,69.92,0
2026-03-14T22:00:00Z,order-api,28.8,41.5,456,48.7,1,25.08,34.2,1269
2026-03-14T22:00:00Z,payment-service,19.1,32.8,175,72.2,0,6.13,6.13,270
2026-03-14T22:00:00Z,postgres-db,26.8,63.9,2089,16.8,0,16.71,37.6,2089
2026-03-14T22:00:00Z,recommendation-service,41.2,57.6,502,53.0,0,22.59,47.69,550
2026-03-14T22:00:00Z,redis-cache,17.5,38.6,3335,3.7,0,40.02,50.02,0
2026-03-14T23:00:00Z,api-gateway,22.7,26.2,660,18.9,1,55.05,77.2,0
2026-03-14T23:00:00Z,notification-service,15.9,29.1,193,31.6,0,5.79,12.54,73
2026-03-14T23:00:00Z,object-storage,5.6,11.7,2328,23.6,0,324.48,61.01,0
2026-03-14T23:00:00Z,order-api,29.3,41.0,433,46.8,1,23.82,32.48,1200
2026-03-14T23:00:00Z,payment-service,18.3,31.8,165,70.4,1,5.78,5.78,252
2026-03-14T23:00:00Z,postgres-db,27.0,63.3,1986,18.9,0,15.89,35.75,1986
2026-03-14T23:00:00Z,recommendation-service,38.8,59.2,484,51.3,1,21.78,45.98,534
2026-03-14T23:00:00Z,redis-cache,18.6,38.5,3195,3.2,0,38.34,47.92,0
