timestamp,service_id,resource,region,usage,unit,cost
2026-03-01T00:00:00Z,api-gateway,API-Requests,us-east-1,0.0594,10k-requests,0.0021
2026-03-01T00:00:00Z,api-gateway,Gateway-DataTransfer,us-east-1,0.118,GB,0.0106
2026-03-01T00:00:00Z,order-api,Compute-Fargate,us-east-1,4.0,vCPU-hours,0.1619
2026-03-01T00:00:00Z,payment-service,Compute-Container,us-east-1,2.0,vCPU-hours,0.081
2026-03-01T00:00:00Z,recommendation-service,Compute-GPU-Instance,us-east-1,1.0,instance-hours,1.2
2026-03-01T00:00:00Z,postgres-db,Database-Instance,us-east-1,1.0,db.m5.xlarge-hours,0.34
2026-03-01T00:00:00Z,postgres-db,Provisioned-IOPS,us-east-1,3000.0,IOPS-hours,0.3
2026-03-01T00:00:00Z,redis-cache,Cache-Cluster,us-east-1,2.0,cache.m5.large-hours,0.26
2026-03-01T00:00:00Z,notification-service,Compute-Task,us-east-1,1.0,vCPU-hours,0.0405
2026-03-01T00:00:00Z,notification-service,Egress-DataTransfer,us-east-1,0.0115,GB-out,0.001
2026-03-01T00:00:00Z,object-storage,Standard-Storage,us-east-1,1185.75,GB-month-fraction,0.0374
2026-03-01T00:00:00Z,object-storage,Storage-API-Operations,us-east-1,0.0226,10k-requests,0.0001
2026-03-01T01:00:00Z,api-gateway,API-Requests,us-east-1,0.054,10k-requests,0.0019
2026-03-01T01:00:00Z,api-gateway,Gateway-DataTransfer,us-east-1,0.1056,GB,0.0095
2026-03-01T01:00:00Z,order-api,Compute-Fargate,us-east-1,4.0,vCPU-hours,0.1619
2026-03-01T01:00:00Z,payment-service,Compute-Container,us-east-1,2.0,vCPU-hours,0.081
2026-03-01T01:00:00Z,recommendation-service,Compute-GPU-Instance,us-east-1,1.0,instance-hours,1.2
2026-03-01T01:00:00Z,postgres-db,Database-Instance,us-east-1,1.0,db.m5.xlarge-hours,0.34
2026-03-01T01:00:00Z,postgres-db,Provisioned-IOPS,us-east-1,3000.0,IOPS-hours,0.3
2026-03-01T01:00:00Z,redis-cache,Cache-Cluster,us-east-1,2.0,cache.m5.large-hours,0.26
2026-03-01T01:00:00Z,notification-service,Compute-Task,us-east-1,1.0,vCPU-hours,0.0405
2026-03-01T01:00:00Z,notification-service,Egress-DataTransfer,us-east-1,0.0101,GB-out,0.0009
2026-03-01T01:00:00Z,object-storage,Standard-Storage,us-east-1,1188.03,GB-month-fraction,0.0374
2026-03-01T01:00:00Z,object-storage,Storage-API-Operations,us-east-1,0.0198,10k-requests,0.0001
2026-03-01T02:00:00Z,api-gateway,API-Requests,us-east-1,0.0523,10k-requests,0.0018
2026-03-01T02:00:00Z,api-gateway,Gateway-DataTransfer,us-east-1,0.1068,GB,0.0096
2026-03-01T02:00:00Z,order-api,Compute-Fargate,us-east-1,4.0,vCPU-hours,0.1619
2026-03-01T02:00:00Z,payment-service,Compute-Container,us-east-1,2.0,vCPU-hours,0.081
2026-03-01T02:00:00Z,recommendation-service,Compute-GPU-Instance,us-east-1,1.0,instance-hours,1.2
2026-03-01T02:00:00Z,postgres-db,Database-Instance,us-east-1,1.0,db.m5.xlarge-hours,0.34
2026-03-01T02:00:00Z,postgres-db,Provisioned-IOPS,us-east-1,3000.0,IOPS-hours,0.3
2026-03-01T02:00:00Z,redis-cache,Cache-Cluster,us-east-1,2.0,cache.m5.large-hours,0.26
2026-03-01T02:00:00Z,notification-service,Compute-Task,us-east-1,1.0,vCPU-hours,0.0405
2026-03-01T02:00:00Z,notification-service,Egress-DataTransfer,us-east-1,0.0101,GB-out,0.0009
2026-03-01T02:00:00Z,object-storage,Standard-Storage,us-east-1,1203.82,GB-month-fraction,0.0379
2026-03-01T02:00:00Z,object-storage,Storage-API-Operations,us-east-1,0.0209,10k-requests,0.0001
2026-03-01T03:00:00Z,api-gateway,API-Requests,us-east-1,0.0551,10k-requests,0.0019
2026-03-01T03:00:00Z,api-gateway,Gateway-DataTransfer,us-east-1,0.1091,GB,0.0098
2026-03-01T03:00:00Z,order-api,Compute-Fargate,us-east-1,4.0,vCPU-hours,0.1619
2026-03-01T03:00:00Z,payment-service,Compute-Container,us-east-1,2.0,vCPU-hours,0.081
2026-03-01T03:00:00Z,recommendation-service,Compute-GPU-Instance,us-east-1,1.0,instance-hours,1.2
2026-03-01T03:00:00Z,postgres-db,Database-Instance,us-east-1,1.0,db.m5.xlarge-hours,0.34
2026-03-01T03:00:00Z,postgres-db,Provisioned-IOPS,us-east-1,3000.0,IOPS-hours,0.3
2026-03-01T03:00:00Z,redis-cache,Cache-Cluster,us-east-1,2.0,cache.m5.large-hours,0.26
2026-03-01T03:00:00Z,notification-service,Compute-Task,us-east-1,1.0,vCPU-hours,0.0405
2026-03-01T03:00:00Z,notification-service,Egress-DataTransfer,us-east-1,0.0102,GB-out,0.0009
2026-03-01T03:00:00Z,object-storage,Standard-Storage,us-east-1,1187.08,GB-month-fraction,0.0374
2026-03-01T03:00:00Z,object-storage,Storage-API-Operations,us-east-1,0.0219,10k-requests,0.0001
2026-03-01T04:00:00Z,api-gateway,API-Requests,us-east-1,0.0599,10k-requests,0.0021
2026-03-01T04:00:00Z,api-gateway,Gateway-DataTransfer,us-east-1,0.1199,GB,0.0108
2026-03-01T04:00:00Z,order-api,Compute-Fargate,us-east-1,4.0,vCPU-hours,0.1619
2026-03-01T04:00:00Z,payment-service,Compute-Container,us-east-1,2.0,vCPU-hours,0.081
2026-03-01T04:00:00Z,recommendation-service,Compute-GPU-Instance,us-east-1,1.0,instance-hours,1.2
2026-03-01T04:00:00Z,postgres-db,Database-Instance,us-east-1,1.0,db.m5.xlarge-hours,0.34
2026-03-01T04:00:00Z,postgres-db,Provisioned-IOPS,us-east-1,3000.0,IOPS-hours,0.3
2026-03-01T04:00:00Z,redis-cache,Cache-Cluster,us-east-1,2.0,cache.m5.large-hours,0.26
2026-03-01T04:00:00Z,notification-service,Compute-Task,us-east-1,1.0,vCPU-hours,0.0405
2026-03-01T04:00:00Z,notification-service,Egress-DataTransfer,us-east-1,0.0107,GB-out,0.001
2026-03-01T04:00:00Z,object-storage,Standard-Storage,us-east-1,1205.2,GB-month-fraction,0.038
2026-03-01T04:00:00Z,object-storage,Storage-API-Operations,us-east-1,0.0216,10k-requests,0.0001
2026-03-01T05:00:00Z,api-gateway,API-Requests,us-east-1,0.0649,10k-requests,0.0023
2026-03-01T05:00:00Z,api-gateway,Gateway-DataTransfer,us-east-1,0.1293,GB,0.0116
2026-03-01T05:00:00Z,order-api,Compute-Fargate,us-east-1,4.0,vCPU-hours,0.1619
2026-03-01T05:00:00Z,payment-service,Compute-Container,us-east-1,2.0,vCPU-hours,0.081
2026-03-01T05:00:00Z,recommendation-service,Compute-GPU-Instance,us-east-1,1.0,instance-hours,1.2
2026-03-01T05:00:00Z,postgres-db,Database-Instance,us-east-1,1.0,db.m5.xlarge-hours,0.34
2026-03-01T05:00:00Z,postgres-db,Provisioned-IOPS,us-east-1,3000.0,IOPS-hours,0.3
2026-03-01T05:00:00Z,redis-cache,Cache-Cluster,us-east-1,2.0,cache.m5.large-hours,0.26
2026-03-01T05:00:00Z,notification-service,Compute-Task,us-east-1,1.0,vCPU-hours,0.0405
2026-03-01T05:00:00Z,notification-service,Egress-DataTransfer,us-east-1,0.0119,GB-out,0.0011
2026-03-01T05:00:00Z,object-storage,Standard-Storage,us-east-1,1200.09,GB-month-fraction,0.0378
2026-03-01T05:00:00Z,object-storage,Storage-API-Operations,us-east-1,0.0257,10k-requests,0.0001
2026-03-01T06:00:00Z,api-gateway,API-Requests,us-east-1,0.0738,10k-requests,0.0026
2026-03-01T06:00:00Z,api-gateway,Gateway-DataTransfer,us-east-1,0.1465,GB,0.0132
2026-03-01T06:00:00Z,order-api,Compute-Fargate,us-east-1,4.0,vCPU-hours,0.1619
2026-03-01T06:00:00Z,payment-service,Compute-Container,us-east-1,2.0,vCPU-hours,0.081
2026-03-01T06:00:00Z,recommendation-service,Compute-GPU-Instance,us-east-1,1.0,instance-hours,1.2
2026-03-01T06:00:00Z,postgres-db,Database-Instance,us-east-1,1.0,db.m5.xlarge-hours,0.34
2026-03-01T06:00:00Z,postgres-db,Provisioned-IOPS,us-east-1,3000.0,IOPS-hours,0.3
2026-03-01T06:00:00Z,redis-cache,Cache-Cluster,us-east-1,2.0,cache.m5.large-hours,0.26
2026-03-01T06:00:00Z,notification-service,Compute-Task,us-east-1,1.0,vCPU-hours,0.0405
2026-03-01T06:00:00Z,notification-service,Egress-DataTransfer,us-east-1,0.0136,GB-out,0.0012
2026-03-01T06:00:00Z,object-storage,Standard-Storage,us-east-1,1193.98,GB-month-fraction,0.0376
2026-03-01T06:00:00Z,object-storage,Storage-API-Operations,us-east-1,0.0291,10k-requests,0.0001
2026-03-01T07:00:00Z,api-gateway,API-Requests,us-east-1,0.0831,10k-requests,0.0029
2026-03-01T07:00:00Z,api-gateway,Gateway-DataTransfer,us-east-1,0.17,GB,0.0153
2026-03-01T07:00:00Z,order-api,Compute-Fargate,us-east-1,4.0,vCPU-hours,0.1619
2026-03-01T07:00:00Z,payment-service,Compute-Container,us-east-1,2.0,vCPU-hours,0.081
2026-03-01T07:00:00Z,recommendation-service,Compute-GPU-Instance,us-east-1,1.0,instance-hours,1.2
2026-03-01T07:00:00Z,postgres-db,Database-Instance,us-east-1,1.0,db.m5.xlarge-hours,0.34
2026-03-01T07:00:00Z,postgres-db,Provisioned-IOPS,us-east-1,3000.0,IOPS-hours,0.3
2026-03-01T07:00:00Z,redis-cache,Cache-Cluster,us-east-1,2.0,cache.m5.large-hours,0.26
2026-03-01T07:00:00Z,notification-service,Compute-Task,us-east-1,1.0,vCPU-hours,0.0405
2026-03-01T07:00:00Z,notification-service,Egress-DataTransfer,us-east-1,0.0159,GB-out,0.0014
2026-03-01T07:00:00Z,object-storage,Standard-Storage,us-east-1,1197.19,GB-month-fraction,0.0377
2026-03-01T07:00:00Z,object-storage,Storage-API-Operations,us-east-1,0.033,10k-requests,0.0002
2026-03-01T08:00:00Z,api-gateway,API-Requests,us-east-1,0.0916,10k-requests,0.0032
2026-03-01T08:00:00Z,api-gateway,Gateway-DataTransfer,us-east-1,0.1836,GB,0.0165
2026-03-01T08:00:00Z,order-api,Compute-Fargate,us-east-1,4.0,vCPU-hours,0.1619
2026-03-01T08:00:00Z,payment-service,Compute-Container,us-east-1,2.0,vCPU-hours,0.081
2026-03-01T08:00:00Z,recommendation-service,Compute-GPU-Instance,us-east-1,1.0,instance-hours,1.2
2026-03-01T08:00:00Z,postgres-db,Database-Instance,us-east-1,1.0,db.m5.xlarge-hours,0.34
2026-03-01T08:00:00Z,postgres-db,Provisioned-IOPS,us-east-1,3000.0,IOPS-hours,0.3
2026-03-01T08:00:00Z,redis-cache,Cache-Cluster,us-east-1,2.0,cache.m5.large-hours,0.26
2026-03-01T08:00:00Z,notification-service,Compute-Task,us-east-1,1.0,vCPU-hours,0.0405
2026-03-01T08:00:00Z,notification-service,Egress-DataTransfer,us-east-1,0.0166,GB-out,0.0015
2026-03-01T08:00:00Z,object-storage,Standard-Storage,us-east-1,1194.41,GB-month-fraction,0.0376
2026-03-01T08:00:00Z,object-storage,Storage-API-Operations,us-east-1,0.0342,10k-requests,0.0002
2026-03-01T09:00:00Z,api-gateway,API-Requests,us-east-1,0.0966,10k-requests,0.0034
2026-03-01T09:00:00Z,api-gateway,Gateway-DataTransfer,us-east-1,0.1954,GB,0.0176
2026-03-01T09:00:00Z,order-api,Compute-Fargate,us-east-1,4.0,vCPU-hours,0.1619
2026-03-01T09:00:00Z,payment-service,Compute-Container,us-east-1,2.0,vCPU-hours,0.081
2026-03-01T09:00:00Z,recommendation-service,Compute-GPU-Instance,us-east-1,1.0,instance-hours,1.2
2026-03-01T09:00:00Z,postgres-db,Database-Instance,us-east-1,1.0,db.m5.xlarge-hours,0.34
2026-03-01T09:00:00Z,postgres-db,Provisioned-IOPS,us-east-1,3000.0,IOPS-hours,0.3
2026-03-01T09:00:00Z,redis-cache,Cache-Cluster,us-east-1,2.0,cache.m5.large-hours,0.26
2026-03-01T09:00:00Z,notification-service,Compute-Task,us-east-1,1.0,vCPU-hours,0.0405
2026-03-01T09:00:00Z,notification-service,Egress-DataTransfer,us-east-1,0.0176,GB-out,0.0016
2026-03-01T09:00:00Z,object-storage,Standard-Storage,us-east-1,1187.54,GB-month-fraction,0.0374
2026-03-01T09:00:00Z,object-storage,Storage-API-Operations,us-east-1,0.0378,10k-requests,0.0002
2026-03-01T10:00:00Z,api-gateway,API-Requests,us-east-1,0.1114,10k-requests,0.0039
2026-03-01T10:00:00Z,api-gateway,Gateway-DataTransfer,us-east-1,0.2242,GB,0.0202
2026-03-01T10:00:00Z,order-api,Compute-Fargate,us-east-1,4.0,vCPU-hours,0.1619
2026-03-01T10:00:00Z,payment-service,Compute-Container,us-east-1,2.0,vCPU-hours,0.081
2026-03-01T10:00:00Z,recommendation-service,Compute-GPU-Instance,us-east-1,1.0,instance-hours,1.2
2026-03-01T10:00:00Z,postgres-db,Database-Instance,us-east-1,1.0,db.m5.xlarge-hours,0.34
2026-03-01T10:00:00Z,postgres-db,Provisioned-IOPS,us-east-1,3000.0,IOPS-hours,0.3
2026-03-01T10:00:00Z,redis-cache,Cache-Cluster,us-east-1,2.0,cache.m5.large-hours,0.26
2026-03-01T10:00:00Z,notification-service,Compute-Task,us-east-1,1.0,vCPU-hours,0.0405
2026-03-01T10:00:00Z,notification-service,Egress-DataTransfer,us-east-1,0.0211,GB-out,0.0019
2026-03-01T10:00:00Z,object-storage,Standard-Storage,us-east-1,1207.31,GB-month-fraction,0.038
2026-03-01T10:00:00Z,object-storage,Storage-API-Operations,us-east-1,0.0421,10k-requests,0.0002
2026-03-01T11:00:00Z,api-gateway,API-Requests,us-east-1,0.1171,10k-requests,0.0041
2026-03-01T11:00:00Z,api-gateway,Gateway-DataTransfer,us-east-1,0.232,GB,0.0209
2026-03-01T11:00:00Z,order-api,Compute-Fargate,us-east-1,4.0,vCPU-hours,0.1619
2026-03-01T11:00:00Z,payment-service,Compute-Container,us-east-1,2.0,vCPU-hours,0.081
2026-03-01T11:00:00Z,recommendation-service,Compute-GPU-Instance,us-east-1,1.0,instance-hours,1.2
2026-03-01T11:00:00Z,postgres-db,Database-Instance,us-east-1,1.0,db.m5.xlarge-hours,0.34
2026-03-01T11:00:00Z,postgres-db,Provisioned-IOPS,us-east-1,3000.0,IOPS-hours,0.3
2026-03-01T11:00:00Z,redis-cache,Cache-Cluster,us-east-1,2.0,cache.m5.large-hours,0.26
2026-03-01T11:00:00Z,notification-service,Compute-Task,us-east-1,1.0,vCPU-hours,0.0405
2026-03-01T11:00:00Z,notification-service,Egress-DataTransfer,us-east-1,0.0211,GB-out,0.0019
2026-03-01T11:00:00Z,object-storage,Standard-Storage,us-east-1,1197.13,GB-month-fraction,0.0377
2026-03-01T11:00:00Z,object-storage,Storage-API-Operations,us-east-1,0.0447,10k-requests,0.0002
2026-03-01T12:00:00Z,api-gateway,API-Requests,us-east-1,0.1242,10k-requests,0.0043
2026-03-01T12:00:00Z,api-gateway,Gateway-DataTransfer,us-east-1,0.2498,GB,0.0225
2026-03-01T12:00:00Z,order-api,Compute-Fargate,us-east-1,4.0,vCPU-hours,0.1619
2026-03-01T12:00:00Z,payment-service,Compute-Container,us-east-1,2.0,vCPU-hours,0.081
2026-03-01T12:00:00Z,recommendation-service,Compute-GPU-Instance,us-east-1,1.0,instance-hours,1.2
2026-03-01T12:00:00Z,postgres-db,Database-Instance,us-east-1,1.0,db.m5.xlarge-hours,0.34
2026-03-01T12:00:00Z,postgres-db,Provisioned-IOPS,us-east-1,3000.0,IOPS-hours,0.3
2026-03-01T12:00:00Z,redis-cache,Cache-Cluster,us-east-1,2.0,cache.m5.large-hours,0.26
2026-03-01T12:00:00Z,notification-service,Compute-Task,us-east-1,1.0,vCPU-hours,0.0405
2026-03-01T12:00:00Z,notification-service,Egress-DataTransfer,us-east-1,0.0238,GB-out,0.0021
2026-03-01T12:00:00Z,object-storage,Standard-Storage,us-east-1,1213.94,GB-month-fraction,0.0382
2026-03-01T12:00:00Z,object-storage,Storage-API-Operations,us-east-1,0.0475,10k-requests,0.0002
2026-03-01T13:00:00Z,api-gateway,API-Requests,us-east-1,0.1222,10k-requests,0.0043
2026-03-01T13:00:00Z,api-gateway,Gateway-DataTransfer,us-east-1,0.2417,GB,0.0218
2026-03-01T13:00:00Z,order-api,Compute-Fargate,us-east-1,4.0,vCPU-hours,0.1619
2026-03-01T13:00:00Z,payment-service,Compute-Container,us-east-1,2.0,vCPU-hours,0.081
2026-03-01T13:00:00Z,recommendation-service,Compute-GPU-Instance,us-east-1,1.0,instance-hours,1.2
2026-03-01T13:00:00Z,postgres-db,Database-Instance,us-east-1,1.0,db.m5.xlarge-hours,0.34
2026-03-01T13:00:00Z,postgres-db,Provisioned-IOPS,us-east-1,3000.0,IOPS-hours,0.3
2026-03-01T13:00:00Z,redis-cache,Cache-Cluster,us-east-1,2.0,cache.m5.large-hours,0.26
2026-03-01T13:00:00Z,notification-service,Compute-Task,us-east-1,1.0,vCPU-hours,0.0405
2026-03-01T13:00:00Z,notification-service,Egress-DataTransfer,us-east-1,0.0232,GB-out,0.0021
2026-03-01T13:00:00Z,object-storage,Standard-Storage,us-east-1,1198.94,GB-month-fraction,0.0378
2026-03-01T13:00:00Z,object-storage,Storage-API-Operations,us-east-1,0.0459,10k-requests,0.0002
2026-03-01T14:00:00Z,api-gateway,API-Requests,us-east-1,0.1308,10k-requests,0.0046
2026-03-01T14:00:00Z,api-gateway,Gateway-DataTransfer,us-east-1,0.2578,GB,0.0232
2026-03-01T14:00:00Z,order-api,Compute-Fargate,us-east-1,4.0,vCPU-hours,0.1619
2026-03-01T14:00:00Z,payment-service,Compute-Container,us-east-1,2.0,vCPU-hours,0.081
2026-03-01T14:00:00Z,recommendation-service,Compute-GPU-Instance,us-east-1,1.0,instance-hours,1.2
2026-03-01T14:00:00Z,postgres-db,Database-Instance,us-east-1,1.0,db.m5.xlarge-hours,0.34
2026-03-01T14:00:00Z,postgres-db,Provisioned-IOPS,us-east-1,3000.0,IOPS-hours,0.3
2026-03-01T14:00:00Z,redis-cache,Cache-Cluster,us-east-1,2.0,cache.m5.large-hours,0.26
2026-03-01T14:00:00Z,notification-service,Compute-Task,us-east-1,1.0,vCPU-hours,0.0405
2026-03-01T14:00:00Z,notification-service,Egress-DataTransfer,us-east-1,0.0238,GB-out,0.0021
2026-03-01T14:00:00Z,object-storage,Standard-Storage,us-east-1,1200.74,GB-month-fraction,0.0378
2026-03-01T14:00:00Z,object-storage,Storage-API-Operations,us-east-1,0.0488,10k-requests,0.0002
2026-03-01T15:00:00Z,api-gateway,API-Requests,us-east-1,0.1258,10k-requests,0.0044
2026-03-01T15:00:00Z,api-gateway,Gateway-DataTransfer,us-east-1,0.2486,GB,0.0224
2026-03-01T15:00:00Z,order-api,Compute-Fargate,us-east-1,4.0,vCPU-hours,0.1619
2026-03-01T15:00:00Z,payment-service,Compute-Container,us-east-1,2.0,vCPU-hours,0.081
2026-03-01T15:00:00Z,recommendation-service,Compute-GPU-Instance,us-east-1,1.0,instance-hours,1.2
2026-03-01T15:00:00Z,postgres-db,Database-Instance,us-east-1,1.0,db.m5.xlarge-hours,0.34
2026-03-01T15:00:00Z,postgres-db,Provisioned-IOPS,us-east-1,3000.0,IOPS-hours,0.3
2026-03-01T15:00:00Z,redis-cache,Cache-Cluster,us-east-1,2.0,cache.m5.large-hours,0.26
2026-03-01T15:00:00Z,notification-service,Compute-Task,us-east-1,1.0,vCPU-hours,0.0405
2026-03-01T15:00:00Z,notification-service,Egress-DataTransfer,us-east-1,0.0227,GB-out,0.002
2026-03-01T15:00:00Z,object-storage,Standard-Storage,us-east-1,1207.2,GB-month-fraction,0.038
2026-03-01T15:00:00Z,object-storage,Storage-API-Operations,us-east-1,0.0471,10k-requests,0.0002
2026-03-01T16:00:00Z,api-gateway,API-Requests,us-east-1,0.1172,10k-requests,0.0041
2026-03-01T16:00:00Z,api-gateway,Gateway-DataTransfer,us-east-1,0.234,GB,0.0211
2026-03-01T16:00:00Z,order-api,Compute-Fargate,us-east-1,4.0,vCPU-hours,0.1619
2026-03-01T16:00:00Z,payment-service,Compute-Container,us-east-1,2.0,vCPU-hours,0.081
2026-03-01T16:00:00Z,recommendation-service,Compute-GPU-Instance,us-east-1,1.0,instance-hours,1.2
2026-03-01T16:00:00Z,postgres-db,Database-Instance,us-east-1,1.0,db.m5.xlarge-hours,0.34
2026-03-01T16:00:00Z,postgres-db,Provisioned-IOPS,us-east-1,3000.0,IOPS-hours,0.3
2026-03-01T16:00:00Z,redis-cache,Cache-Cluster,us-east-1,2.0,cache.m5.large-hours,0.26
2026-03-01T16:00:00Z,notification-service,Compute-Task,us-east-1,1.0,vCPU-hours,0.0405
2026-03-01T16:00:00Z,notification-service,Egress-DataTransfer,us-east-1,0.0213,GB-out,0.0019
2026-03-01T16:00:00Z,object-storage,Standard-Storage,us-east-1,1213.86,GB-month-fraction,0.0382
2026-03-01T16:00:00Z,object-storage,Storage-API-Operations,us-east-1,0.0434,10k-requests,0.0002
2026-03-01T17:00:00Z,api-gateway,API-Requests,us-east-1,0.1194,10k-requests,0.0042
2026-03-01T17:00:00Z,api-gateway,Gateway-DataTransfer,us-east-1,0.236,GB,0.0212
2026-03-01T17:00:00Z,order-api,Compute-Fargate,us-east-1,4.0,vCPU-hours,0.1619
2026-03-01T17:00:00Z,payment-service,Compute-Container,us-east-1,2.0,vCPU-hours,0.081
2026-03-01T17:00:00Z,recommendation-service,Compute-GPU-Instance,us-east-1,1.0,instance-hours,1.2
2026-03-01T17:00:00Z,postgres-db,Database-Instance,us-east-1,1.0,db.m5.xlarge-hours,0.34
2026-03-01T17:00:00Z,postgres-db,Provisioned-IOPS,us-east-1,3000.0,IOPS-hours,0.3
2026-03-01T17:00:00Z,redis-cache,Cache-Cluster,us-east-1,2.0,cache.m5.large-hours,0.26
2026-03-01T17:00:00Z,notification-service,Compute-Task,us-east-1,1.0,vCPU-hours,0.0405
2026-03-01T17:00:00Z,notification-service,Egress-DataTransfer,us-east-1,0.0222,GB-out,0.002
2026-03-01T17:00:00Z,object-storage,Standard-Storage,us-east-1,1198.14,GB-month-fraction,0.0377
2026-03-01T17:00:00Z,object-storage,Storage-API-Operations,us-east-1,0.0447,10k-requests,0.0002
2026-03-01T18:00:00Z,api-gateway,API-Requests,us-east-1,0.1076,10k-requests,0.0038
2026-03-01T18:00:00Z,api-gateway,Gateway-DataTransfer,us-east-1,0.2138,GB,0.0192
2026-03-01T18:00:00Z,order-api,Compute-Fargate,us-east-1,4.0,vCPU-hours,0.1619
2026-03-01T18:00:00Z,payment-service,Compute-Container,us-east-1,2.0,vCPU-hours,0.081
2026-03-01T18:00:00Z,recommendation-service,Compute-GPU-Instance,us-east-1,1.0,instance-hours,1.2
2026-03-01T18:00:00Z,postgres-db,Database-Instance,us-east-1,1.0,db.m5.xlarge-hours,0.34
2026-03-01T18:00:00Z,postgres-db,Provisioned-IOPS,us-east-1,3000.0,IOPS-hours,0.3
2026-03-01T18:00:00Z,redis-cache,Cache-Cluster,us-east-1,2.0,cache.m5.large-hours,0.26
2026-03-01T18:00:00Z,notification-service,Compute-Task,us-east-1,1.0,vCPU-hours,0.0405
2026-03-01T18:00:00Z,notification-service,Egress-DataTransfer,us-east-1,0.0206,GB-out,0.0019
2026-03-01T18:00:00Z,object-storage,Standard-Storage,us-east-1,1194.65,GB-month-fraction,0.0376
2026-03-01T18:00:00Z,object-storage,Storage-API-Operations,us-east-1,0.0413,10k-requests,0.0002
2026-03-01T19:00:00Z,api-gateway,API-Requests,us-east-1,0.1032,10k-requests,0.0036
2026-03-01T19:00:00Z,api-gateway,Gateway-DataTransfer,us-east-1,0.2075,GB,0.0187
2026-03-01T19:00:00Z,order-api,Compute-Fargate,us-east-1,4.0,vCPU-hours,0.1619
2026-03-01T19:00:00Z,payment-service,Compute-Container,us-east-1,2.0,vCPU-hours,0.081
2026-03-01T19:00:00Z,recommendation-service,Compute-GPU-Instance,us-east-1,1.0,instance-hours,1.2
2026-03-01T19:00:00Z,postgres-db,Database-Instance,us-east-1,1.0,db.m5.xlarge-hours,0.34
2026-03-01T19:00:00Z,postgres-db,Provisioned-IOPS,us-east-1,3000.0,IOPS-hours,0.3
2026-03-01T19:00:00Z,redis-cache,Cache-Cluster,us-east-1,2.0,cache.m5.large-hours,0.26
2026-03-01T19:00:00Z,notification-service,Compute-Task,us-east-1,1.0,vCPU-hours,0.0405
2026-03-01T19:00:00Z,notification-service,Egress-DataTransfer,us-east-1,0.0192,GB-out,0.0017
2026-03-01T19:00:00Z,object-storage,Standard-Storage,us-east-1,1207.4,GB-month-fraction,0.038
2026-03-01T19:00:00Z,object-storage,Storage-API-Operations,us-east-1,0.0375,10k-requests,0.0002
2026-03-01T20:00:00Z,api-gateway,API-Requests,us-east-1,0.0935,10k-requests,0.0033
2026-03-01T20:00:00Z,api-gateway,Gateway-DataTransfer,us-east-1,0.1893,GB,0.017
2026-03-01T20:00:00Z,order-api,Compute-Fargate,us-east-1,4.0,vCPU-hours,0.1619
2026-03-01T20:00:00Z,payment-service,Compute-Container,us-east-1,2.0,vCPU-hours,0.081
2026-03-01T20:00:00Z,recommendation-service,Compute-GPU-Instance,us-east-1,1.0,instance-hours,1.2
2026-03-01T20:00:00Z,postgres-db,Database-Instance,us-east-1,1.0,db.m5.xlarge-hours,0.34
2026-03-01T20:00:00Z,postgres-db,Provisioned-IOPS,us-east-1,3000.0,IOPS-hours,0.3
2026-03-01T20:00:00Z,redis-cache,Cache-Cluster,us-east-1,2.0,cache.m5.large-hours,0.26
2026-03-01T20:00:00Z,notification-service,Compute-Task,us-east-1,1.0,vCPU-hours,0.0405
2026-03-01T20:00:00Z,notification-service,Egress-DataTransfer,us-east-1,0.0164,GB-out,0.0015
2026-03-01T20:00:00Z,object-storage,Standard-Storage,us-east-1,1193.86,GB-month-fraction,0.0376
2026-03-01T20:00:00Z,object-storage,Storage-API-Operations,us-east-1,0.0341,10k-requests,0.0002
2026-03-01T21:00:00Z,api-gateway,API-Requests,us-east-1,0.0781,10k-requests,0.0027
2026-03-01T21:00:00Z,api-gateway,Gateway-DataTransfer,us-east-1,0.161,GB,0.0145
2026-03-01T21:00:00Z,order-api,Compute-Fargate,us-east-1,4.0,vCPU-hours,0.1619
2026-03-01T21:00:00Z,payment-service,Compute-Container,us-east-1,2.0,vCPU-hours,0.081
2026-03-01T21:00:00Z,recommendation-service,Compute-GPU-Instance,us-east-1,1.0,instance-hours,1.2
2026-03-01T21:00:00Z,postgres-db,Database-Instance,us-east-1,1.0,db.m5.xlarge-hours,0.34
2026-03-01T21:00:00Z,postgres-db,Provisioned-IOPS,us-east-1,3000.0,IOPS-hours,0.3
2026-03-01T21:00:00Z,redis-cache,Cache-Cluster,us-east-1,2.0,cache.m5.large-hours,0.26
2026-03-01T21:00:00Z,notification-service,Compute-Task,us-east-1,1.0,vCPU-hours,0.0405
2026-03-01T21:00:00Z,notification-service,Egress-DataTransfer,us-east-1,0.0145,GB-out,0.0013
2026-03-01T21:00:00Z,object-storage,Standard-Storage,us-east-1,1213.89,GB-month-fraction,0.0382
2026-03-01T21:00:00Z,object-storage,Storage-API-Operations,us-east-1,0.03,10k-requests,0.0001
2026-03-01T22:00:00Z,api-gateway,API-Requests,us-east-1,0.0715,10k-requests,0.0025
2026-03-01T22:00:00Z,api-gateway,Gateway-DataTransfer,us-east-1,0.1423,GB,0.0128
2026-03-01T22:00:00Z,order-api,Compute-Fargate,us-east-1,4.0,vCPU-hours,0.1619
2026-03-01T22:00:00Z,payment-service,Compute-Container,us-east-1,2.0,vCPU-hours,0.081
2026-03-01T22:00:00Z,recommendation-service,Compute-GPU-Instance,us-east-1,1.0,instance-hours,1.2
2026-03-01T22:00:00Z,postgres-db,Database-Instance,us-east-1,1.0,db.m5.xlarge-hours,0.34
2026-03-01T22:00:00Z,postgres-db,Provisioned-IOPS,us-east-1,3000.0,IOPS-hours,0.3
2026-03-01T22:00:00Z,redis-cache,Cache-Cluster,us-east-1,2.0,cache.m5.large-hours,0.26
2026-03-01T22:00:00Z,notification-service,Compute-Task,us-east-1,1.0,vCPU-hours,0.0405
2026-03-01T22:00:00Z,notification-service,Egress-DataTransfer,us-east-1,0.0134,GB-out,0.0012
2026-03-01T22:00:00Z,object-storage,Standard-Storage,us-east-1,1187.97,GB-month-fraction,0.0374
2026-03-01T22:00:00Z,object-storage,Storage-API-Operations,us-east-1,0.0253,10k-requests,0.0001
2026-03-01T23:00:00Z,api-gateway,API-Requests,us-east-1,0.066,10k-requests,0.0023
2026-03-01T23:00:00Z,api-gateway,Gateway-DataTransfer,us-east-1,0.1337,GB,0.012
2026-03-01T23:00:00Z,order-api,Compute-Fargate,us-east-1,4.0,vCPU-hours,0.1619
2026-03-01T23:00:00Z,payment-service,Compute-Container,us-east-1,2.0,vCPU-hours,0.081
2026-03-01T23:00:00Z,recommendation-service,Compute-GPU-Instance,us-east-1,1.0,instance-hours,1.2
2026-03-01T23:00:00Z,postgres-db,Database-Instance,us-east-1,1.0,db.m5.xlarge-hours,0.34
2026-03-01T23:00:00Z,postgres-db,Provisioned-IOPS,us-east-1,3000.0,IOPS-hours,0.3
2026-03-01T23:00:00Z,redis-cache,Cache-Cluster,us-east-1,2.0,cache.m5.large-hours,0.26
2026-03-01T23:00:00Z,notification-service,Compute-Task,us-east-1,1.0,vCPU-hours,0.0405
2026-03-01T23:00:00Z,notification-service,Egress-DataTransfer,us-east-1,0.012,GB-out,0.0011
2026-03-01T23:00:00Z,object-storage,Standard-Storage,us-east-1,1192.14,GB-month-fraction,0.0376
2026-03-01T23:00:00Z,object-storage,Storage-API-Operations,us-east-1,0.0255,10k-requests,0.0001
2026-03-02T00:00:00Z,api-gateway,API-Requests,us-east-1,0.0585,10k-requests,0.002
2026-03-02T00:00:00Z,api-gateway,Gateway-DataTransfer,us-east-1,0.1178,GB,0.0106
2026-03-02T00:00:00Z,order-api,Compute-Fargate,us-east-1,4.0,vCPU-hours,0.1619
2026-03-02T00:00:00Z,payment-service,Compute-Container,us-east-1,2.0,vCPU-hours,0.081
2026-03-02T00:00:00Z,recommendation-service,Compute-GPU-Instance,us-east-1,1.0,instance-hours,1.2
2026-03-02T00:00:00Z,postgres-db,Database-Instance,us-east-1,1.0,db.m5.xlarge-hours,0.34
2026-03-02T00:00:00Z,postgres-db,Provisioned-IOPS,us-east-1,3000.0,IOPS-hours,0.3
2026-03-02T00:00:00Z,redis-cache,Cache-Cluster,us-east-1,2.0,cache.m5.large-hours,0.26
2026-03-02T00:00:00Z,notification-service,Compute-Task,us-east-1,1.0,vCPU-hours,0.0405
2026-03-02T00:00:00Z,notification-service,Egress-DataTransfer,us-east-1,0.0104,GB-out,0.0009
2026-03-02T00:00:00Z,object-storage,Standard-Storage,us-east-1,1191.85,GB-month-fraction,0.0376
2026-03-02T00:00:00Z,object-storage,Storage-API-Operations,us-east-1,0.0232,10k-requests,0.0001
2026-03-02T01:00:00Z,api-gateway,API-Requests,us-east-1,0.0531,10k-requests,0.0019
2026-03-02T01:00:00Z,api-gateway,Gateway-DataTransfer,us-east-1,0.1046,GB,0.0094
2026-03-02T01:00:00Z,order-api,Compute-Fargate,us-east-1,4.0,vCPU-hours,0.1619
2026-03-02T01:00:00Z,payment-service,Compute-Container,us-east-1,2.0,vCPU-hours,0.081
2026-03-02T01:00:00Z,recommendation-service,Compute-GPU-Instance,us-east-1,1.0,instance-hours,1.2
2026-03-02T01:00:00Z,postgres-db,Database-Instance,us-east-1,1.0,db.m5.xlarge-hours,0.34
2026-03-02T01:00:00Z,postgres-db,Provisioned-IOPS,us-east-1,3000.0,IOPS-hours,0.3
2026-03-02T01:00:00Z,redis-cache,Cache-Cluster,us-east-1,2.0,cache.m5.large-hours,0.26
2026-03-02T01:00:00Z,notification-service,Compute-Task,us-east-1,1.0,vCPU-hours,0.0405
2026-03-02T01:00:00Z,notification-service,Egress-DataTransfer,us-east-1,0.0097,GB-out,0.0009
2026-03-02T01:00:00Z,object-storage,Standard-Storage,us-east-1,1212.87,GB-month-fraction,0.0382
2026-03-02T01:00:00Z,object-storage,Storage-API-Operations,us-east-1,0.0205,10k-requests,0.0001
2026-03-02T02:00:00Z,api-gateway,API-Requests,us-east-1,0.0527,10k-requests,0.0018
2026-03-02T02:00:00Z,api-gateway,Gateway-DataTransfer,us-east-1,0.1035,GB,0.0093
2026-03-02T02:00:00Z,order-api,Compute-Fargate,us-east-1,4.0,vCPU-hours,0.1619
2026-03-02T02:00:00Z,payment-service,Compute-Container,us-east-1,2.0,vCPU-hours,0.081
2026-03-02T02:00:00Z,recommendation-service,Compute-GPU-Instance,us-east-1,1.0,instance-hours,1.2
2026-03-02T02:00:00Z,postgres-db,Database-Instance,us-east-1,1.0,db.m5.xlarge-hours,0.34
2026-03-02T02:00:00Z,postgres-db,Provisioned-IOPS,us-east-1,3000.0,IOPS-hours,0.3
2026-03-02T02:00:00Z,redis-cache,Cache-Cluster,us-east-1,2.0,cache.m5.large-hours,0.26
2026-03-02T02:00:00Z,notification-service,Compute-Task,us-east-1,1.0,vCPU-hours,0.0405
2026-03-02T02:00:00Z,notification-service,Egress-DataTransfer,us-east-1,0.01,GB-out,0.0009
2026-03-02T02:00:00Z,object-storage,Standard-Storage,us-east-1,1189.12,GB-month-fraction,0.0375
2026-03-02T02:00:00Z,object-storage,Storage-API-Operations,us-east-1,0.0198,10k-requests,0.0001
2026-03-02T03:00:00Z,api-gateway,API-Requests,us-east-1,0.0566,10k-requests,0.002
2026-03-02T03:00:00Z,api-gateway,Gateway-DataTransfer,us-east-1,0.1152,GB,0.0104
2026-03-02T03:00:00Z,order-api,Compute-Fargate,us-east-1,4.0,vCPU-hours,0.1619
2026-03-02T03:00:00Z,payment-service,Compute-Container,us-east-1,2.0,vCPU-hours,0.081
2026-03-02T03:00:00Z,recommendation-service,Compute-GPU-Instance,us-east-1,1.0,instance-hours,1.2
2026-03-02T03:00:00Z,postgres-db,Database-Instance,us-east-1,1.0,db.m5.xlarge-hours,0.34
2026-03-02T03:00:00Z,postgres-db,Provisioned-IOPS,us-east-1,3000.0,IOPS-hours,0.3
2026-03-02T03:00:00Z,redis-cache,Cache-Cluster,us-east-1,2.0,cache.m5.large-hours,0.26
2026-03-02T03:00:00Z,notification-service,Compute-Task,us-east-1,1.0,vCPU-hours,0.0405
2026-03-02T03:00:00Z,notification-service,Egress-DataTransfer,us-east-1,0.0107,GB-out,0.001
2026-03-02T03:00:00Z,object-storage,Standard-Storage,us-east-1,1209.45,GB-month-fraction,0.0381
2026-03-02T03:00:00Z,object-storage,Storage-API-Operations,us-east-1,0.0228,10k-requests,0.0001
2026-03-02T04:00:00Z,api-gateway,API-Requests,us-east-1,0.0571,10k-requests,0.002
2026-03-02T04:00:00Z,api-gateway,Gateway-DataTransfer,us-east-1,0.1124,GB,0.0101
2026-03-02T04:00:00Z,order-api,Compute-Fargate,us-east-1,4.0,vCPU-hours,0.1619
2026-03-02T04:00:00Z,payment-service,Compute-Container,us-east-1,2.0,vCPU-hours,0.081
2026-03-02T04:00:00Z,recommendation-service,Compute-GPU-Instance,us-east-1,1.0,instance-hours,1.2
2026-03-02T04:00:00Z,postgres-db,Database-Instance,us-east-1,1.0,db.m5.xlarge-hours,0.34
2026-03-02T04:00:00Z,postgres-db,Provisioned-IOPS,us-east-1,3000.0,IOPS-hours,0.3
2026-03-02T04:00:00Z,redis-cache,Cache-Cluster,us-east-1,2.0,cache.m5.large-hours,0.26
2026-03-02T04:00:00Z,notification-service,Compute-Task,us-east-1,1.0,vCPU-hours,0.0405
2026-03-02T04:00:00Z,notification-service,Egress-DataTransfer,us-east-1,0.0106,GB-out,0.001
2026-03-02T04:00:00Z,object-storage,Standard-Storage,us-east-1,1186.86,GB-month-fraction,0.0374
2026-03-02T04:00:00Z,object-storage,Storage-API-Operations,us-east-1,0.0226,10k-requests,0.0001
2026-03-02T05:00:00Z,api-gateway,API-Requests,us-east-1,0.0646,10k-requests,0.0023
2026-03-02T05:00:00Z,api-gateway,Gateway-DataTransfer,us-east-1,0.1308,GB,0.0118
2026-03-02T05:00:00Z,order-api,Compute-Fargate,us-east-1,4.0,vCPU-hours,0.1619
2026-03-02T05:00:00Z,payment-service,Compute-Container,us-east-1,2.0,vCPU-hours,0.081
2026-03-02T05:00:00Z,recommendation-service,Compute-GPU-Instance,us-east-1,1.0,instance-hours,1.2
2026-03-02T05:00:00Z,postgres-db,Database-Instance,us-east-1,1.0,db.m5.xlarge-hours,0.34
2026-03-02T05:00:00Z,postgres-db,Provisioned-IOPS,us-east-1,3000.0,IOPS-hours,0.3
2026-03-02T05:00:00Z,redis-cache,Cache-Cluster,us-east-1,2.0,cache.m5.large-hours,0.26
2026-03-02T05:00:00Z,notification-service,Compute-Task,us-east-1,1.0,vCPU-hours,0.0405
2026-03-02T05:00:00Z,notification-service,Egress-DataTransfer,us-east-1,0.0122,GB-out,0.0011
2026-03-02T05:00:00Z,object-storage,Standard-Storage,us-east-1,1204.38,GB-month-fraction,0.0379
2026-03-02T05:00:00Z,object-storage,Storage-API-Operations,us-east-1,0.0255,10k-requests,0.0001
2026-03-02T06:00:00Z,api-gateway,API-Requests,us-east-1,0.0713,10k-requests,0.0025
2026-03-02T06:00:00Z,api-gateway,Gateway-DataTransfer,us-east-1,0.1426,GB,0.0128
2026-03-02T06:00:00Z,order-api,Compute-Fargate,us-east-1,4.0,vCPU-hours,0.1619
2026-03-02T06:00:00Z,payment-service,Compute-Container,us-east-1,2.0,vCPU-hours,0.081
2026-03-02T06:00:00Z,recommendation-service,Compute-GPU-Instance,us-east-1,1.0,instance-hours,1.2
2026-03-02T06:00:00Z,postgres-db,Database-Instance,us-east-1,1.0,db.m5.xlarge-hours,0.34
2026-03-02T06:00:00Z,postgres-db,Provisioned-IOPS,us-east-1,3000.0,IOPS-hours,0.3
2026-03-02T06:00:00Z,redis-cache,Cache-Cluster,us-east-1,2.0,cache.m5.large-hours,0.26
2026-03-02T06:00:00Z,notification-service,Compute-Task,us-east-1,1.0,vCPU-hours,0.0405
2026-03-02T06:00:00Z,notification-service,Egress-DataTransfer,us-east-1,0.0139,GB-out,0.0013
2026-03-02T06:00:00Z,object-storage,Standard-Storage,us-east-1,1200.82,GB-month-fraction,0.0378
2026-03-02T06:00:00Z,object-storage,Storage-API-Operations,us-east-1,0.0275,10k-requests,0.0001
2026-03-02T07:00:00Z,api-gateway,API-Requests,us-east-1,0.0809,10k-requests,0.0028
2026-03-02T07:00:00Z,api-gateway,Gateway-DataTransfer,us-east-1,0.1597,GB,0.0144
2026-03-02T07:00:00Z,order-api,Compute-Fargate,us-east-1,4.0,vCPU-hours,0.1619
2026-03-02T07:00:00Z,payment-service,Compute-Container,us-east-1,2.0,vCPU-hours,0.081
2026-03-02T07:00:00Z,recommendation-service,Compute-GPU-Instance,us-east-1,1.0,instance-hours,1.2
2026-03-02T07:00:00Z,postgres-db,Database-Instance,us-east-1,1.0,db.m5.xlarge-hours,0.34
2026-03-02T07:00:00Z,postgres-db,Provisioned-IOPS,us-east-1,3000.0,IOPS-hours,0.3
2026-03-02T07:00:00Z,redis-cache,Cache-Cluster,us-east-1,2.0,cache.m5.large-hours,0.26
2026-03-02T07:00:00Z,notification-service,Compute-Task,us-east-1,1.0,vCPU-hours,0.0405
2026-03-02T07:00:00Z,notification-service,Egress-DataTransfer,us-east-1,0.0149,GB-out,0.0013
2026-03-02T07:00:00Z,object-storage,Standard-Storage,us-east-1,1206.82,GB-month-fraction,0.038
2026-03-02T07:00:00Z,object-storage,Storage-API-Operations,us-east-1,0.0314,10k-requests,0.0002
2026-03-02T08:00:00Z,api-gateway,API-Requests,us-east-1,0.0876,10k-requests,0.0031
2026-03-02T08:00:00Z,api-gateway,Gateway-DataTransfer,us-east-1,0.1753,GB,0.0158
2026-03-02T08:00:00Z,order-api,Compute-Fargate,us-east-1,4.0,vCPU-hours,0.1619
2026-03-02T08:00:00Z,payment-service,Compute-Container,us-east-1,2.0,vCPU-hours,0.081
2026-03-02T08:00:00Z,recommendation-service,Compute-GPU-Instance,us-east-1,1.0,instance-hours,1.2
2026-03-02T08:00:00Z,postgres-db,Database-Instance,us-east-1,1.0,db.m5.xlarge-hours,0.34
2026-03-02T08:00:00Z,postgres-db,Provisioned-IOPS,us-east-1,3000.0,IOPS-hours,0.3
2026-03-02T08:00:00Z,redis-cache,Cache-Cluster,us-east-1,2.0,cache.m5.large-hours,0.26
2026-03-02T08:00:00Z,notification-service,Compute-Task,us-east-1,1.0,vCPU-hours,0.0405
2026-03-02T08:00:00Z,notification-service,Egress-DataTransfer,us-east-1,0.0168,GB-out,0.0015
2026-03-02T08:00:00Z,object-storage,Standard-Storage,us-east-1,1208.37,GB-month-fraction,0.0381
2026-03-02T08:00:00Z,object-storage,Storage-API-Operations,us-east-1,0.0341,10k-requests,0.0002
2026-03-02T09:00:00Z,api-gateway,API-Requests,us-east-1,0.1001,10k-requests,0.0035
2026-03-02T09:00:00Z,api-gateway,Gateway-DataTransfer,us-east-1,0.2027,GB,0.0182
2026-03-02T09:00:00Z,order-api,Compute-Fargate,us-east-1,4.0,vCPU-hours,0.1619
2026-03-02T09:00:00Z,payment-service,Compute-Container,us-east-1,2.0,vCPU-hours,0.081
2026-03-02T09:00:00Z,recommendation-service,Compute-GPU-Instance,us-east-1,1.0,instance-hours,1.2
2026-03-02T09:00:00Z,postgres-db,Database-Instance,us-east-1,1.0,db.m5.xlarge-hours,0.34
2026-03-02T09:00:00Z,postgres-db,Provisioned-IOPS,us-east-1,3000.0,IOPS-hours,0.3
2026-03-02T09:00:00Z,redis-cache,Cache-Cluster,us-east-1,2.0,cache.m5.large-hours,0.26
2026-03-02T09:00:00Z,notification-service,Compute-Task,us-east-1,1.0,vCPU-hours,0.0405
2026-03-02T09:00:00Z,notification-service,Egress-DataTransfer,us-east-1,0.0182,GB-out,0.0016
2026-03-02T09:00:00Z,object-storage,Standard-Storage,us-east-1,1197.78,GB-month-fraction,0.0377
2026-03-02T09:00:00Z,object-storage,Storage-API-Operations,us-east-1,0.037,10k-requests,0.0002
2026-03-02T10:00:00Z,api-gateway,API-Requests,us-east-1,0.1061,10k-requests,0.0037
2026-03-02T10:00:00Z,api-gateway,Gateway-DataTransfer,us-east-1,0.2136,GB,0.0192
2026-03-02T10:00:00Z,order-api,Compute-Fargate,us-east-1,4.0,vCPU-hours,0.1619
2026-03-02T10:00:00Z,payment-service,Compute-Container,us-east-1,2.0,vCPU-hours,0.081
2026-03-02T10:00:00Z,recommendation-service,Compute-GPU-Instance,us-east-1,1.0,instance-hours,1.2
2026-03-02T10:00:00Z,postgres-db,Database-Instance,us-east-1,1.0,db.m5.xlarge-hours,0.34
2026-03-02T10:00:00Z,postgres-db,Provisioned-IOPS,us-east-1,3000.0,IOPS-hours,0.3
2026-03-02T10:00:00Z,redis-cache,Cache-Cluster,us-east-1,2.0,cache.m5.large-hours,0.26
2026-03-02T10:00:00Z,notification-service,Compute-Task,us-east-1,1.0,vCPU-hours,0.0405
2026-03-02T10:00:00Z,notification-service,Egress-DataTransfer,us-east-1,0.019,GB-out,0.0017
2026-03-02T10:00:00Z,object-storage,Standard-Storage,us-east-1,1212.49,GB-month-fraction,0.0382
2026-03-02T10:00:00Z,object-storage,Storage-API-Operations,us-east-1,0.0381,10k-requests,0.0002
2026-03-02T11:00:00Z,api-gateway,API-Requests,us-east-1,0.1189,10k-requests,0.0042
2026-03-02T11:00:00Z,api-gateway,Gateway-DataTransfer,us-east-1,0.237,GB,0.0213
2026-03-02T11:00:00Z,order-api,Compute-Fargate,us-east-1,4.0,vCPU-hours,0.1619
2026-03-02T11:00:00Z,payment-service,Compute-Container,us-east-1,2.0,vCPU-hours,0.081
2026-03-02T11:00:00Z,recommendation-service,Compute-GPU-Instance,us-east-1,1.0,instance-hours,1.2
2026-03-02T11:00:00Z,postgres-db,Database-Instance,us-east-1,1.0,db.m5.xlarge-hours,0.34
2026-03-02T11:00:00Z,postgres-db,Provisioned-IOPS,us-east-1,3000.0,IOPS-hours,0.3
2026-03-02T11:00:00Z,redis-cache,Cache-Cluster,us-east-1,2.0,cache.m5.large-hours,0.26
2026-03-02T11:00:00Z,notification-service,Compute-Task,us-east-1,1.0,vCPU-hours,0.0405
2026-03-02T11:00:00Z,notification-service,Egress-DataTransfer,us-east-1,0.0211,GB-out,0.0019
2026-03-02T11:00:00Z,object-storage,Standard-Storage,us-east-1,1208.41,GB-month-fraction,0.0381
2026-03-02T11:00:00Z,object-storage,Storage-API-Operations,us-east-1,0.0442,10k-requests,0.0002
2026-03-02T12:00:00Z,api-gateway,API-Requests,us-east-1,0.121,10k-requests,0.0042
2026-03-02T12:00:00Z,api-gateway,Gateway-DataTransfer,us-east-1,0.2419,GB,0.0218
2026-03-02T12:00:00Z,order-api,Compute-Fargate,us-east-1,4.0,vCPU-hours,0.1619
2026-03-02T12:00:00Z,payment-service,Compute-Container,us-east-1,2.0,vCPU-hours,0.081
2026-03-02T12:00:00Z,recommendation-service,Compute-GPU-Instance,us-east-1,1.0,instance-hours,1.2
2026-03-02T12:00:00Z,postgres-db,Database-Instance,us-east-1,1.0,db.m5.xlarge-hours,0.34
2026-03-02T12:00:00Z,postgres-db,Provisioned-IOPS,us-east-1,3000.0,IOPS-hours,0.3
2026-03-02T12:00:00Z,redis-cache,Cache-Cluster,us-east-1,2.0,cache.m5.large-hours,0.26
2026-03-02T12:00:00Z,notification-service,Compute-Task,us-east-1,1.0,vCPU-hours,0.0405
2026-03-02T12:00:00Z,notification-service,Egress-DataTransfer,us-east-1,0.0222,GB-out,0.002
2026-03-02T12:00:00Z,object-storage,Standard-Storage,us-east-1,1209.14,GB-month-fraction,0.0381
2026-03-02T12:00:00Z,object-storage,Storage-API-Operations,us-east-1,0.0454,10k-requests,0.0002
2026-03-02T13:00:00Z,api-gateway,API-Requests,us-east-1,0.1285,10k-requests,0.0045
2026-03-02T13:00:00Z,api-gateway,Gateway-DataTransfer,us-east-1,0.2601,GB,0.0234
2026-03-02T13:00:00Z,order-api,Compute-Fargate,us-east-1,4.0,vCPU-hours,0.1619
2026-03-02T13:00:00Z,payment-service,Compute-Container,us-east-1,2.0,vCPU-hours,0.081
2026-03-02T13:00:00Z,recommendation-service,Compute-GPU-Instance,us-east-1,1.0,instance-hours,1.2
2026-03-02T13:00:00Z,postgres-db,Database-Instance,us-east-1,1.0,db.m5.xlarge-hours,0.34
2026-03-02T13:00:00Z,postgres-db,Provisioned-IOPS,us-east-1,3000.0,IOPS-hours,0.3
2026-03-02T13:00:00Z,redis-cache,Cache-Cluster,us-east-1,2.0,cache.m5.large-hours,0.26
2026-03-02T13:00:00Z,notification-service,Compute-Task,us-east-1,1.0,vCPU-hours,0.0405
2026-03-02T13:00:00Z,notification-service,Egress-DataTransfer,us-east-1,0.024,GB-out,0.0022
2026-03-02T13:00:00Z,object-storage,Standard-Storage,us-east-1,1204.63,GB-month-fraction,0.038
2026-03-02T13:00:00Z,object-storage,Storage-API-Operations,us-east-1,0.0468,10k-requests,0.0002
2026-03-02T14:00:00Z,api-gateway,API-Requests,us-east-1,0.1263,10k-requests,0.0044
2026-03-02T14:00:00Z,api-gateway,Gateway-DataTransfer,us-east-1,0.2552,GB,0.023
2026-03-02T14:00:00Z,order-api,Compute-Fargate,us-east-1,4.0,vCPU-hours,0.1619
2026-03-02T14:00:00Z,payment-service,Compute-Container,us-east-1,2.0,vCPU-hours,0.081
2026-03-02T14:00:00Z,recommendation-service,Compute-GPU-Instance,us-east-1,1.0,instance-hours,1.2
2026-03-02T14:00:00Z,postgres-db,Database-Instance,us-east-1,1.0,db.m5.xlarge-hours,0.34
2026-03-02T14:00:00Z,postgres-db,Provisioned-IOPS,us-east-1,3000.0,IOPS-hours,0.3
2026-03-02T14:00:00Z,redis-cache,Cache-Cluster,us-east-1,2.0,cache.m5.large-hours,0.26
2026-03-02T14:00:00Z,notification-service,Compute-Task,us-east-1,1.0,vCPU-hours,0.0405
2026-03-02T14:00:00Z,notification-service,Egress-DataTransfer,us-east-1,0.024,GB-out,0.0022
2026-03-02T14:00:00Z,object-storage,Standard-Storage,us-east-1,1206.26,GB-month-fraction,0.038
2026-03-02T14:00:00Z,object-storage,Storage-API-Operations,us-east-1,0.0462,10k-requests,0.0002
2026-03-02T15:00:00Z,api-gateway,API-Requests,us-east-1,0.1288,10k-requests,0.0045
2026-03-02T15:00:00Z,api-gateway,Gateway-DataTransfer,us-east-1,0.2592,GB,0.0233
2026-03-02T15:00:00Z,order-api,Compute-Fargate,us-east-1,4.0,vCPU-hours,0.1619
2026-03-02T15:00:00Z,payment-service,Compute-Container,us-east-1,2.0,vCPU-hours,0.081
2026-03-02T15:00:00Z,recommendation-service,Compute-GPU-Instance,us-east-1,1.0,instance-hours,1.2
2026-03-02T15:00:00Z,postgres-db,Database-Instance,us-east-1,1.0,db.m5.xlarge-hours,0.34
2026-03-02T15:00:00Z,postgres-db,Provisioned-IOPS,us-east-1,3000.0,IOPS-hours,0.3
2026-03-02T15:00:00Z,redis-cache,Cache-Cluster,us-east-1,2.0,cache.m5.large-hours,0.26
2026-03-02T15:00:00Z,notification-service,Compute-Task,us-east-1,1.0,vCPU-hours,0.0405
2026-03-02T15:00:00Z,notification-service,Egress-DataTransfer,us-east-1,0.0235,GB-out,0.0021
2026-03-02T15:00:00Z,object-storage,Standard-Storage,us-east-1,1195.27,GB-month-fraction,0.0377
2026-03-02T15:00:00Z,object-storage,Storage-API-Operations,us-east-1,0.0491,10k-requests,0.0002
2026-03-02T16:00:00Z,api-gateway,API-Requests,us-east-1,0.1214,10k-requests,0.0042
2026-03-02T16:00:00Z,api-gateway,Gateway-DataTransfer,us-east-1,0.2412,GB,0.0217
2026-03-02T16:00:00Z,order-api,Compute-Fargate,us-east-1,4.0,vCPU-hours,0.1619
2026-03-02T16:00:00Z,payment-service,Compute-Container,us-east-1,2.0,vCPU-hours,0.081
2026-03-02T16:00:00Z,recommendation-service,Compute-GPU-Instance,us-east-1,1.0,instance-hours,1.2
2026-03-02T16:00:00Z,postgres-db,Database-Instance,us-east-1,1.0,db.m5.xlarge-hours,0.34
2026-03-02T16:00:00Z,postgres-db,Provisioned-IOPS,us-east-1,3000.0,IOPS-hours,0.3
2026-03-02T16:00:00Z,redis-cache,Cache-Cluster,us-east-1,2.0,cache.m5.large-hours,0.26
2026-03-02T16:00:00Z,notification-service,Compute-Task,us-east-1,1.0,vCPU-hours,0.0405
2026-03-02T16:00:00Z,notification-service,Egress-DataTransfer,us-east-1,0.0231,GB-out,0.0021
2026-03-02T16:00:00Z,object-storage,Standard-Storage,us-east-1,1204.14,GB-month-fraction,0.0379
2026-03-02T16:00:00Z,object-storage,Storage-API-Operations,us-east-1,0.0474,10k-requests,0.0002
2026-03-02T17:00:00Z,api-gateway,API-Requests,us-east-1,0.1186,10k-requests,0.0042
2026-03-02T17:00:00Z,api-gateway,Gateway-DataTransfer,us-east-1,0.2346,GB,0.0211
2026-03-02T17:00:00Z,order-api,Compute-Fargate,us-east-1,4.0,vCPU-hours,0.1619
2026-03-02T17:00:00Z,payment-service,Compute-Container,us-east-1,2.0,vCPU-hours,0.081
2026-03-02T17:00:00Z,recommendation-service,Compute-GPU-Instance,us-east-1,1.0,instance-hours,1.2
2026-03-02T17:00:00Z,postgres-db,Database-Instance,us-east-1,1.0,db.m5.xlarge-hours,0.34
2026-03-02T17:00:00Z,postgres-db,Provisioned-IOPS,us-east-1,3000.0,IOPS-hours,0.3
2026-03-02T17:00:00Z,redis-cache,Cache-Cluster,us-east-1,2.0,cache.m5.large-hours,0.26
2026-03-02T17:00:00Z,notification-service,Compute-Task,us-east-1,1.0,vCPU-hours,0.0405
2026-03-02T17:00:00Z,notification-service,Egress-DataTransfer,us-east-1,0.0217,GB-out,0.002
2026-03-02T17:00:00Z,object-storage,Standard-Storage,us-east-1,1199.04,GB-month-fraction,0.0378
2026-03-02T17:00:00Z,object-storage,Storage-API-Operations,us-east-1,0.0437,10k-requests,0.0002
2026-03-02T18:00:00Z,api-gateway,API-Requests,us-east-1,0.1048,10k-requests,0.0037
2026-03-02T18:00:00Z,api-gateway,Gateway-DataTransfer,us-east-1,0.2099,GB,0.0189
2026-03-02T18:00:00Z,order-api,Compute-Fargate,us-east-1,4.0,vCPU-hours,0.1619
2026-03-02T18:00:00Z,payment-service,Compute-Container,us-east-1,2.0,vCPU-hours,0.081
2026-03-02T18:00:00Z,recommendation-service,Compute-GPU-Instance,us-east-1,1.0,instance-hours,1.2
2026-03-02T18:00:00Z,postgres-db,Database-Instance,us-east-1,1.0,db.m5.xlarge-hours,0.34
2026-03-02T18:00:00Z,postgres-db,Provisioned-IOPS,us-east-1,3000.0,IOPS-hours,0.3
2026-03-02T18:00:00Z,redis-cache,Cache-Cluster,us-east-1,2.0,cache.m5.large-hours,0.26
2026-03-02T18:00:00Z,notification-service,Compute-Task,us-east-1,1.0,vCPU-hours,0.0405
2026-03-02T18:00:00Z,notification-service,Egress-DataTransfer,us-east-1,0.0195,GB-out,0.0018
2026-03-02T18:00:00Z,object-storage,Standard-Storage,us-east-1,1189.6,GB-month-fraction,0.0375
2026-03-02T18:00:00Z,object-storage,Storage-API-Operations,us-east-1,0.0405,10k-requests,0.0002
2026-03-02T19:00:00Z,api-gateway,API-Requests,us-east-1,0.1032,10k-requests,0.0036
2026-03-02T19:00:00Z,api-gateway,Gateway-DataTransfer,us-east-1,0.2092,GB,0.0188
2026-03-02T19:00:00Z,order-api,Compute-Fargate,us-east-1,4.0,vCPU-hours,0.1619
2026-03-02T19:00:00Z,payment-service,Compute-Container,us-east-1,2.0,vCPU-hours,0.081
2026-03-02T19:00:00Z,recommendation-service,Compute-GPU-Instance,us-east-1,1.0,instance-hours,1.2
2026-03-02T19:00:00Z,postgres-db,Database-Instance,us-east-1,1.0,db.m5.xlarge-hours,0.34
2026-03-02T19:00:00Z,postgres-db,Provisioned-IOPS,us-east-1,3000.0,IOPS-hours,0.3
2026-03-02T19:00:00Z,redis-cache,Cache-Cluster,us-east-1,2.0,cache.m5.large-hours,0.26
2026-03-02T19:00:00Z,notification-service,Compute-Task,us-east-1,1.0,vCPU-hours,0.0405
2026-03-02T19:00:00Z,notification-service,Egress-DataTransfer,us-east-1,0.0192,GB-out,0.0017
2026-03-02T19:00:00Z,object-storage,Standard-Storage,us-east-1,1213.04,GB-month-fraction,0.0382
2026-03-02T19:00:00Z,object-storage,Storage-API-Operations,us-east-1,0.0399,10k-requests,0.0002
2026-03-02T20:00:00Z,api-gateway,API-Requests,us-east-1,0.0871,10k-requests,0.003
2026-03-02T20:00:00Z,api-gateway,Gateway-DataTransfer,us-east-1,0.1724,GB,0.0155
2026-03-02T20:00:00Z,order-api,Compute-Fargate,us-east-1,4.0,vCPU-hours,0.1619
2026-03-02T20:00:00Z,payment-service,Compute-Container,us-east-1,2.0,vCPU-hours,0.081
2026-03-02T20:00:00Z,recommendation-service,Compute-GPU-Instance,us-east-1,1.0,instance-hours,1.2
2026-03-02T20:00:00Z,postgres-db,Database-Instance,us-east-1,1.0,db.m5.xlarge-hours,0.34
2026-03-02T20:00:00Z,postgres-db,Provisioned-IOPS,us-east-1,3000.0,IOPS-hours,0.3
2026-03-02T20:00:00Z,redis-cache,Cache-Cluster,us-east-1,2.0,cache.m5.large-hours,0.26
2026-03-02T20:00:00Z,notification-service,Compute-Task,us-east-1,1.0,vCPU-hours,0.0405
2026-03-02T20:00:00Z,notification-service,Egress-DataTransfer,us-east-1,0.0161,GB-out,0.0015
2026-03-02T20:00:00Z,object-storage,Standard-Storage,us-east-1,1186.01,GB-month-fraction,0.0374
2026-03-02T20:00:00Z,object-storage,Storage-API-Operations,us-east-1,0.0336,10k-requests,0.0002
2026-03-02T21:00:00Z,api-gateway,API-Requests,us-east-1,0.0833,10k-requests,0.0029
2026-03-02T21:00:00Z,api-gateway,Gateway-DataTransfer,us-east-1,0.1665,GB,0.015
2026-03-02T21:00:00Z,order-api,Compute-Fargate,us-east-1,4.0,vCPU-hours,0.1619
2026-03-02T21:00:00Z,payment-service,Compute-Container,us-east-1,2.0,vCPU-hours,0.081
2026-03-02T21:00:00Z,recommendation-service,Compute-GPU-Instance,us-east-1,1.0,instance-hours,1.2
2026-03-02T21:00:00Z,postgres-db,Database-Instance,us-east-1,1.0,db.m5.xlarge-hours,0.34
2026-03-02T21:00:00Z,postgres-db,Provisioned-IOPS,us-east-1,3000.0,IOPS-hours,0.3
2026-03-02T21:00:00Z,redis-cache,Cache-Cluster,us-east-1,2.0,cache.m5.large-hours,0.26
2026-03-02T21:00:00Z,notification-service,Compute-Task,us-east-1,1.0,vCPU-hours,0.0405
2026-03-02T21:00:00Z,notification-service,Egress-DataTransfer,us-east-1,0.0154,GB-out,0.0014
2026-03-02T21:00:00Z,object-storage,Standard-Storage,us-east-1,1201.87,GB-month-fraction,0.0379
2026-03-02T21:00:00Z,object-storage,Storage-API-Operations,us-east-1,0.0306,10k-requests,0.0002
2026-03-02T22:00:00Z,api-gateway,API-Requests,us-east-1,0.0718,10k-requests,0.0025
2026-03-02T22:00:00Z,api-gateway,Gateway-DataTransfer,us-east-1,0.1406,GB,0.0127
2026-03-02T22:00:00Z,order-api,Compute-Fargate,us-east-1,4.0,vCPU-hours,0.1619
2026-03-02T22:00:00Z,payment-service,Compute-Container,us-east-1,2.0,vCPU-hours,0.081
2026-03-02T22:00:00Z,recommendation-service,Compute-GPU-Instance,us-east-1,1.0,instance-hours,1.2
2026-03-02T22:00:00Z,postgres-db,Database-Instance,us-east-1,1.0,db.m5.xlarge-hours,0.34
2026-03-02T22:00:00Z,postgres-db,Provisioned-IOPS,us-east-1,3000.0,IOPS-hours,0.3
2026-03-02T22:00:00Z,redis-cache,Cache-Cluster,us-east-1,2.0,cache.m5.large-hours,0.26
2026-03-02T22:00:00Z,notification-service,Compute-Task,us-east-1,1.0,vCPU-hours,0.0405
2026-03-02T22:00:00Z,notification-service,Egress-DataTransfer,us-east-1,0.0125,GB-out,0.0011
2026-03-02T22:00:00Z,object-storage,Standard-Storage,us-east-1,1210.19,GB-month-fraction,0.0381
2026-03-02T22:00:00Z,object-storage,Storage-API-Operations,us-east-1,0.0283,10k-requests,0.0001
2026-03-02T23:00:00Z,api-gateway,API-Requests,us-east-1,0.0651,10k-requests,0.0023
2026-03-02T23:00:00Z,api-gateway,Gateway-DataTransfer,us-east-1,0.1277,GB,0.0115
2026-03-02T23:00:00Z,order-api,Compute-Fargate,us-east-1,4.0,vCPU-hours,0.1619
2026-03-02T23:00:00Z,payment-service,Compute-Container,us-east-1,2.0,vCPU-hours,0.081
2026-03-02T23:00:00Z,recommendation-service,Compute-GPU-Instance,us-east-1,1.0,instance-hours,1.2
2026-03-02T23:00:00Z,postgres-db,Database-Instance,us-east-1,1.0,db.m5.xlarge-hours,0.34
2026-03-02T23:00:00Z,postgres-db,Provisioned-IOPS,us-east-1,3000.0,IOPS-hours,0.3
2026-03-02T23:00:00Z,redis-cache,Cache-Cluster,us-east-1,2.0,cache.m5.large-hours,0.26
2026-03-02T23:00:00Z,notification-service,Compute-Task,us-east-1,1.0,vCPU-hours,0.0405
2026-03-02T23:00:00Z,notification-service,Egress-DataTransfer,us-east-1,0.0124,GB-out,0.0011
2026-03-02T23:00:00Z,object-storage,Standard-Storage,us-east-1,1205.0,GB-month-fraction,0.038
2026-03-02T23:00:00Z,object-storage,Storage-API-Operations,us-east-1,0.0231,10k-requests,0.0001
2026-03-03T00:00:00Z,api-gateway,API-Requests,us-east-1,0.0569,10k-requests,0.002
2026-03-03T00:00:00Z,api-gateway,Gateway-DataTransfer,us-east-1,0.1112,GB,0.01
2026-03-03T00:00:00Z,order-api,Compute-Fargate,us-east-1,4.0,vCPU-hours,0.1619
2026-03-03T00:00:00Z,payment-service,Compute-Container,us-east-1,2.0,vCPU-hours,0.081
2026-03-03T00:00:00Z,recommendation-service,Compute-GPU-Instance,us-east-1,1.0,instance-hours,1.2
2026-03-03T00:00:00Z,postgres-db,Database-Instance,us-east-1,1.0,db.m5.xlarge-hours,0.34
2026-03-03T00:00:00Z,postgres-db,Provisioned-IOPS,us-east-1,3000.0,IOPS-hours,0.3
2026-03-03T00:00:00Z,redis-cache,Cache-Cluster,us-east-1,2.0,cache.m5.large-hours,0.26
2026-03-03T00:00:00Z,notification-service,Compute-Task,us-east-1,1.0,vCPU-hours,0.0405
2026-03-03T00:00:00Z,notification-service,Egress-DataTransfer,us-east-1,0.0096,GB-out,0.0009
2026-03-03T00:00:00Z,object-storage,Standard-Storage,us-east-1,1200.84,GB-month-fraction,0.0378
2026-03-03T00:00:00Z,object-storage,Storage-API-Operations,us-east-1,0.0209,10k-requests,0.0001
2026-03-03T01:00:00Z,api-gateway,API-Requests,us-east-1,0.0545,10k-requests,0.0019
2026-03-03T01:00:00Z,api-gateway,Gateway-DataTransfer,us-east-1,0.1113,GB,0.01
2026-03-03T01:00:00Z,order-api,Compute-Fargate,us-east-1,4.0,vCPU-hours,0.1619
2026-03-03T01:00:00Z,payment-service,Compute-Container,us-east-1,2.0,vCPU-hours,0.081
2026-03-03T01:00:00Z,recommendation-service,Compute-GPU-Instance,us-east-1,1.0,instance-hours,1.2
2026-03-03T01:00:00Z,postgres-db,Database-Instance,us-east-1,1.0,db.m5.xlarge-hours,0.34
2026-03-03T01:00:00Z,postgres-db,Provisioned-IOPS,us-east-1,3000.0,IOPS-hours,0.3
2026-03-03T01:00:00Z,redis-cache,Cache-Cluster,us-east-1,2.0,cache.m5.large-hours,0.26
2026-03-03T01:00:00Z,notification-service,Compute-Task,us-east-1,1.0,vCPU-hours,0.0405
2026-03-03T01:00:00Z,notification-service,Egress-DataTransfer,us-east-1,0.0097,GB-out,0.0009
2026-03-03T01:00:00Z,object-storage,Standard-Storage,us-east-1,1213.23,GB-month-fraction,0.0382
2026-03-03T01:00:00Z,object-storage,Storage-API-Operations,us-east-1,0.0199,10k-requests,0.0001
2026-03-03T02:00:00Z,api-gateway,API-Requests,us-east-1,0.0536,10k-requests,0.0019
2026-03-03T02:00:00Z,api-gateway,Gateway-DataTransfer,us-east-1,0.1059,GB,0.0095
2026-03-03T02:00:00Z,order-api,Compute-Fargate,us-east-1,4.0,vCPU-hours,0.1619
2026-03-03T02:00:00Z,payment-service,Compute-Container,us-east-1,2.0,vCPU-hours,0.081
2026-03-03T02:00:00Z,recommendation-service,Compute-GPU-Instance,us-east-1,1.0,instance-hours,1.2
2026-03-03T02:00:00Z,postgres-db,Database-Instance,us-east-1,1.0,db.m5.xlarge-hours,0.34
2026-03-03T02:00:00Z,postgres-db,Provisioned-IOPS,us-east-1,3000.0,IOPS-hours,0.3
2026-03-03T02:00:00Z,redis-cache,Cache-Cluster,us-east-1,2.0,cache.m5.large-hours,0.26
2026-03-03T02:00:00Z,notification-service,Compute-Task,us-east-1,1.0,vCPU-hours,0.0405
2026-03-03T02:00:00Z,notification-service,Egress-DataTransfer,us-east-1,0.0095,GB-out,0.0009
2026-03-03T02:00:00Z,object-storage,Standard-Storage,us-east-1,1199.53,GB-month-fraction,0.0378
2026-03-03T02:00:00Z,object-storage,Storage-API-Operations,us-east-1,0.0203,10k-requests,0.0001
2026-03-03T03:00:00Z,api-gateway,API-Requests,us-east-1,0.056,10k-requests,0.002
2026-03-03T03:00:00Z,api-gateway,Gateway-DataTransfer,us-east-1,0.112,GB,0.0101
2026-03-03T03:00:00Z,order-api,Compute-Fargate,us-east-1,4.0,vCPU-hours,0.1619
2026-03-03T03:00:00Z,payment-service,Compute-Container,us-east-1,2.0,vCPU-hours,0.081
2026-03-03T03:00:00Z,recommendation-service,Compute-GPU-Instance,us-east-1,1.0,instance-hours,1.2
2026-03-03T03:00:00Z,postgres-db,Database-Instance,us-east-1,1.0,db.m5.xlarge-hours,0.34
2026-03-03T03:00:00Z,postgres-db,Provisioned-IOPS,us-east-1,3000.0,IOPS-hours,0.3
2026-03-03T03:00:00Z,redis-cache,Cache-Cluster,us-east-1,2.0,cache.m5.large-hours,0.26
2026-03-03T03:00:00Z,notification-service,Compute-Task,us-east-1,1.0,vCPU-hours,0.0405
2026-03-03T03:00:00Z,notification-service,Egress-DataTransfer,us-east-1,0.0111,GB-out,0.001
2026-03-03T03:00:00Z,object-storage,Standard-Storage,us-east-1,1209.57,GB-month-fraction,0.0381
2026-03-03T03:00:00Z,object-storage,Storage-API-Operations,us-east-1,0.0213,10k-requests,0.0001
2026-03-03T04:00:00Z,api-gateway,API-Requests,us-east-1,0.0588,10k-requests,0.0021
2026-03-03T04:00:00Z,api-gateway,Gateway-DataTransfer,us-east-1,0.1188,GB,0.0107
2026-03-03T04:00:00Z,order-api,Compute-Fargate,us-east-1,4.0,vCPU-hours,0.1619
2026-03-03T04:00:00Z,payment-service,Compute-Container,us-east-1,2.0,vCPU-hours,0.081
2026-03-03T04:00:00Z,recommendation-service,Compute-GPU-Instance,us-east-1,1.0,instance-hours,1.2
2026-03-03T04:00:00Z,postgres-db,Database-Instance,us-east-1,1.0,db.m5.xlarge-hours,0.34
2026-03-03T04:00:00Z,postgres-db,Provisioned-IOPS,us-east-1,3000.0,IOPS-hours,0.3
2026-03-03T04:00:00Z,redis-cache,Cache-Cluster,us-east-1,2.0,cache.m5.large-hours,0.26
2026-03-03T04:00:00Z,notification-service,Compute-Task,us-east-1,1.0,vCPU-hours,0.0405
2026-03-03T04:00:00Z,notification-service,Egress-DataTransfer,us-east-1,0.0107,GB-out,0.001
2026-03-03T04:00:00Z,object-storage,Standard-Storage,us-east-1,1195.35,GB-month-fraction,0.0377
2026-03-03T04:00:00Z,object-storage,Storage-API-Operations,us-east-1,0.0216,10k-requests,0.0001
2026-03-03T05:00:00Z,api-gateway,API-Requests,us-east-1,0.0624,10k-requests,0.0022
2026-03-03T05:00:00Z,api-gateway,Gateway-DataTransfer,us-east-1,0.1265,GB,0.0114
2026-03-03T05:00:00Z,order-api,Compute-Fargate,us-east-1,4.0,vCPU-hours,0.1619
2026-03-03T05:00:00Z,payment-service,Compute-Container,us-east-1,2.0,vCPU-hours,0.081
2026-03-03T05:00:00Z,recommendation-service,Compute-GPU-Instance,us-east-1,1.0,instance-hours,1.2
2026-03-03T05:00:00Z,postgres-db,Database-Instance,us-east-1,1.0,db.m5.xlarge-hours,0.34
2026-03-03T05:00:00Z,postgres-db,Provisioned-IOPS,us-east-1,3000.0,IOPS-hours,0.3
2026-03-03T05:00:00Z,redis-cache,Cache-Cluster,us-east-1,2.0,cache.m5.large-hours,0.26
2026-03-03T05:00:00Z,notification-service,Compute-Task,us-east-1,1.0,vCPU-hours,0.0405
2026-03-03T05:00:00Z,notification-service,Egress-DataTransfer,us-east-1,0.0123,GB-out,0.0011
2026-03-03T05:00:00Z,object-storage,Standard-Storage,us-east-1,1211.16,GB-month-fraction,0.0382
2026-03-03T05:00:00Z,object-storage,Storage-API-Operations,us-east-1,0.0216,10k-requests,0.0001
2026-03-03T06:00:00Z,api-gateway,API-Requests,us-east-1,0.072,10k-requests,0.0025
2026-03-03T06:00:00Z,api-gateway,Gateway-DataTransfer,us-east-1,0.1398,GB,0.0126
2026-03-03T06:00:00Z,order-api,Compute-Fargate,us-east-1,4.0,vCPU-hours,0.1619
2026-03-03T06:00:00Z,payment-service,Compute-Container,us-east-1,2.0,vCPU-hours,0.081
2026-03-03T06:00:00Z,recommendation-service,Compute-GPU-Instance,us-east-1,1.0,instance-hours,1.2
2026-03-03T06:00:00Z,postgres-db,Database-Instance,us-east-1,1.0,db.m5.xlarge-hours,0.34
2026-03-03T06:00:00Z,postgres-db,Provisioned-IOPS,us-east-1,3000.0,IOPS-hours,0.3
2026-03-03T06:00:00Z,redis-cache,Cache-Cluster,us-east-1,2.0,cache.m5.large-hours,0.26
2026-03-03T06:00:00Z,notification-service,Compute-Task,us-east-1,1.0,vCPU-hours,0.0405
2026-03-03T06:00:00Z,notification-service,Egress-DataTransfer,us-east-1,0.0133,GB-out,0.0012
2026-03-03T06:00:00Z,object-storage,Standard-Storage,us-east-1,1199.85,GB-month-fraction,0.0378
2026-03-03T06:00:00Z,object-storage,Storage-API-Operations,us-east-1,0.0282,10k-requests,0.0001
2026-03-03T07:00:00Z,api-gateway,API-Requests,us-east-1,0.0783,10k-requests,0.0027
2026-03-03T07:00:00Z,api-gateway,Gateway-DataTransfer,us-east-1,0.1559,GB,0.014
2026-03-03T07:00:00Z,order-api,Compute-Fargate,us-east-1,4.0,vCPU-hours,0.1619
2026-03-03T07:00:00Z,payment-service,Compute-Container,us-east-1,2.0,vCPU-hours,0.081
2026-03-03T07:00:00Z,recommendation-service,Compute-GPU-Instance,us-east-1,1.0,instance-hours,1.2
2026-03-03T07:00:00Z,postgres-db,Database-Instance,us-east-1,1.0,db.m5.xlarge-hours,0.34
2026-03-03T07:00:00Z,postgres-db,Provisioned-IOPS,us-east-1,3000.0,IOPS-hours,0.3
2026-03-03T07:00:00Z,redis-cache,Cache-Cluster,us-east-1,2.0,cache.m5.large-hours,0.26
2026-03-03T07:00:00Z,notification-service,Compute-Task,us-east-1,1.0,vCPU-hours,0.0405
2026-03-03T07:00:00Z,notification-service,Egress-DataTransfer,us-east-1,0.0152,GB-out,0.0014
2026-03-03T07:00:00Z,object-storage,Standard-Storage,us-east-1,1191.2,GB-month-fraction,0.0375
2026-03-03T07:00:00Z,object-storage,Storage-API-Operations,us-east-1,0.0311,10k-requests,0.0002
2026-03-03T08:00:00Z,api-gateway,API-Requests,us-east-1,0.0897,10k-requests,0.0031
2026-03-03T08:00:00Z,api-gateway,Gateway-DataTransfer,us-east-1,0.1776,GB,0.016
2026-03-03T08:00:00Z,order-api,Compute-Fargate,us-east-1,4.0,vCPU-hours,0.1619
2026-03-03T08:00:00Z,payment-service,Compute-Container,us-east-1,2.0,vCPU-hours,0.081
2026-03-03T08:00:00Z,recommendation-service,Compute-GPU-Instance,us-east-1,1.0,instance-hours,1.2
2026-03-03T08:00:00Z,postgres-db,Database-Instance,us-east-1,1.0,db.m5.xlarge-hours,0.34
2026-03-03T08:00:00Z,postgres-db,Provisioned-IOPS,us-east-1,3000.0,IOPS-hours,0.3
2026-03-03T08:00:00Z,redis-cache,Cache-Cluster,us-east-1,2.0,cache.m5.large-hours,0.26
2026-03-03T08:00:00Z,notification-service,Compute-Task,us-east-1,1.0,vCPU-hours,0.0405
2026-03-03T08:00:00Z,notification-service,Egress-DataTransfer,us-east-1,0.0161,GB-out,0.0015
2026-03-03T08:00:00Z,object-storage,Standard-Storage,us-east-1,1204.92,GB-month-fraction,0.038
2026-03-03T08:00:00Z,object-storage,Storage-API-Operations,us-east-1,0.0344,10k-requests,0.0002
2026-03-03T09:00:00Z,api-gateway,API-Requests,us-east-1,0.0963,10k-requests,0.0034
2026-03-03T09:00:00Z,api-gateway,Gateway-DataTransfer,us-east-1,0.1942,GB,0.0175
2026-03-03T09:00:00Z,order-api,Compute-Fargate,us-east-1,4.0,vCPU-hours,0.1619
2026-03-03T09:00:00Z,payment-service,Compute-Container,us-east-1,2.0,vCPU-hours,0.081
2026-03-03T09:00:00Z,recommendation-service,Compute-GPU-Instance,us-east-1,1.0,instance-hours,1.2
2026-03-03T09:00:00Z,postgres-db,Database-Instance,us-east-1,1.0,db.m5.xlarge-hours,0.34
2026-03-03T09:00:00Z,postgres-db,Provisioned-IOPS,us-east-1,3000.0,IOPS-hours,0.3
2026-03-03T09:00:00Z,redis-cache,Cache-Cluster,us-east-1,2.0,cache.m5.large-hours,0.26
2026-03-03T09:00:00Z,notification-service,Compute-Task,us-east-1,1.0,vCPU-hours,0.0405
2026-03-03T09:00:00Z,notification-service,Egress-DataTransfer,us-east-1,0.0178,GB-out,0.0016
2026-03-03T09:00:00Z,object-storage,Standard-Storage,us-east-1,1191.79,GB-month-fraction,0.0375
2026-03-03T09:00:00Z,object-storage,Storage-API-Operations,us-east-1,0.0352,10k-requests,0.0002
2026-03-03T10:00:00Z,api-gateway,API-Requests,us-east-1,0.1096,10k-requests,0.0038
2026-03-03T10:00:00Z,api-gateway,Gateway-DataTransfer,us-east-1,0.2192,GB,0.0197
2026-03-03T10:00:00Z,order-api,Compute-Fargate,us-east-1,4.0,vCPU-hours,0.1619
2026-03-03T10:00:00Z,payment-service,Compute-Container,us-east-1,2.0,vCPU-hours,0.081
2026-03-03T10:00:00Z,recommendation-service,Compute-GPU-Instance,us-east-1,1.0,instance-hours,1.2
2026-03-03T10:00:00Z,postgres-db,Database-Instance,us-east-1,1.0,db.m5.xlarge-hours,0.34
2026-03-03T10:00:00Z,postgres-db,Provisioned-IOPS,us-east-1,3000.0,IOPS-hours,0.3
2026-03-03T10:00:00Z,redis-cache,Cache-Cluster,us-east-1,2.0,cache.m5.large-hours,0.26
2026-03-03T10:00:00Z,notification-service,Compute-Task,us-east-1,1.0,vCPU-hours,0.0405
2026-03-03T10:00:00Z,notification-service,Egress-DataTransfer,us-east-1,0.0199,GB-out,0.0018
2026-03-03T10:00:00Z,object-storage,Standard-Storage,us-east-1,1210.44,GB-month-fraction,0.0381
2026-03-03T10:00:00Z,object-storage,Storage-API-Operations,us-east-1,0.0412,10k-requests,0.0002
2026-03-03T11:00:00Z,api-gateway,API-Requests,us-east-1,0.1183,10k-requests,0.0041
2026-03-03T11:00:00Z,api-gateway,Gateway-DataTransfer,us-east-1,0.2363,GB,0.0213
2026-03-03T11:00:00Z,order-api,Compute-Fargate,us-east-1,4.0,vCPU-hours,0.1619
2026-03-03T11:00:00Z,payment-service,Compute-Container,us-east-1,2.0,vCPU-hours,0.081
2026-03-03T11:00:00Z,recommendation-service,Compute-GPU-Instance,us-east-1,1.0,instance-hours,1.2
2026-03-03T11:00:00Z,postgres-db,Database-Instance,us-east-1,1.0,db.m5.xlarge-hours,0.34
2026-03-03T11:00:00Z,postgres-db,Provisioned-IOPS,us-east-1,3000.0,IOPS-hours,0.3
2026-03-03T11:00:00Z,redis-cache,Cache-Cluster,us-east-1,2.0,cache.m5.large-hours,0.26
2026-03-03T11:00:00Z,notification-service,Compute-Task,us-east-1,1.0,vCPU-hours,0.0405
2026-03-03T11:00:00Z,notification-service,Egress-DataTransfer,us-east-1,0.0225,GB-out,0.002
2026-03-03T11:00:00Z,object-storage,Standard-Storage,us-east-1,1201.09,GB-month-fraction,0.0378
2026-03-03T11:00:00Z,object-storage,Storage-API-Operations,us-east-1,0.0441,10k-requests,0.0002
2026-03-03T12:00:00Z,api-gateway,API-Requests,us-east-1,0.1173,10k-requests,0.0041
2026-03-03T12:00:00Z,api-gateway,Gateway-DataTransfer,us-east-1,0.2348,GB,0.0211
2026-03-03T12:00:00Z,order-api,Compute-Fargate,us-east-1,4.0,vCPU-hours,0.1619
2026-03-03T12:00:00Z,payment-service,Compute-Container,us-east-1,2.0,vCPU-hours,0.081
2026-03-03T12:00:00Z,recommendation-service,Compute-GPU-Instance,us-east-1,1.0,instance-hours,1.2
2026-03-03T12:00:00Z,postgres-db,Database-Instance,us-east-1,1.0,db.m5.xlarge-hours,0.34
2026-03-03T12:00:00Z,postgres-db,Provisioned-IOPS,us-east-1,3000.0,IOPS-hours,0.3
2026-03-03T12:00:00Z,redis-cache,Cache-Cluster,us-east-1,2.0,cache.m5.large-hours,0.26
2026-03-03T12:00:00Z,notification-service,Compute-Task,us-east-1,1.0,vCPU-hours,0.0405
2026-03-03T12:00:00Z,notification-service,Egress-DataTransfer,us-east-1,0.0215,GB-out,0.0019
2026-03-03T12:00:00Z,object-storage,Standard-Storage,us-east-1,1202.22,GB-month-fraction,0.0379
2026-03-03T12:00:00Z,object-storage,Storage-API-Operations,us-east-1,0.0444,10k-requests,0.0002
2026-03-03T13:00:00Z,api-gateway,API-Requests,us-east-1,0.1287,10k-requests,0.0045
2026-03-03T13:00:00Z,api-gateway,Gateway-DataTransfer,us-east-1,0.259,GB,0.0233
2026-03-03T13:00:00Z,order-api,Compute-Fargate,us-east-1,4.0,vCPU-hours,0.1619
2026-03-03T13:00:00Z,payment-service,Compute-Container,us-east-1,2.0,vCPU-hours,0.081
2026-03-03T13:00:00Z,recommendation-service,Compute-GPU-Instance,us-east-1,1.0,instance-hours,1.2
2026-03-03T13:00:00Z,postgres-db,Database-Instance,us-east-1,1.0,db.m5.xlarge-hours,0.34
2026-03-03T13:00:00Z,postgres-db,Provisioned-IOPS,us-east-1,3000.0,IOPS-hours,0.3
2026-03-03T13:00:00Z,redis-cache,Cache-Cluster,us-east-1,2.0,cache.m5.large-hours,0.26
2026-03-03T13:00:00Z,notification-service,Compute-Task,us-east-1,1.0,vCPU-hours,0.0405
2026-03-03T13:00:00Z,notification-service,Egress-DataTransfer,us-east-1,0.0242,GB-out,0.0022
2026-03-03T13:00:00Z,object-storage,Standard-Storage,us-east-1,1207.81,GB-month-fraction,0.0381
2026-03-03T13:00:00Z,object-storage,Storage-API-Operations,us-east-1,0.0494,10k-requests,0.0002
2026-03-03T14:00:00Z,api-gateway,API-Requests,us-east-1,0.123,10k-requests,0.0043
2026-03-03T14:00:00Z,api-gateway,Gateway-DataTransfer,us-east-1,0.2461,GB,0.0221
2026-03-03T14:00:00Z,order-api,Compute-Fargate,us-east-1,4.0,vCPU-hours,0.1619
2026-03-03T14:00:00Z,payment-service,Compute-Container,us-east-1,2.0,vCPU-hours,0.081
2026-03-03T14:00:00Z,recommendation-service,Compute-GPU-Instance,us-east-1,1.0,instance-hours,1.2
2026-03-03T14:00:00Z,postgres-db,Database-Instance,us-east-1,1.0,db.m5.xlarge-hours,0.34
2026-03-03T14:00:00Z,postgres-db,Provisioned-IOPS,us-east-1,3000.0,IOPS-hours,0.3
2026-03-03T14:00:00Z,redis-cache,Cache-Cluster,us-east-1,2.0,cache.m5.large-hours,0.26
2026-03-03T14:00:00Z,notification-service,Compute-Task,us-east-1,1.0,vCPU-hours,0.0405
2026-03-03T14:00:00Z,notification-service,Egress-DataTransfer,us-east-1,0.0236,GB-out,0.0021
2026-03-03T14:00:00Z,object-storage,Standard-Storage,us-east-1,1208.4,GB-month-fraction,0.0381
2026-03-03T14:00:00Z,object-storage,Storage-API-Operations,us-east-1,0.0474,10k-requests,0.0002
2026-03-03T15:00:00Z,api-gateway,API-Requests,us-east-1,0.1278,10k-requests,0.0045
2026-03-03T15:00:00Z,api-gateway,Gateway-DataTransfer,us-east-1,0.2594,GB,0.0233
2026-03-03T15:00:00Z,order-api,Compute-Fargate,us-east-1,4.0,vCPU-hours,0.1619
2026-03-03T15:00:00Z,payment-service,Compute-Container,us-east-1,2.0,vCPU-hours,0.081
2026-03-03T15:00:00Z,recommendation-service,Compute-GPU-Instance,us-east-1,1.0,instance-hours,1.2
2026-03-03T15:00:00Z,postgres-db,Database-Instance,us-east-1,1.0,db.m5.xlarge-hours,0.34
2026-03-03T15:00:00Z,postgres-db,Provisioned-IOPS,us-east-1,3000.0,IOPS-hours,0.3
2026-03-03T15:00:00Z,redis-cache,Cache-Cluster,us-east-1,2.0,cache.m5.large-hours,0.26
2026-03-03T15:00:00Z,notification-service,Compute-Task,us-east-1,1.0,vCPU-hours,0.0405
2026-03-03T15:00:00Z,notification-service,Egress-DataTransfer,us-east-1,0.0236,GB-out,0.0021
2026-03-03T15:00:00Z,object-storage,Standard-Storage,us-east-1,1185.65,GB-month-fraction,0.0374
2026-03-03T15:00:00Z,object-storage,Storage-API-Operations,us-east-1,0.0473,10k-requests,0.0002
2026-03-03T16:00:00Z,api-gateway,API-Requests,us-east-1,0.118,10k-requests,0.0041
2026-03-03T16:00:00Z,api-gateway,Gateway-DataTransfer,us-east-1,0.2383,GB,0.0214
2026-03-03T16:00:00Z,order-api,Compute-Fargate,us-east-1,4.0,vCPU-hours,0.1619
2026-03-03T16:00:00Z,payment-service,Compute-Container,us-east-1,2.0,vCPU-hours,0.081
2026-03-03T16:00:00Z,recommendation-service,Compute-GPU-Instance,us-east-1,1.0,instance-hours,1.2
2026-03-03T16:00:00Z,postgres-db,Database-Instance,us-east-1,1.0,db.m5.xlarge-hours,0.34
2026-03-03T16:00:00Z,postgres-db,Provisioned-IOPS,us-east-1,3000.0,IOPS-hours,0.3
2026-03-03T16:00:00Z,redis-cache,Cache-Cluster,us-east-1,2.0,cache.m5.large-hours,0.26
2026-03-03T16:00:00Z,notification-service,Compute-Task,us-east-1,1.0,vCPU-hours,0.0405
2026-03-03T16:00:00Z,notification-service,Egress-DataTransfer,us-east-1,0.0222,GB-out,0.002
2026-03-03T16:00:00Z,object-storage,Standard-Storage,us-east-1,1194.57,GB-month-fraction,0.0376
2026-03-03T16:00:00Z,object-storage,Storage-API-Operations,us-east-1,0.0442,10k-requests,0.0002
2026-03-03T17:00:00Z,api-gateway,API-Requests,us-east-1,0.1193,10k-requests,0.0042
2026-03-03T17:00:00Z,api-gateway,Gateway-DataTransfer,us-east-1,0.2353,GB,0.0212
2026-03-03T17:00:00Z,order-api,Compute-Fargate,us-east-1,4.0,vCPU-hours,0.1619
2026-03-03T17:00:00Z,payment-service,Compute-Container,us-east-1,2.0,vCPU-hours,0.081
2026-03-03T17:00:00Z,recommendation-service,Compute-GPU-Instance,us-east-1,1.0,instance-hours,1.2
2026-03-03T17:00:00Z,postgres-db,Database-Instance,us-east-1,1.0,db.m5.xlarge-hours,0.34
2026-03-03T17:00:00Z,postgres-db,Provisioned-IOPS,us-east-1,3000.0,IOPS-hours,0.3
2026-03-03T17:00:00Z,redis-cache,Cache-Cluster,us-east-1,2.0,cache.m5.large-hours,0.26
2026-03-03T17:00:00Z,notification-service,Compute-Task,us-east-1,1.0,vCPU-hours,0.0405
2026-03-03T17:00:00Z,notification-service,Egress-DataTransfer,us-east-1,0.022,GB-out,0.002
2026-03-03T17:00:00Z,object-storage,Standard-Storage,us-east-1,1191.04,GB-month-fraction,0.0375
2026-03-03T17:00:00Z,object-storage,Storage-API-Operations,us-east-1,0.0443,10k-requests,0.0002
2026-03-03T18:00:00Z,api-gateway,API-Requests,us-east-1,0.112,10k-requests,0.0039
2026-03-03T18:00:00Z,api-gateway,Gateway-DataTransfer,us-east-1,0.226,GB,0.0203
2026-03-03T18:00:00Z,order-api,Compute-Fargate,us-east-1,4.0,vCPU-hours,0.1619
2026-03-03T18:00:00Z,payment-service,Compute-Container,us-east-1,2.0,vCPU-hours,0.081
2026-03-03T18:00:00Z,recommendation-service,Compute-GPU-Instance,us-east-1,1.0,instance-hours,1.2
2026-03-03T18:00:00Z,postgres-db,Database-Instance,us-east-1,1.0,db.m5.xlarge-hours,0.34
2026-03-03T18:00:00Z,postgres-db,Provisioned-IOPS,us-east-1,3000.0,IOPS-hours,0.3
2026-03-03T18:00:00Z,redis-cache,Cache-Cluster,us-east-1,2.0,cache.m5.large-hours,0.26
2026-03-03T18:00:00Z,notification-service,Compute-Task,us-east-1,1.0,vCPU-hours,0.0405
2026-03-03T18:00:00Z,notification-service,Egress-DataTransfer,us-east-1,0.0201,GB-out,0.0018
2026-03-03T18:00:00Z,object-storage,Standard-Storage,us-east-1,1191.63,GB-month-fraction,0.0375
2026-03-03T18:00:00Z,object-storage,Storage-API-Operations,us-east-1,0.0403,10k-requests,0.0002
2026-03-03T19:00:00Z,api-gateway,API-Requests,us-east-1,0.096,10k-requests,0.0034
2026-03-03T19:00:00Z,api-gateway,Gateway-DataTransfer,us-east-1,0.1932,GB,0.0174
2026-03-03T19:00:00Z,order-api,Compute-Fargate,us-east-1,4.0,vCPU-hours,0.1619
2026-03-03T19:00:00Z,payment-service,Compute-Container,us-east-1,2.0,vCPU-hours,0.081
2026-03-03T19:00:00Z,recommendation-service,Compute-GPU-Instance,us-east-1,1.0,instance-hours,1.2
2026-03-03T19:00:00Z,postgres-db,Database-Instance,us-east-1,1.0,db.m5.xlarge-hours,0.34
2026-03-03T19:00:00Z,postgres-db,Provisioned-IOPS,us-east-1,3000.0,IOPS-hours,0.3
2026-03-03T19:00:00Z,redis-cache,Cache-Cluster,us-east-1,2.0,cache.m5.large-hours,0.26
2026-03-03T19:00:00Z,notification-service,Compute-Task,us-east-1,1.0,vCPU-hours,0.0405
2026-03-03T19:00:00Z,notification-service,Egress-DataTransfer,us-east-1,0.0173,GB-out,0.0016
2026-03-03T19:00:00Z,object-storage,Standard-Storage,us-east-1,1202.82,GB-month-fraction,0.0379
2026-03-03T19:00:00Z,object-storage,Storage-API-Operations,us-east-1,0.0347,10k-requests,0.0002
2026-03-03T20:00:00Z,api-gateway,API-Requests,us-east-1,0.088,10k-requests,0.0031
2026-03-03T20:00:00Z,api-gateway,Gateway-DataTransfer,us-east-1,0.1758,GB,0.0158
2026-03-03T20:00:00Z,order-api,Compute-Fargate,us-east-1,4.0,vCPU-hours,0.1619
2026-03-03T20:00:00Z,payment-service,Compute-Container,us-east-1,2.0,vCPU-hours,0.081
2026-03-03T20:00:00Z,recommendation-service,Compute-GPU-Instance,us-east-1,1.0,instance-hours,1.2
2026-03-03T20:00:00Z,postgres-db,Database-Instance,us-east-1,1.0,db.m5.xlarge-hours,0.34
2026-03-03T20:00:00Z,postgres-db,Provisioned-IOPS,us-east-1,3000.0,IOPS-hours,0.3
2026-03-03T20:00:00Z,redis-cache,Cache-Cluster,us-east-1,2.0,cache.m5.large-hours,0.26
2026-03-03T20:00:00Z,notification-service,Compute-Task,us-east-1,1.0,vCPU-hours,0.0405
2026-03-03T20:00:00Z,notification-service,Egress-DataTransfer,us-east-1,0.0163,GB-out,0.0015
2026-03-03T20:00:00Z,object-storage,Standard-Storage,us-east-1,1193.06,GB-month-fraction,0.0376
2026-03-03T20:00:00Z,object-storage,Storage-API-Operations,us-east-1,0.0343,10k-requests,0.0002
2026-03-03T21:00:00Z,api-gateway,API-Requests,us-east-1,0.08,10k-requests,0.0028
2026-03-03T21:00:00Z,api-gateway,Gateway-DataTransfer,us-east-1,0.1608,GB,0.0145
2026-03-03T21:00:00Z,order-api,Compute-Fargate,us-east-1,4.0,vCPU-hours,0.1619
2026-03-03T21:00:00Z,payment-service,Compute-Container,us-east-1,2.0,vCPU-hours,0.081
2026-03-03T21:00:00Z,recommendation-service,Compute-GPU-Instance,us-east-1,1.0,instance-hours,1.2
2026-03-03T21:00:00Z,postgres-db,Database-Instance,us-east-1,1.0,db.m5.xlarge-hours,0.34
2026-03-03T21:00:00Z,postgres-db,Provisioned-IOPS,us-east-1,3000.0,IOPS-hours,0.3
2026-03-03T21:00:00Z,redis-cache,Cache-Cluster,us-east-1,2.0,cache.m5.large-hours,0.26
2026-03-03T21:00:00Z,notification-service,Compute-Task,us-east-1,1.0,vCPU-hours,0.0405
2026-03-03T21:00:00Z,notification-service,Egress-DataTransfer,us-east-1,0.015,GB-out,0.0014
2026-03-03T21:00:00Z,object-storage,Standard-Storage,us-east-1,1194.78,GB-month-fraction,0.0376
2026-03-03T21:00:00Z,object-storage,Storage-API-Operations,us-east-1,0.0291,10k-requests,0.0001
2026-03-03T22:00:00Z,api-gateway,API-Requests,us-east-1,0.0747,10k-requests,0.0026
2026-03-03T22:00:00Z,api-gateway,Gateway-DataTransfer,us-east-1,0.1466,GB,0.0132
2026-03-03T22:00:00Z,order-api,Compute-Fargate,us-east-1,4.0,vCPU-hours,0.1619
2026-03-03T22:00:00Z,payment-service,Compute-Container,us-east-1,2.0,vCPU-hours,0.081
2026-03-03T22:00:00Z,recommendation-service,Compute-GPU-Instance,us-east-1,1.0,instance-hours,1.2
2026-03-03T22:00:00Z,postgres-db,Database-Instance,us-east-1,1.0,db.m5.xlarge-hours,0.34
2026-03-03T22:00:00Z,postgres-db,Provisioned-IOPS,us-east-1,3000.0,IOPS-hours,0.3
2026-03-03T22:00:00Z,redis-cache,Cache-Cluster,us-east-1,2.0,cache.m5.large-hours,0.26
2026-03-03T22:00:00Z,notification-service,Compute-Task,us-east-1,1.0,vCPU-hours,0.0405
2026-03-03T22:00:00Z,notification-service,Egress-DataTransfer,us-east-1,0.0135,GB-out,0.0012
2026-03-03T22:00:00Z,object-storage,Standard-Storage,us-east-1,1198.29,GB-month-fraction,0.0378
2026-03-03T22:00:00Z,object-storage,Storage-API-Operations,us-east-1,0.0274,10k-requests,0.0001
2026-03-03T23:00:00Z,api-gateway,API-Requests,us-east-1,0.0639,10k-requests,0.0022
2026-03-03T23:00:00Z,api-gateway,Gateway-DataTransfer,us-east-1,0.1273,GB,0.0115
2026-03-03T23:00:00Z,order-api,Compute-Fargate,us-east-1,4.0,vCPU-hours,0.1619
2026-03-03T23:00:00Z,payment-service,Compute-Container,us-east-1,2.0,vCPU-hours,0.081
2026-03-03T23:00:00Z,recommendation-service,Compute-GPU-Instance,us-east-1,1.0,instance-hours,1.2
2026-03-03T23:00:00Z,postgres-db,Database-Instance,us-east-1,1.0,db.m5.xlarge-hours,0.34
2026-03-03T23:00:00Z,postgres-db,Provisioned-IOPS,us-east-1,3000.0,IOPS-hours,0.3
2026-03-03T23:00:00Z,redis-cache,Cache-Cluster,us-east-1,2.0,cache.m5.large-hours,0.26
2026-03-03T23:00:00Z,notification-service,Compute-Task,us-east-1,1.0,vCPU-hours,0.0405
2026-03-03T23:00:00Z,notification-service,Egress-DataTransfer,us-east-1,0.0122,GB-out,0.0011
2026-03-03T23:00:00Z,object-storage,Standard-Storage,us-east-1,1189.89,GB-month-fraction,0.0375
2026-03-03T23:00:00Z,object-storage,Storage-API-Operations,us-east-1,0.0222,10k-requests,0.0001
2026-03-04T00:00:00Z,api-gateway,API-Requests,us-east-1,0.1454,10k-requests,0.0051
2026-03-04T00:00:00Z,api-gateway,Gateway-DataTransfer,us-east-1,0.2929,GB,0.0264
2026-03-04T00:00:00Z,order-api,Compute-Fargate,us-east-1,4.0,vCPU-hours,0.1619
2026-03-04T00:00:00Z,payment-service,Compute-Container,us-east-1,2.0,vCPU-hours,0.081
2026-03-04T00:00:00Z,recommendation-service,Compute-GPU-Instance,us-east-1,1.0,instance-hours,1.2
2026-03-04T00:00:00Z,postgres-db,Database-Instance,us-east-1,1.0,db.m5.xlarge-hours,0.34
2026-03-04T00:00:00Z,postgres-db,Provisioned-IOPS,us-east-1,3000.0,IOPS-hours,0.3
2026-03-04T00:00:00Z,redis-cache,Cache-Cluster,us-east-1,2.0,cache.m5.large-hours,0.26
2026-03-04T00:00:00Z,notification-service,Compute-Task,us-east-1,1.0,vCPU-hours,0.0405
2026-03-04T00:00:00Z,notification-service,Egress-DataTransfer,us-east-1,0.0268,GB-out,0.0024
2026-03-04T00:00:00Z,object-storage,Standard-Storage,us-east-1,1193.96,GB-month-fraction,0.0376
2026-03-04T00:00:00Z,object-storage,Storage-API-Operations,us-east-1,0.0211,10k-requests,0.0001
2026-03-04T01:00:00Z,api-gateway,API-Requests,us-east-1,0.1298,10k-requests,0.0045
2026-03-04T01:00:00Z,api-gateway,Gateway-DataTransfer,us-east-1,0.2591,GB,0.0233
2026-03-04T01:00:00Z,order-api,Compute-Fargate,us-east-1,4.0,vCPU-hours,0.1619
2026-03-04T01:00:00Z,payment-service,Compute-Container,us-east-1,2.0,vCPU-hours,0.081
2026-03-04T01:00:00Z,recommendation-service,Compute-GPU-Instance,us-east-1,1.0,instance-hours,1.2
2026-03-04T01:00:00Z,postgres-db,Database-Instance,us-east-1,1.0,db.m5.xlarge-hours,0.34
2026-03-04T01:00:00Z,postgres-db,Provisioned-IOPS,us-east-1,3000.0,IOPS-hours,0.3
2026-03-04T01:00:00Z,redis-cache,Cache-Cluster,us-east-1,2.0,cache.m5.large-hours,0.26
2026-03-04T01:00:00Z,notification-service,Compute-Task,us-east-1,1.0,vCPU-hours,0.0405
2026-03-04T01:00:00Z,notification-service,Egress-DataTransfer,us-east-1,0.0244,GB-out,0.0022
2026-03-04T01:00:00Z,object-storage,Standard-Storage,us-east-1,1193.82,GB-month-fraction,0.0376
2026-03-04T01:00:00Z,object-storage,Storage-API-Operations,us-east-1,0.0221,10k-requests,0.0001
2026-03-04T02:00:00Z,api-gateway,API-Requests,us-east-1,0.1276,10k-requests,0.0045
2026-03-04T02:00:00Z,api-gateway,Gateway-DataTransfer,us-east-1,0.2553,GB,0.023
2026-03-04T02:00:00Z,order-api,Compute-Fargate,us-east-1,4.0,vCPU-hours,0.1619
2026-03-04T02:00:00Z,payment-service,Compute-Container,us-east-1,2.0,vCPU-hours,0.081
2026-03-04T02:00:00Z,recommendation-service,Compute-GPU-Instance,us-east-1,1.0,instance-hours,1.2
2026-03-04T02:00:00Z,postgres-db,Database-Instance,us-east-1,1.0,db.m5.xlarge-hours,0.34
2026-03-04T02:00:00Z,postgres-db,Provisioned-IOPS,us-east-1,3000.0,IOPS-hours,0.3
2026-03-04T02:00:00Z,redis-cache,Cache-Cluster,us-east-1,2.0,cache.m5.large-hours,0.26
2026-03-04T02:00:00Z,notification-service,Compute-Task,us-east-1,1.0,vCPU-hours,0.0405
2026-03-04T02:00:00Z,notification-service,Egress-DataTransfer,us-east-1,0.0232,GB-out,0.0021
2026-03-04T02:00:00Z,object-storage,Standard-Storage,us-east-1,1210.0,GB-month-fraction,0.0381
2026-03-04T02:00:00Z,object-storage,Storage-API-Operations,us-east-1,0.0181,10k-requests,0.0001
2026-03-04T03:00:00Z,api-gateway,API-Requests,us-east-1,0.1315,10k-requests,0.0046
2026-03-04T03:00:00Z,api-gateway,Gateway-DataTransfer,us-east-1,0.2626,GB,0.0236
2026-03-04T03:00:00Z,order-api,Compute-Fargate,us-east-1,4.0,vCPU-hours,0.1619
2026-03-04T03:00:00Z,payment-service,Compute-Container,us-east-1,2.0,vCPU-hours,0.081
2026-03-04T03:00:00Z,recommendation-service,Compute-GPU-Instance,us-east-1,1.0,instance-hours,1.2
2026-03-04T03:00:00Z,postgres-db,Database-Instance,us-east-1,1.0,db.m5.xlarge-hours,0.34
2026-03-04T03:00:00Z,postgres-db,Provisioned-IOPS,us-east-1,3000.0,IOPS-hours,0.3
2026-03-04T03:00:00Z,redis-cache,Cache-Cluster,us-east-1,2.0,cache.m5.large-hours,0.26
2026-03-04T03:00:00Z,notification-service,Compute-Task,us-east-1,1.0,vCPU-hours,0.0405
2026-03-04T03:00:00Z,notification-service,Egress-DataTransfer,us-east-1,0.025,GB-out,0.0023
2026-03-04T03:00:00Z,object-storage,Standard-Storage,us-east-1,1196.41,GB-month-fraction,0.0377
2026-03-04T03:00:00Z,object-storage,Storage-API-Operations,us-east-1,0.0214,10k-requests,0.0001
2026-03-04T04:00:00Z,api-gateway,API-Requests,us-east-1,0.1406,10k-requests,0.0049
2026-03-04T04:00:00Z,api-gateway,Gateway-DataTransfer,us-east-1,0.2821,GB,0.0254
2026-03-04T04:00:00Z,order-api,Compute-Fargate,us-east-1,4.0,vCPU-hours,0.1619
2026-03-04T04:00:00Z,payment-service,Compute-Container,us-east-1,2.0,vCPU-hours,0.081
2026-03-04T04:00:00Z,recommendation-service,Compute-GPU-Instance,us-east-1,1.0,instance-hours,1.2
2026-03-04T04:00:00Z,postgres-db,Database-Instance,us-east-1,1.0,db.m5.xlarge-hours,0.34
2026-03-04T04:00:00Z,postgres-db,Provisioned-IOPS,us-east-1,3000.0,IOPS-hours,0.3
2026-03-04T04:00:00Z,redis-cache,Cache-Cluster,us-east-1,2.0,cache.m5.large-hours,0.26
2026-03-04T04:00:00Z,notification-service,Compute-Task,us-east-1,1.0,vCPU-hours,0.0405
2026-03-04T04:00:00Z,notification-service,Egress-DataTransfer,us-east-1,0.0253,GB-out,0.0023
2026-03-04T04:00:00Z,object-storage,Standard-Storage,us-east-1,1187.99,GB-month-fraction,0.0374
2026-03-04T04:00:00Z,object-storage,Storage-API-Operations,us-east-1,0.0215,10k-requests,0.0001
2026-03-04T05:00:00Z,api-gateway,API-Requests,us-east-1,0.1502,10k-requests,0.0053
2026-03-04T05:00:00Z,api-gateway,Gateway-DataTransfer,us-east-1,0.3012,GB,0.0271
2026-03-04T05:00:00Z,order-api,Compute-Fargate,us-east-1,4.0,vCPU-hours,0.1619
2026-03-04T05:00:00Z,payment-service,Compute-Container,us-east-1,2.0,vCPU-hours,0.081
2026-03-04T05:00:00Z,recommendation-service,Compute-GPU-Instance,us-east-1,1.0,instance-hours,1.2
2026-03-04T05:00:00Z,postgres-db,Database-Instance,us-east-1,1.0,db.m5.xlarge-hours,0.34
2026-03-04T05:00:00Z,postgres-db,Provisioned-IOPS,us-east-1,3000.0,IOPS-hours,0.3
2026-03-04T05:00:00Z,redis-cache,Cache-Cluster,us-east-1,2.0,cache.m5.large-hours,0.26
2026-03-04T05:00:00Z,notification-service,Compute-Task,us-east-1,1.0,vCPU-hours,0.0405
2026-03-04T05:00:00Z,notification-service,Egress-DataTransfer,us-east-1,0.028,GB-out,0.0025
2026-03-04T05:00:00Z,object-storage,Standard-Storage,us-east-1,1212.61,GB-month-fraction,0.0382
2026-03-04T05:00:00Z,object-storage,Storage-API-Operations,us-east-1,0.0231,10k-requests,0.0001
2026-03-04T06:00:00Z,api-gateway,API-Requests,us-east-1,0.1718,10k-requests,0.006
2026-03-04T06:00:00Z,api-gateway,Gateway-DataTransfer,us-east-1,0.3412,GB,0.0307
2026-03-04T06:00:00Z,order-api,Compute-Fargate,us-east-1,4.0,vCPU-hours,0.1619
2026-03-04T06:00:00Z,payment-service,Compute-Container,us-east-1,2.0,vCPU-hours,0.081
2026-03-04T06:00:00Z,recommendation-service,Compute-GPU-Instance,us-east-1,1.0,instance-hours,1.2
2026-03-04T06:00:00Z,postgres-db,Database-Instance,us-east-1,1.0,db.m5.xlarge-hours,0.34
2026-03-04T06:00:00Z,postgres-db,Provisioned-IOPS,us-east-1,3000.0,IOPS-hours,0.3
2026-03-04T06:00:00Z,redis-cache,Cache-Cluster,us-east-1,2.0,cache.m5.large-hours,0.26
2026-03-04T06:00:00Z,notification-service,Compute-Task,us-east-1,1.0,vCPU-hours,0.0405
2026-03-04T06:00:00Z,notification-service,Egress-DataTransfer,us-east-1,0.0317,GB-out,0.0029
2026-03-04T06:00:00Z,object-storage,Standard-Storage,us-east-1,1188.56,GB-month-fraction,0.0374
2026-03-04T06:00:00Z,object-storage,Storage-API-Operations,us-east-1,0.0253,10k-requests,0.0001
2026-03-04T07:00:00Z,api-gateway,API-Requests,us-east-1,0.1977,10k-requests,0.0069
2026-03-04T07:00:00Z,api-gateway,Gateway-DataTransfer,us-east-1,0.3977,GB,0.0358
2026-03-04T07:00:00Z,order-api,Compute-Fargate,us-east-1,4.0,vCPU-hours,0.1619
2026-03-04T07:00:00Z,payment-service,Compute-Container,us-east-1,2.0,vCPU-hours,0.081
2026-03-04T07:00:00Z,recommendation-service,Compute-GPU-Instance,us-east-1,1.0,instance-hours,1.2
2026-03-04T07:00:00Z,postgres-db,Database-Instance,us-east-1,1.0,db.m5.xlarge-hours,0.34
2026-03-04T07:00:00Z,postgres-db,Provisioned-IOPS,us-east-1,3000.0,IOPS-hours,0.3
2026-03-04T07:00:00Z,redis-cache,Cache-Cluster,us-east-1,2.0,cache.m5.large-hours,0.26
2026-03-04T07:00:00Z,notification-service,Compute-Task,us-east-1,1.0,vCPU-hours,0.0405
2026-03-04T07:00:00Z,notification-service,Egress-DataTransfer,us-east-1,0.0372,GB-out,0.0033
2026-03-04T07:00:00Z,object-storage,Standard-Storage,us-east-1,1206.5,GB-month-fraction,0.038
2026-03-04T07:00:00Z,object-storage,Storage-API-Operations,us-east-1,0.0319,10k-requests,0.0002
2026-03-04T08:00:00Z,api-gateway,API-Requests,us-east-1,0.2181,10k-requests,0.0076
2026-03-04T08:00:00Z,api-gateway,Gateway-DataTransfer,us-east-1,0.4394,GB,0.0395
2026-03-04T08:00:00Z,order-api,Compute-Fargate,us-east-1,4.0,vCPU-hours,0.1619
2026-03-04T08:00:00Z,payment-service,Compute-Container,us-east-1,2.0,vCPU-hours,0.081
2026-03-04T08:00:00Z,recommendation-service,Compute-GPU-Instance,us-east-1,1.0,instance-hours,1.2
2026-03-04T08:00:00Z,postgres-db,Database-Instance,us-east-1,1.0,db.m5.xlarge-hours,0.34
2026-03-04T08:00:00Z,postgres-db,Provisioned-IOPS,us-east-1,3000.0,IOPS-hours,0.3
2026-03-04T08:00:00Z,redis-cache,Cache-Cluster,us-east-1,2.0,cache.m5.large-hours,0.26
2026-03-04T08:00:00Z,notification-service,Compute-Task,us-east-1,1.0,vCPU-hours,0.0405
2026-03-04T08:00:00Z,notification-service,Egress-DataTransfer,us-east-1,0.0411,GB-out,0.0037
2026-03-04T08:00:00Z,object-storage,Standard-Storage,us-east-1,1191.03,GB-month-fraction,0.0375
2026-03-04T08:00:00Z,object-storage,Storage-API-Operations,us-east-1,0.0355,10k-requests,0.0002
2026-03-04T09:00:00Z,api-gateway,API-Requests,us-east-1,0.2436,10k-requests,0.0085
2026-03-04T09:00:00Z,api-gateway,Gateway-DataTransfer,us-east-1,0.4922,GB,0.0443
2026-03-04T09:00:00Z,order-api,Compute-Fargate,us-east-1,4.0,vCPU-hours,0.1619
2026-03-04T09:00:00Z,payment-service,Compute-Container,us-east-1,2.0,vCPU-hours,0.081
2026-03-04T09:00:00Z,recommendation-service,Compute-GPU-Instance,us-east-1,1.0,instance-hours,1.2
2026-03-04T09:00:00Z,postgres-db,Database-Instance,us-east-1,1.0,db.m5.xlarge-hours,0.34
2026-03-04T09:00:00Z,postgres-db,Provisioned-IOPS,us-east-1,3000.0,IOPS-hours,0.3
2026-03-04T09:00:00Z,redis-cache,Cache-Cluster,us-east-1,2.0,cache.m5.large-hours,0.26
2026-03-04T09:00:00Z,notification-service,Compute-Task,us-east-1,1.0,vCPU-hours,0.0405
2026-03-04T09:00:00Z,notification-service,Egress-DataTransfer,us-east-1,0.0446,GB-out,0.004
2026-03-04T09:00:00Z,object-storage,Standard-Storage,us-east-1,1208.96,GB-month-fraction,0.0381
2026-03-04T09:00:00Z,object-storage,Storage-API-Operations,us-east-1,0.0367,10k-requests,0.0002
2026-03-04T10:00:00Z,api-gateway,API-Requests,us-east-1,0.4531,10k-requests,0.0159
2026-03-04T10:00:00Z,api-gateway,Gateway-DataTransfer,us-east-1,0.9033,GB,0.0813
2026-03-04T10:00:00Z,order-api,Compute-Fargate,us-east-1,4.0,vCPU-hours,0.1619
2026-03-04T10:00:00Z,payment-service,Compute-Container,us-east-1,2.0,vCPU-hours,0.081
2026-03-04T10:00:00Z,recommendation-service,Compute-GPU-Instance,us-east-1,1.0,instance-hours,1.2
2026-03-04T10:00:00Z,postgres-db,Database-Instance,us-east-1,1.0,db.m5.xlarge-hours,0.34
2026-03-04T10:00:00Z,postgres-db,Provisioned-IOPS,us-east-1,3000.0,IOPS-hours,0.3
2026-03-04T10:00:00Z,redis-cache,Cache-Cluster,us-east-1,2.0,cache.m5.large-hours,0.26
2026-03-04T10:00:00Z,notification-service,Compute-Task,us-east-1,1.0,vCPU-hours,0.0405
2026-03-04T10:00:00Z,notification-service,Egress-DataTransfer,us-east-1,0.0839,GB-out,0.0076
2026-03-04T10:00:00Z,object-storage,Standard-Storage,us-east-1,1202.18,GB-month-fraction,0.0379
2026-03-04T10:00:00Z,object-storage,Storage-API-Operations,us-east-1,0.0416,10k-requests,0.0002
2026-03-04T11:00:00Z,api-gateway,API-Requests,us-east-1,0.5019,10k-requests,0.0176
2026-03-04T11:00:00Z,api-gateway,Gateway-DataTransfer,us-east-1,1.0071,GB,0.0906
2026-03-04T11:00:00Z,order-api,Compute-Fargate,us-east-1,4.0,vCPU-hours,0.1619
2026-03-04T11:00:00Z,payment-service,Compute-Container,us-east-1,2.0,vCPU-hours,0.081
2026-03-04T11:00:00Z,recommendation-service,Compute-GPU-Instance,us-east-1,1.0,instance-hours,1.2
2026-03-04T11:00:00Z,postgres-db,Database-Instance,us-east-1,1.0,db.m5.xlarge-hours,0.34
2026-03-04T11:00:00Z,postgres-db,Provisioned-IOPS,us-east-1,3000.0,IOPS-hours,0.3
2026-03-04T11:00:00Z,redis-cache,Cache-Cluster,us-east-1,2.0,cache.m5.large-hours,0.26
2026-03-04T11:00:00Z,notification-service,Compute-Task,us-east-1,1.0,vCPU-hours,0.0405
2026-03-04T11:00:00Z,notification-service,Egress-DataTransfer,us-east-1,0.0935,GB-out,0.0084
2026-03-04T11:00:00Z,object-storage,Standard-Storage,us-east-1,1190.02,GB-month-fraction,0.0375
2026-03-04T11:00:00Z,object-storage,Storage-API-Operations,us-east-1,0.0431,10k-requests,0.0002
2026-03-04T12:00:00Z,api-gateway,API-Requests,us-east-1,0.5195,10k-requests,0.0182
2026-03-04T12:00:00Z,api-gateway,Gateway-DataTransfer,us-east-1,1.038,GB,0.0934
2026-03-04T12:00:00Z,order-api,Compute-Fargate,us-east-1,4.0,vCPU-hours,0.1619
2026-03-04T12:00:00Z,payment-service,Compute-Container,us-east-1,2.0,vCPU-hours,0.081
2026-03-04T12:00:00Z,recommendation-service,Compute-GPU-Instance,us-east-1,1.0,instance-hours,1.2
2026-03-04T12:00:00Z,postgres-db,Database-Instance,us-east-1,1.0,db.m5.xlarge-hours,0.34
2026-03-04T12:00:00Z,postgres-db,Provisioned-IOPS,us-east-1,3000.0,IOPS-hours,0.3
2026-03-04T12:00:00Z,redis-cache,Cache-Cluster,us-east-1,2.0,cache.m5.large-hours,0.26
2026-03-04T12:00:00Z,notification-service,Compute-Task,us-east-1,1.0,vCPU-hours,0.0405
2026-03-04T12:00:00Z,notification-service,Egress-DataTransfer,us-east-1,0.0963,GB-out,0.0087
2026-03-04T12:00:00Z,object-storage,Standard-Storage,us-east-1,1198.13,GB-month-fraction,0.0377
2026-03-04T12:00:00Z,object-storage,Storage-API-Operations,us-east-1,0.0478,10k-requests,0.0002
2026-03-04T13:00:00Z,api-gateway,API-Requests,us-east-1,0.5056,10k-requests,0.0177
2026-03-04T13:00:00Z,api-gateway,Gateway-DataTransfer,us-east-1,1.0104,GB,0.0909
2026-03-04T13:00:00Z,order-api,Compute-Fargate,us-east-1,4.0,vCPU-hours,0.1619
2026-03-04T13:00:00Z,payment-service,Compute-Container,us-east-1,2.0,vCPU-hours,0.081
2026-03-04T13:00:00Z,recommendation-service,Compute-GPU-Instance,us-east-1,1.0,instance-hours,1.2
2026-03-04T13:00:00Z,postgres-db,Database-Instance,us-east-1,1.0,db.m5.xlarge-hours,0.34
2026-03-04T13:00:00Z,postgres-db,Provisioned-IOPS,us-east-1,3000.0,IOPS-hours,0.3
2026-03-04T13:00:00Z,redis-cache,Cache-Cluster,us-east-1,2.0,cache.m5.large-hours,0.26
2026-03-04T13:00:00Z,notification-service,Compute-Task,us-east-1,1.0,vCPU-hours,0.0405
2026-03-04T13:00:00Z,notification-service,Egress-DataTransfer,us-east-1,0.0941,GB-out,0.0085
2026-03-04T13:00:00Z,object-storage,Standard-Storage,us-east-1,1187.95,GB-month-fraction,0.0374
2026-03-04T13:00:00Z,object-storage,Storage-API-Operations,us-east-1,0.0467,10k-requests,0.0002
2026-03-04T14:00:00Z,api-gateway,API-Requests,us-east-1,0.5325,10k-requests,0.0186
2026-03-04T14:00:00Z,api-gateway,Gateway-DataTransfer,us-east-1,1.0678,GB,0.0961
2026-03-04T14:00:00Z,order-api,Compute-Fargate,us-east-1,4.0,vCPU-hours,0.1619
2026-03-04T14:00:00Z,payment-service,Compute-Container,us-east-1,2.0,vCPU-hours,0.081
2026-03-04T14:00:00Z,recommendation-service,Compute-GPU-Instance,us-east-1,1.0,instance-hours,1.2
2026-03-04T14:00:00Z,postgres-db,Database-Instance,us-east-1,1.0,db.m5.xlarge-hours,0.34
2026-03-04T14:00:00Z,postgres-db,Provisioned-IOPS,us-east-1,3000.0,IOPS-hours,0.3
2026-03-04T14:00:00Z,redis-cache,Cache-Cluster,us-east-1,2.0,cache.m5.large-hours,0.26
2026-03-04T14:00:00Z,notification-service,Compute-Task,us-east-1,1.0,vCPU-hours,0.0405
2026-03-04T14:00:00Z,notification-service,Egress-DataTransfer,us-east-1,0.099,GB-out,0.0089
2026-03-04T14:00:00Z,object-storage,Standard-Storage,us-east-1,1197.15,GB-month-fraction,0.0377
2026-03-04T14:00:00Z,object-storage,Storage-API-Operations,us-east-1,0.047,10k-requests,0.0002
2026-03-04T15:00:00Z,api-gateway,API-Requests,us-east-1,0.5325,10k-requests,0.0186
2026-03-04T15:00:00Z,api-gateway,Gateway-DataTransfer,us-east-1,1.0657,GB,0.0959
2026-03-04T15:00:00Z,order-api,Compute-Fargate,us-east-1,4.0,vCPU-hours,0.1619
2026-03-04T15:00:00Z,payment-service,Compute-Container,us-east-1,2.0,vCPU-hours,0.081
2026-03-04T15:00:00Z,recommendation-service,Compute-GPU-Instance,us-east-1,1.0,instance-hours,1.2
2026-03-04T15:00:00Z,postgres-db,Database-Instance,us-east-1,1.0,db.m5.xlarge-hours,0.34
2026-03-04T15:00:00Z,postgres-db,Provisioned-IOPS,us-east-1,3000.0,IOPS-hours,0.3
2026-03-04T15:00:00Z,redis-cache,Cache-Cluster,us-east-1,2.0,cache.m5.large-hours,0.26
2026-03-04T15:00:00Z,notification-service,Compute-Task,us-east-1,1.0,vCPU-hours,0.0405
2026-03-04T15:00:00Z,notification-service,Egress-DataTransfer,us-east-1,0.0987,GB-out,0.0089
2026-03-04T15:00:00Z,object-storage,Standard-Storage,us-east-1,1200.64,GB-month-fraction,0.0378
2026-03-04T15:00:00Z,object-storage,Storage-API-Operations,us-east-1,0.0457,10k-requests,0.0002
2026-03-04T16:00:00Z,api-gateway,API-Requests,us-east-1,0.4905,10k-requests,0.0172
2026-03-04T16:00:00Z,api-gateway,Gateway-DataTransfer,us-east-1,0.9814,GB,0.0883
2026-03-04T16:00:00Z,order-api,Compute-Fargate,us-east-1,4.0,vCPU-hours,0.1619
2026-03-04T16:00:00Z,payment-service,Compute-Container,us-east-1,2.0,vCPU-hours,0.081
2026-03-04T16:00:00Z,recommendation-service,Compute-GPU-Instance,us-east-1,1.0,instance-hours,1.2
2026-03-04T16:00:00Z,postgres-db,Database-Instance,us-east-1,1.0,db.m5.xlarge-hours,0.34
2026-03-04T16:00:00Z,postgres-db,Provisioned-IOPS,us-east-1,3000.0,IOPS-hours,0.3
2026-03-04T16:00:00Z,redis-cache,Cache-Cluster,us-east-1,2.0,cache.m5.large-hours,0.26
2026-03-04T16:00:00Z,notification-service,Compute-Task,us-east-1,1.0,vCPU-hours,0.0405
2026-03-04T16:00:00Z,notification-service,Egress-DataTransfer,us-east-1,0.0907,GB-out,0.0082
2026-03-04T16:00:00Z,object-storage,Standard-Storage,us-east-1,1192.75,GB-month-fraction,0.0376
2026-03-04T16:00:00Z,object-storage,Storage-API-Operations,us-east-1,0.0438,10k-requests,0.0002
2026-03-04T17:00:00Z,api-gateway,API-Requests,us-east-1,0.5002,10k-requests,0.0175
2026-03-04T17:00:00Z,api-gateway,Gateway-DataTransfer,us-east-1,0.9999,GB,0.09
2026-03-04T17:00:00Z,order-api,Compute-Fargate,us-east-1,4.0,vCPU-hours,0.1619
2026-03-04T17:00:00Z,payment-service,Compute-Container,us-east-1,2.0,vCPU-hours,0.081
2026-03-04T17:00:00Z,recommendation-service,Compute-GPU-Instance,us-east-1,1.0,instance-hours,1.2
2026-03-04T17:00:00Z,postgres-db,Database-Instance,us-east-1,1.0,db.m5.xlarge-hours,0.34
2026-03-04T17:00:00Z,postgres-db,Provisioned-IOPS,us-east-1,3000.0,IOPS-hours,0.3
2026-03-04T17:00:00Z,redis-cache,Cache-Cluster,us-east-1,2.0,cache.m5.large-hours,0.26
2026-03-04T17:00:00Z,notification-service,Compute-Task,us-east-1,1.0,vCPU-hours,0.0405
2026-03-04T17:00:00Z,notification-service,Egress-DataTransfer,us-east-1,0.0927,GB-out,0.0083
2026-03-04T17:00:00Z,object-storage,Standard-Storage,us-east-1,1208.25,GB-month-fraction,0.0381
2026-03-04T17:00:00Z,object-storage,Storage-API-Operations,us-east-1,0.0437,10k-requests,0.0002
2026-03-04T18:00:00Z,api-gateway,API-Requests,us-east-1,0.4485,10k-requests,0.0157
2026-03-04T18:00:00Z,api-gateway,Gateway-DataTransfer,us-east-1,0.9009,GB,0.0811
2026-03-04T18:00:00Z,order-api,Compute-Fargate,us-east-1,4.0,vCPU-hours,0.1619
2026-03-04T18:00:00Z,payment-service,Compute-Container,us-east-1,2.0,vCPU-hours,0.081
2026-03-04T18:00:00Z,recommendation-service,Compute-GPU-Instance,us-east-1,1.0,instance-hours,1.2
2026-03-04T18:00:00Z,postgres-db,Database-Instance,us-east-1,1.0,db.m5.xlarge-hours,0.34
2026-03-04T18:00:00Z,postgres-db,Provisioned-IOPS,us-east-1,3000.0,IOPS-hours,0.3
2026-03-04T18:00:00Z,redis-cache,Cache-Cluster,us-east-1,2.0,cache.m5.large-hours,0.26
2026-03-04T18:00:00Z,notification-service,Compute-Task,us-east-1,1.0,vCPU-hours,0.0405
2026-03-04T18:00:00Z,notification-service,Egress-DataTransfer,us-east-1,0.0834,GB-out,0.0075
2026-03-04T18:00:00Z,object-storage,Standard-Storage,us-east-1,1201.65,GB-month-fraction,0.0379
2026-03-04T18:00:00Z,object-storage,Storage-API-Operations,us-east-1,0.0398,10k-requests,0.0002
2026-03-04T19:00:00Z,api-gateway,API-Requests,us-east-1,0.2402,10k-requests,0.0084
2026-03-04T19:00:00Z,api-gateway,Gateway-DataTransfer,us-east-1,0.4769,GB,0.0429
2026-03-04T19:00:00Z,order-api,Compute-Fargate,us-east-1,4.0,vCPU-hours,0.1619
2026-03-04T19:00:00Z,payment-service,Compute-Container,us-east-1,2.0,vCPU-hours,0.081
2026-03-04T19:00:00Z,recommendation-service,Compute-GPU-Instance,us-east-1,1.0,instance-hours,1.2
2026-03-04T19:00:00Z,postgres-db,Database-Instance,us-east-1,1.0,db.m5.xlarge-hours,0.34
2026-03-04T19:00:00Z,postgres-db,Provisioned-IOPS,us-east-1,3000.0,IOPS-hours,0.3
2026-03-04T19:00:00Z,redis-cache,Cache-Cluster,us-east-1,2.0,cache.m5.large-hours,0.26
2026-03-04T19:00:00Z,notification-service,Compute-Task,us-east-1,1.0,vCPU-hours,0.0405
2026-03-04T19:00:00Z,notification-service,Egress-DataTransfer,us-east-1,0.0454,GB-out,0.0041
2026-03-04T19:00:00Z,object-storage,Standard-Storage,us-east-1,1200.47,GB-month-fraction,0.0378
2026-03-04T19:00:00Z,object-storage,Storage-API-Operations,us-east-1,0.0394,10k-requests,0.0002
2026-03-04T20:00:00Z,api-gateway,API-Requests,us-east-1,0.2152,10k-requests,0.0075
2026-03-04T20:00:00Z,api-gateway,Gateway-DataTransfer,us-east-1,0.4338,GB,0.039
2026-03-04T20:00:00Z,order-api,Compute-Fargate,us-east-1,4.0,vCPU-hours,0.1619
2026-03-04T20:00:00Z,payment-service,Compute-Container,us-east-1,2.0,vCPU-hours,0.081
2026-03-04T20:00:00Z,recommendation-service,Compute-GPU-Instance,us-east-1,1.0,instance-hours,1.2
2026-03-04T20:00:00Z,postgres-db,Database-Instance,us-east-1,1.0,db.m5.xlarge-hours,0.34
2026-03-04T20:00:00Z,postgres-db,Provisioned-IOPS,us-east-1,3000.0,IOPS-hours,0.3
2026-03-04T20:00:00Z,redis-cache,Cache-Cluster,us-east-1,2.0,cache.m5.large-hours,0.26
2026-03-04T20:00:00Z,notification-service,Compute-Task,us-east-1,1.0,vCPU-hours,0.0405
2026-03-04T20:00:00Z,notification-service,Egress-DataTransfer,us-east-1,0.0394,GB-out,0.0035
2026-03-04T20:00:00Z,object-storage,Standard-Storage,us-east-1,1202.6,GB-month-fraction,0.0379
2026-03-04T20:00:00Z,object-storage,Storage-API-Operations,us-east-1,0.0342,10k-requests,0.0002
2026-03-04T21:00:00Z,api-gateway,API-Requests,us-east-1,0.1953,10k-requests,0.0068
2026-03-04T21:00:00Z,api-gateway,Gateway-DataTransfer,us-east-1,0.3953,GB,0.0356
2026-03-04T21:00:00Z,order-api,Compute-Fargate,us-east-1,4.0,vCPU-hours,0.1619
2026-03-04T21:00:00Z,payment-service,Compute-Container,us-east-1,2.0,vCPU-hours,0.081
2026-03-04T21:00:00Z,recommendation-service,Compute-GPU-Instance,us-east-1,1.0,instance-hours,1.2
2026-03-04T21:00:00Z,postgres-db,Database-Instance,us-east-1,1.0,db.m5.xlarge-hours,0.34
2026-03-04T21:00:00Z,postgres-db,Provisioned-IOPS,us-east-1,3000.0,IOPS-hours,0.3
2026-03-04T21:00:00Z,redis-cache,Cache-Cluster,us-east-1,2.0,cache.m5.large-hours,0.26
2026-03-04T21:00:00Z,notification-service,Compute-Task,us-east-1,1.0,vCPU-hours,0.0405
2026-03-04T21:00:00Z,notification-service,Egress-DataTransfer,us-east-1,0.0359,GB-out,0.0032
2026-03-04T21:00:00Z,object-storage,Standard-Storage,us-east-1,1199.77,GB-month-fraction,0.0378
2026-03-04T21:00:00Z,object-storage,Storage-API-Operations,us-east-1,0.0296,10k-requests,0.0001
2026-03-04T22:00:00Z,api-gateway,API-Requests,us-east-1,0.1694,10k-requests,0.0059
2026-03-04T22:00:00Z,api-gateway,Gateway-DataTransfer,us-east-1,0.3396,GB,0.0306
2026-03-04T22:00:00Z,order-api,Compute-Fargate,us-east-1,4.0,vCPU-hours,0.1619
2026-03-04T22:00:00Z,payment-service,Compute-Container,us-east-1,2.0,vCPU-hours,0.081
2026-03-04T22:00:00Z,recommendation-service,Compute-GPU-Instance,us-east-1,1.0,instance-hours,1.2
2026-03-04T22:00:00Z,postgres-db,Database-Instance,us-east-1,1.0,db.m5.xlarge-hours,0.34
2026-03-04T22:00:00Z,postgres-db,Provisioned-IOPS,us-east-1,3000.0,IOPS-hours,0.3
2026-03-04T22:00:00Z,redis-cache,Cache-Cluster,us-east-1,2.0,cache.m5.large-hours,0.26
2026-03-04T22:00:00Z,notification-service,Compute-Task,us-east-1,1.0,vCPU-hours,0.0405
2026-03-04T22:00:00Z,notification-service,Egress-DataTransfer,us-east-1,0.0317,GB-out,0.0029
2026-03-04T22:00:00Z,object-storage,Standard-Storage,us-east-1,1192.07,GB-month-fraction,0.0376
2026-03-04T22:00:00Z,object-storage,Storage-API-Operations,us-east-1,0.0259,10k-requests,0.0001
2026-03-04T23:00:00Z,api-gateway,API-Requests,us-east-1,0.1521,10k-requests,0.0053
2026-03-04T23:00:00Z,api-gateway,Gateway-DataTransfer,us-east-1,0.3054,GB,0.0275
2026-03-04T23:00:00Z,order-api,Compute-Fargate,us-east-1,4.0,vCPU-hours,0.1619
2026-03-04T23:00:00Z,payment-service,Compute-Container,us-east-1,2.0,vCPU-hours,0.081
2026-03-04T23:00:00Z,recommendation-service,Compute-GPU-Instance,us-east-1,1.0,instance-hours,1.2
2026-03-04T23:00:00Z,postgres-db,Database-Instance,us-east-1,1.0,db.m5.xlarge-hours,0.34
2026-03-04T23:00:00Z,postgres-db,Provisioned-IOPS,us-east-1,3000.0,IOPS-hours,0.3
2026-03-04T23:00:00Z,redis-cache,Cache-Cluster,us-east-1,2.0,cache.m5.large-hours,0.26
2026-03-04T23:00:00Z,notification-service,Compute-Task,us-east-1,1.0,vCPU-hours,0.0405
2026-03-04T23:00:00Z,notification-service,Egress-DataTransfer,us-east-1,0.029,GB-out,0.0026
2026-03-04T23:00:00Z,object-storage,Standard-Storage,us-east-1,1203.95,GB-month-fraction,0.0379
2026-03-04T23:00:00Z,object-storage,Storage-API-Operations,us-east-1,0.0228,10k-requests,0.0001
2026-03-05T00:00:00Z,api-gateway,API-Requests,us-east-1,0.0578,10k-requests,0.002
2026-03-05T00:00:00Z,api-gateway,Gateway-DataTransfer,us-east-1,0.1161,GB,0.0104
2026-03-05T00:00:00Z,order-api,Compute-Fargate,us-east-1,4.0,vCPU-hours,0.1619
2026-03-05T00:00:00Z,payment-service,Compute-Container,us-east-1,2.0,vCPU-hours,0.081
2026-03-05T00:00:00Z,recommendation-service,Compute-GPU-Instance,us-east-1,1.0,instance-hours,1.2
2026-03-05T00:00:00Z,postgres-db,Database-Instance,us-east-1,1.0,db.m5.xlarge-hours,0.34
2026-03-05T00:00:00Z,postgres-db,Provisioned-IOPS,us-east-1,3000.0,IOPS-hours,0.3
2026-03-05T00:00:00Z,redis-cache,Cache-Cluster,us-east-1,2.0,cache.m5.large-hours,0.26
2026-03-05T00:00:00Z,notification-service,Compute-Task,us-east-1,1.0,vCPU-hours,0.0405
2026-03-05T00:00:00Z,notification-service,Egress-DataTransfer,us-east-1,0.0105,GB-out,0.0009
2026-03-05T00:00:00Z,object-storage,Standard-Storage,us-east-1,1203.79,GB-month-fraction,0.0379
2026-03-05T00:00:00Z,object-storage,Storage-API-Operations,us-east-1,0.0197,10k-requests,0.0001
2026-03-05T01:00:00Z,api-gateway,API-Requests,us-east-1,0.0548,10k-requests,0.0019
2026-03-05T01:00:00Z,api-gateway,Gateway-DataTransfer,us-east-1,0.1078,GB,0.0097
2026-03-05T01:00:00Z,order-api,Compute-Fargate,us-east-1,4.0,vCPU-hours,0.1619
2026-03-05T01:00:00Z,payment-service,Compute-Container,us-east-1,2.0,vCPU-hours,0.081
2026-03-05T01:00:00Z,recommendation-service,Compute-GPU-Instance,us-east-1,1.0,instance-hours,1.2
2026-03-05T01:00:00Z,postgres-db,Database-Instance,us-east-1,1.0,db.m5.xlarge-hours,0.34
2026-03-05T01:00:00Z,postgres-db,Provisioned-IOPS,us-east-1,3000.0,IOPS-hours,0.3
2026-03-05T01:00:00Z,redis-cache,Cache-Cluster,us-east-1,2.0,cache.m5.large-hours,0.26
2026-03-05T01:00:00Z,notification-service,Compute-Task,us-east-1,1.0,vCPU-hours,0.0405
2026-03-05T01:00:00Z,notification-service,Egress-DataTransfer,us-east-1,0.0104,GB-out,0.0009
2026-03-05T01:00:00Z,object-storage,Standard-Storage,us-east-1,1201.82,GB-month-fraction,0.0379
2026-03-05T01:00:00Z,object-storage,Storage-API-Operations,us-east-1,0.0217,10k-requests,0.0001
2026-03-05T02:00:00Z,api-gateway,API-Requests,us-east-1,0.0559,10k-requests,0.002
2026-03-05T02:00:00Z,api-gateway,Gateway-DataTransfer,us-east-1,0.1151,GB,0.0104
2026-03-05T02:00:00Z,order-api,Compute-Fargate,us-east-1,4.0,vCPU-hours,0.1619
2026-03-05T02:00:00Z,payment-service,Compute-Container,us-east-1,2.0,vCPU-hours,0.081
2026-03-05T02:00:00Z,recommendation-service,Compute-GPU-Instance,us-east-1,1.0,instance-hours,1.2
2026-03-05T02:00:00Z,postgres-db,Database-Instance,us-east-1,1.0,db.m5.xlarge-hours,0.34
2026-03-05T02:00:00Z,postgres-db,Provisioned-IOPS,us-east-1,3000.0,IOPS-hours,0.3
2026-03-05T02:00:00Z,redis-cache,Cache-Cluster,us-east-1,2.0,cache.m5.large-hours,0.26
2026-03-05T02:00:00Z,notification-service,Compute-Task,us-east-1,1.0,vCPU-hours,0.0405
2026-03-05T02:00:00Z,notification-service,Egress-DataTransfer,us-east-1,0.0103,GB-out,0.0009
2026-03-05T02:00:00Z,object-storage,Standard-Storage,us-east-1,1186.68,GB-month-fraction,0.0374
2026-03-05T02:00:00Z,object-storage,Storage-API-Operations,us-east-1,0.0194,10k-requests,0.0001
2026-03-05T03:00:00Z,api-gateway,API-Requests,us-east-1,0.0556,10k-requests,0.0019
2026-03-05T03:00:00Z,api-gateway,Gateway-DataTransfer,us-east-1,0.1159,GB,0.0104
2026-03-05T03:00:00Z,order-api,Compute-Fargate,us-east-1,4.0,vCPU-hours,0.1619
2026-03-05T03:00:00Z,payment-service,Compute-Container,us-east-1,2.0,vCPU-hours,0.081
2026-03-05T03:00:00Z,recommendation-service,Compute-GPU-Instance,us-east-1,1.0,instance-hours,1.2
2026-03-05T03:00:00Z,postgres-db,Database-Instance,us-east-1,1.0,db.m5.xlarge-hours,0.34
2026-03-05T03:00:00Z,postgres-db,Provisioned-IOPS,us-east-1,3000.0,IOPS-hours,0.3
2026-03-05T03:00:00Z,redis-cache,Cache-Cluster,us-east-1,2.0,cache.m5.large-hours,0.26
2026-03-05T03:00:00Z,notification-service,Compute-Task,us-east-1,1.0,vCPU-hours,0.0405
2026-03-05T03:00:00Z,notification-service,Egress-DataTransfer,us-east-1,0.0101,GB-out,0.0009
2026-03-05T03:00:00Z,object-storage,Standard-Storage,us-east-1,1196.14,GB-month-fraction,0.0377
2026-03-05T03:00:00Z,object-storage,Storage-API-Operations,us-east-1,0.02,10k-requests,0.0001
2026-03-05T04:00:00Z,api-gateway,API-Requests,us-east-1,0.0573,10k-requests,0.002
2026-03-05T04:00:00Z,api-gateway,Gateway-DataTransfer,us-east-1,0.1156,GB,0.0104
2026-03-05T04:00:00Z,order-api,Compute-Fargate,us-east-1,4.0,vCPU-hours,0.1619
2026-03-05T04:00:00Z,payment-service,Compute-Container,us-east-1,2.0,vCPU-hours,0.081
2026-03-05T04:00:00Z,recommendation-service,Compute-GPU-Instance,us-east-1,1.0,instance-hours,1.2
2026-03-05T04:00:00Z,postgres-db,Database-Instance,us-east-1,1.0,db.m5.xlarge-hours,0.34
2026-03-05T04:00:00Z,postgres-db,Provisioned-IOPS,us-east-1,3000.0,IOPS-hours,0.3
2026-03-05T04:00:00Z,redis-cache,Cache-Cluster,us-east-1,2.0,cache.m5.large-hours,0.26
2026-03-05T04:00:00Z,notification-service,Compute-Task,us-east-1,1.0,vCPU-hours,0.0405
2026-03-05T04:00:00Z,notification-service,Egress-DataTransfer,us-east-1,0.011,GB-out,0.001
2026-03-05T04:00:00Z,object-storage,Standard-Storage,us-east-1,1185.56,GB-month-fraction,0.0374
2026-03-05T04:00:00Z,object-storage,Storage-API-Operations,us-east-1,0.0197,10k-requests,0.0001
2026-03-05T05:00:00Z,api-gateway,API-Requests,us-east-1,0.0662,10k-requests,0.0023
2026-03-05T05:00:00Z,api-gateway,Gateway-DataTransfer,us-east-1,0.132,GB,0.0119
2026-03-05T05:00:00Z,order-api,Compute-Fargate,us-east-1,4.0,vCPU-hours,0.1619
2026-03-05T05:00:00Z,payment-service,Compute-Container,us-east-1,2.0,vCPU-hours,0.081
2026-03-05T05:00:00Z,recommendation-service,Compute-GPU-Instance,us-east-1,1.0,instance-hours,1.2
2026-03-05T05:00:00Z,postgres-db,Database-Instance,us-east-1,1.0,db.m5.xlarge-hours,0.34
2026-03-05T05:00:00Z,postgres-db,Provisioned-IOPS,us-east-1,3000.0,IOPS-hours,0.3
2026-03-05T05:00:00Z,redis-cache,Cache-Cluster,us-east-1,2.0,cache.m5.large-hours,0.26
2026-03-05T05:00:00Z,notification-service,Compute-Task,us-east-1,1.0,vCPU-hours,0.0405
2026-03-05T05:00:00Z,notification-service,Egress-DataTransfer,us-east-1,0.0122,GB-out,0.0011
2026-03-05T05:00:00Z,object-storage,Standard-Storage,us-east-1,1192.97,GB-month-fraction,0.0376
2026-03-05T05:00:00Z,object-storage,Storage-API-Operations,us-east-1,0.025,10k-requests,0.0001
2026-03-05T06:00:00Z,api-gateway,API-Requests,us-east-1,0.0716,10k-requests,0.0025
2026-03-05T06:00:00Z,api-gateway,Gateway-DataTransfer,us-east-1,0.1441,GB,0.013
2026-03-05T06:00:00Z,order-api,Compute-Fargate,us-east-1,4.0,vCPU-hours,0.1619
2026-03-05T06:00:00Z,payment-service,Compute-Container,us-east-1,2.0,vCPU-hours,0.081
2026-03-05T06:00:00Z,recommendation-service,Compute-GPU-Instance,us-east-1,1.0,instance-hours,1.2
2026-03-05T06:00:00Z,postgres-db,Database-Instance,us-east-1,1.0,db.m5.xlarge-hours,0.34
2026-03-05T06:00:00Z,postgres-db,Provisioned-IOPS,us-east-1,3000.0,IOPS-hours,0.3
2026-03-05T06:00:00Z,redis-cache,Cache-Cluster,us-east-1,2.0,cache.m5.large-hours,0.26
2026-03-05T06:00:00Z,notification-service,Compute-Task,us-east-1,1.0,vCPU-hours,0.0405
2026-03-05T06:00:00Z,notification-service,Egress-DataTransfer,us-east-1,0.0135,GB-out,0.0012
2026-03-05T06:00:00Z,object-storage,Standard-Storage,us-east-1,1196.91,GB-month-fraction,0.0377
2026-03-05T06:00:00Z,object-storage,Storage-API-Operations,us-east-1,0.0278,10k-requests,0.0001
2026-03-05T07:00:00Z,api-gateway,API-Requests,us-east-1,0.0827,10k-requests,0.0029
2026-03-05T07:00:00Z,api-gateway,Gateway-DataTransfer,us-east-1,0.1631,GB,0.0147
2026-03-05T07:00:00Z,order-api,Compute-Fargate,us-east-1,4.0,vCPU-hours,0.1619
2026-03-05T07:00:00Z,payment-service,Compute-Container,us-east-1,2.0,vCPU-hours,0.081
2026-03-05T07:00:00Z,recommendation-service,Compute-GPU-Instance,us-east-1,1.0,instance-hours,1.2
2026-03-05T07:00:00Z,postgres-db,Database-Instance,us-east-1,1.0,db.m5.xlarge-hours,0.34
2026-03-05T07:00:00Z,postgres-db,Provisioned-IOPS,us-east-1,3000.0,IOPS-hours,0.3
2026-03-05T07:00:00Z,redis-cache,Cache-Cluster,us-east-1,2.0,cache.m5.large-hours,0.26
2026-03-05T07:00:00Z,notification-service,Compute-Task,us-east-1,1.0,vCPU-hours,0.0405
2026-03-05T07:00:00Z,notification-service,Egress-DataTransfer,us-east-1,0.015,GB-out,0.0014
2026-03-05T07:00:00Z,object-storage,Standard-Storage,us-east-1,1197.5,GB-month-fraction,0.0377
2026-03-05T07:00:00Z,object-storage,Storage-API-Operations,us-east-1,0.0314,10k-requests,0.0002
2026-03-05T08:00:00Z,api-gateway,API-Requests,us-east-1,0.093,10k-requests,0.0033
2026-03-05T08:00:00Z,api-gateway,Gateway-DataTransfer,us-east-1,0.1838,GB,0.0165
2026-03-05T08:00:00Z,order-api,Compute-Fargate,us-east-1,4.0,vCPU-hours,0.1619
2026-03-05T08:00:00Z,payment-service,Compute-Container,us-east-1,2.0,vCPU-hours,0.081
2026-03-05T08:00:00Z,recommendation-service,Compute-GPU-Instance,us-east-1,1.0,instance-hours,1.2
2026-03-05T08:00:00Z,postgres-db,Database-Instance,us-east-1,1.0,db.m5.xlarge-hours,0.34
2026-03-05T08:00:00Z,postgres-db,Provisioned-IOPS,us-east-1,3000.0,IOPS-hours,0.3
2026-03-05T08:00:00Z,redis-cache,Cache-Cluster,us-east-1,2.0,cache.m5.large-hours,0.26
2026-03-05T08:00:00Z,notification-service,Compute-Task,us-east-1,1.0,vCPU-hours,0.0405
2026-03-05T08:00:00Z,notification-service,Egress-DataTransfer,us-east-1,0.0167,GB-out,0.0015
2026-03-05T08:00:00Z,object-storage,Standard-Storage,us-east-1,1187.69,GB-month-fraction,0.0374
2026-03-05T08:00:00Z,object-storage,Storage-API-Operations,us-east-1,0.0356,10k-requests,0.0002
2026-03-05T09:00:00Z,api-gateway,API-Requests,us-east-1,0.0976,10k-requests,0.0034
2026-03-05T09:00:00Z,api-gateway,Gateway-DataTransfer,us-east-1,0.1936,GB,0.0174
2026-03-05T09:00:00Z,order-api,Compute-Fargate,us-east-1,4.0,vCPU-hours,0.1619
2026-03-05T09:00:00Z,payment-service,Compute-Container,us-east-1,2.0,vCPU-hours,0.081
2026-03-05T09:00:00Z,recommendation-service,Compute-GPU-Instance,us-east-1,1.0,instance-hours,1.2
2026-03-05T09:00:00Z,postgres-db,Database-Instance,us-east-1,1.0,db.m5.xlarge-hours,0.34
2026-03-05T09:00:00Z,postgres-db,Provisioned-IOPS,us-east-1,3000.0,IOPS-hours,0.3
2026-03-05T09:00:00Z,redis-cache,Cache-Cluster,us-east-1,2.0,cache.m5.large-hours,0.26
2026-03-05T09:00:00Z,notification-service,Compute-Task,us-east-1,1.0,vCPU-hours,0.0405
2026-03-05T09:00:00Z,notification-service,Egress-DataTransfer,us-east-1,0.0185,GB-out,0.0017
2026-03-05T09:00:00Z,object-storage,Standard-Storage,us-east-1,1208.68,GB-month-fraction,0.0381
2026-03-05T09:00:00Z,object-storage,Storage-API-Operations,us-east-1,0.0381,10k-requests,0.0002
2026-03-05T10:00:00Z,api-gateway,API-Requests,us-east-1,0.1049,10k-requests,0.0037
2026-03-05T10:00:00Z,api-gateway,Gateway-DataTransfer,us-east-1,0.2112,GB,0.019
2026-03-05T10:00:00Z,order-api,Compute-Fargate,us-east-1,4.0,vCPU-hours,0.1619
2026-03-05T10:00:00Z,payment-service,Compute-Container,us-east-1,2.0,vCPU-hours,0.081
2026-03-05T10:00:00Z,recommendation-service,Compute-GPU-Instance,us-east-1,1.0,instance-hours,1.2
2026-03-05T10:00:00Z,postgres-db,Database-Instance,us-east-1,1.0,db.m5.xlarge-hours,0.34
2026-03-05T10:00:00Z,postgres-db,Provisioned-IOPS,us-east-1,3000.0,IOPS-hours,0.3
2026-03-05T10:00:00Z,redis-cache,Cache-Cluster,us-east-1,2.0,cache.m5.large-hours,0.26
2026-03-05T10:00:00Z,notification-service,Compute-Task,us-east-1,1.0,vCPU-hours,0.0405
2026-03-05T10:00:00Z,notification-service,Egress-DataTransfer,us-east-1,0.019,GB-out,0.0017
2026-03-05T10:00:00Z,object-storage,Standard-Storage,us-east-1,1211.92,GB-month-fraction,0.0382
2026-03-05T10:00:00Z,object-storage,Storage-API-Operations,us-east-1,0.039,10k-requests,0.0002
2026-03-05T11:00:00Z,api-gateway,API-Requests,us-east-1,0.118,10k-requests,0.0041
2026-03-05T11:00:00Z,api-gateway,Gateway-DataTransfer,us-east-1,0.2349,GB,0.0211
2026-03-05T11:00:00Z,order-api,Compute-Fargate,us-east-1,4.0,vCPU-hours,0.1619
2026-03-05T11:00:00Z,payment-service,Compute-Container,us-east-1,2.0,vCPU-hours,0.081
2026-03-05T11:00:00Z,recommendation-service,Compute-GPU-Instance,us-east-1,1.0,instance-hours,1.2
2026-03-05T11:00:00Z,postgres-db,Database-Instance,us-east-1,1.0,db.m5.xlarge-hours,0.34
2026-03-05T11:00:00Z,postgres-db,Provisioned-IOPS,us-east-1,3000.0,IOPS-hours,0.3
2026-03-05T11:00:00Z,redis-cache,Cache-Cluster,us-east-1,2.0,cache.m5.large-hours,0.26
2026-03-05T11:00:00Z,notification-service,Compute-Task,us-east-1,1.0,vCPU-hours,0.0405
2026-03-05T11:00:00Z,notification-service,Egress-DataTransfer,us-east-1,0.0216,GB-out,0.0019
2026-03-05T11:00:00Z,object-storage,Standard-Storage,us-east-1,1188.2,GB-month-fraction,0.0374
2026-03-05T11:00:00Z,object-storage,Storage-API-Operations,us-east-1,0.0452,10k-requests,0.0002
2026-03-05T12:00:00Z,api-gateway,API-Requests,us-east-1,0.1214,10k-requests,0.0042
2026-03-05T12:00:00Z,api-gateway,Gateway-DataTransfer,us-east-1,0.2442,GB,0.022
2026-03-05T12:00:00Z,order-api,Compute-Fargate,us-east-1,4.0,vCPU-hours,0.1619
2026-03-05T12:00:00Z,payment-service,Compute-Container,us-east-1,2.0,vCPU-hours,0.081
2026-03-05T12:00:00Z,recommendation-service,Compute-GPU-Instance,us-east-1,1.0,instance-hours,1.2
2026-03-05T12:00:00Z,postgres-db,Database-Instance,us-east-1,1.0,db.m5.xlarge-hours,0.34
2026-03-05T12:00:00Z,postgres-db,Provisioned-IOPS,us-east-1,3000.0,IOPS-hours,0.3
2026-03-05T12:00:00Z,redis-cache,Cache-Cluster,us-east-1,2.0,cache.m5.large-hours,0.26
2026-03-05T12:00:00Z,notification-service,Compute-Task,us-east-1,1.0,vCPU-hours,0.0405
2026-03-05T12:00:00Z,notification-service,Egress-DataTransfer,us-east-1,0.0224,GB-out,0.002
2026-03-05T12:00:00Z,object-storage,Standard-Storage,us-east-1,1211.27,GB-month-fraction,0.0382
2026-03-05T12:00:00Z,object-storage,Storage-API-Operations,us-east-1,0.0453,10k-requests,0.0002
2026-03-05T13:00:00Z,api-gateway,API-Requests,us-east-1,0.121,10k-requests,0.0042
2026-03-05T13:00:00Z,api-gateway,Gateway-DataTransfer,us-east-1,0.2434,GB,0.0219
2026-03-05T13:00:00Z,order-api,Compute-Fargate,us-east-1,4.0,vCPU-hours,0.1619
2026-03-05T13:00:00Z,payment-service,Compute-Container,us-east-1,2.0,vCPU-hours,0.081
2026-03-05T13:00:00Z,recommendation-service,Compute-GPU-Instance,us-east-1,1.0,instance-hours,1.2
2026-03-05T13:00:00Z,postgres-db,Database-Instance,us-east-1,1.0,db.m5.xlarge-hours,0.34
2026-03-05T13:00:00Z,postgres-db,Provisioned-IOPS,us-east-1,3000.0,IOPS-hours,0.3
2026-03-05T13:00:00Z,redis-cache,Cache-Cluster,us-east-1,2.0,cache.m5.large-hours,0.26
2026-03-05T13:00:00Z,notification-service,Compute-Task,us-east-1,1.0,vCPU-hours,0.0405
2026-03-05T13:00:00Z,notification-service,Egress-DataTransfer,us-east-1,0.0233,GB-out,0.0021
2026-03-05T13:00:00Z,object-storage,Standard-Storage,us-east-1,1188.42,GB-month-fraction,0.0374
2026-03-05T13:00:00Z,object-storage,Storage-API-Operations,us-east-1,0.0457,10k-requests,0.0002
2026-03-05T14:00:00Z,api-gateway,API-Requests,us-east-1,0.1214,10k-requests,0.0042
2026-03-05T14:00:00Z,api-gateway,Gateway-DataTransfer,us-east-1,0.2432,GB,0.0219
2026-03-05T14:00:00Z,order-api,Compute-Fargate,us-east-1,4.0,vCPU-hours,0.1619
2026-03-05T14:00:00Z,payment-service,Compute-Container,us-east-1,2.0,vCPU-hours,0.081
2026-03-05T14:00:00Z,recommendation-service,Compute-GPU-Instance,us-east-1,1.0,instance-hours,1.2
2026-03-05T14:00:00Z,postgres-db,Database-Instance,us-east-1,1.0,db.m5.xlarge-hours,0.34
2026-03-05T14:00:00Z,postgres-db,Provisioned-IOPS,us-east-1,3000.0,IOPS-hours,0.3
2026-03-05T14:00:00Z,redis-cache,Cache-Cluster,us-east-1,2.0,cache.m5.large-hours,0.26
2026-03-05T14:00:00Z,notification-service,Compute-Task,us-east-1,1.0,vCPU-hours,0.0405
2026-03-05T14:00:00Z,notification-service,Egress-DataTransfer,us-east-1,0.0229,GB-out,0.0021
2026-03-05T14:00:00Z,object-storage,Standard-Storage,us-east-1,1189.45,GB-month-fraction,0.0375
2026-03-05T14:00:00Z,object-storage,Storage-API-Operations,us-east-1,0.0474,10k-requests,0.0002
2026-03-05T15:00:00Z,api-gateway,API-Requests,us-east-1,0.1258,10k-requests,0.0044
2026-03-05T15:00:00Z,api-gateway,Gateway-DataTransfer,us-east-1,0.2522,GB,0.0227
2026-03-05T15:00:00Z,order-api,Compute-Fargate,us-east-1,4.0,vCPU-hours,0.1619
2026-03-05T15:00:00Z,payment-service,Compute-Container,us-east-1,2.0,vCPU-hours,0.081
2026-03-05T15:00:00Z,recommendation-service,Compute-GPU-Instance,us-east-1,1.0,instance-hours,1.2
2026-03-05T15:00:00Z,postgres-db,Database-Instance,us-east-1,1.0,db.m5.xlarge-hours,0.34
2026-03-05T15:00:00Z,postgres-db,Provisioned-IOPS,us-east-1,3000.0,IOPS-hours,0.3
2026-03-05T15:00:00Z,redis-cache,Cache-Cluster,us-east-1,2.0,cache.m5.large-hours,0.26
2026-03-05T15:00:00Z,notification-service,Compute-Task,us-east-1,1.0,vCPU-hours,0.0405
2026-03-05T15:00:00Z,notification-service,Egress-DataTransfer,us-east-1,0.0237,GB-out,0.0021
2026-03-05T15:00:00Z,object-storage,Standard-Storage,us-east-1,1194.49,GB-month-fraction,0.0376
2026-03-05T15:00:00Z,object-storage,Storage-API-Operations,us-east-1,0.0465,10k-requests,0.0002
2026-03-05T16:00:00Z,api-gateway,API-Requests,us-east-1,0.1209,10k-requests,0.0042
2026-03-05T16:00:00Z,api-gateway,Gateway-DataTransfer,us-east-1,0.2431,GB,0.0219
2026-03-05T16:00:00Z,order-api,Compute-Fargate,us-east-1,4.0,vCPU-hours,0.1619
2026-03-05T16:00:00Z,payment-service,Compute-Container,us-east-1,2.0,vCPU-hours,0.081
2026-03-05T16:00:00Z,recommendation-service,Compute-GPU-Instance,us-east-1,1.0,instance-hours,1.2
2026-03-05T16:00:00Z,postgres-db,Database-Instance,us-east-1,1.0,db.m5.xlarge-hours,0.34
2026-03-05T16:00:00Z,postgres-db,Provisioned-IOPS,us-east-1,3000.0,IOPS-hours,0.3
2026-03-05T16:00:00Z,redis-cache,Cache-Cluster,us-east-1,2.0,cache.m5.large-hours,0.26
2026-03-05T16:00:00Z,notification-service,Compute-Task,us-east-1,1.0,vCPU-hours,0.0405
2026-03-05T16:00:00Z,notification-service,Egress-DataTransfer,us-east-1,0.0227,GB-out,0.002
2026-03-05T16:00:00Z,object-storage,Standard-Storage,us-east-1,1203.82,GB-month-fraction,0.0379
2026-03-05T16:00:00Z,object-storage,Storage-API-Operations,us-east-1,0.0438,10k-requests,0.0002
2026-03-05T17:00:00Z,api-gateway,API-Requests,us-east-1,0.1152,10k-requests,0.004
2026-03-05T17:00:00Z,api-gateway,Gateway-DataTransfer,us-east-1,0.2296,GB,0.0207
2026-03-05T17:00:00Z,order-api,Compute-Fargate,us-east-1,4.0,vCPU-hours,0.1619
2026-03-05T17:00:00Z,payment-service,Compute-Container,us-east-1,2.0,vCPU-hours,0.081
2026-03-05T17:00:00Z,recommendation-service,Compute-GPU-Instance,us-east-1,1.0,instance-hours,1.2
2026-03-05T17:00:00Z,postgres-db,Database-Instance,us-east-1,1.0,db.m5.xlarge-hours,0.34
2026-03-05T17:00:00Z,postgres-db,Provisioned-IOPS,us-east-1,3000.0,IOPS-hours,0.3
2026-03-05T17:00:00Z,redis-cache,Cache-Cluster,us-east-1,2.0,cache.m5.large-hours,0.26
2026-03-05T17:00:00Z,notification-service,Compute-Task,us-east-1,1.0,vCPU-hours,0.0405
2026-03-05T17:00:00Z,notification-service,Egress-DataTransfer,us-east-1,0.0214,GB-out,0.0019
2026-03-05T17:00:00Z,object-storage,Standard-Storage,us-east-1,1200.0,GB-month-fraction,0.0378
2026-03-05T17:00:00Z,object-storage,Storage-API-Operations,us-east-1,0.0437,10k-requests,0.0002
2026-03-05T18:00:00Z,api-gateway,API-Requests,us-east-1,0.1097,10k-requests,0.0038
2026-03-05T18:00:00Z,api-gateway,Gateway-DataTransfer,us-east-1,0.2172,GB,0.0195
2026-03-05T18:00:00Z,order-api,Compute-Fargate,us-east-1,4.0,vCPU-hours,0.1619
2026-03-05T18:00:00Z,payment-service,Compute-Container,us-east-1,2.0,vCPU-hours,0.081
2026-03-05T18:00:00Z,recommendation-service,Compute-GPU-Instance,us-east-1,1.0,instance-hours,1.2
2026-03-05T18:00:00Z,postgres-db,Database-Instance,us-east-1,1.0,db.m5.xlarge-hours,0.34
2026-03-05T18:00:00Z,postgres-db,Provisioned-IOPS,us-east-1,3000.0,IOPS-hours,0.3
2026-03-05T18:00:00Z,redis-cache,Cache-Cluster,us-east-1,2.0,cache.m5.large-hours,0.26
2026-03-05T18:00:00Z,notification-service,Compute-Task,us-east-1,1.0,vCPU-hours,0.0405
2026-03-05T18:00:00Z,notification-service,Egress-DataTransfer,us-east-1,0.0206,GB-out,0.0019
2026-03-05T18:00:00Z,object-storage,Standard-Storage,us-east-1,1193.5,GB-month-fraction,0.0376
2026-03-05T18:00:00Z,object-storage,Storage-API-Operations,us-east-1,0.0428,10k-requests,0.0002
2026-03-05T19:00:00Z,api-gateway,API-Requests,us-east-1,0.0989,10k-requests,0.0035
2026-03-05T19:00:00Z,api-gateway,Gateway-DataTransfer,us-east-1,0.1997,GB,0.018
2026-03-05T19:00:00Z,order-api,Compute-Fargate,us-east-1,4.0,vCPU-hours,0.1619
2026-03-05T19:00:00Z,payment-service,Compute-Container,us-east-1,2.0,vCPU-hours,0.081
2026-03-05T19:00:00Z,recommendation-service,Compute-GPU-Instance,us-east-1,1.0,instance-hours,1.2
2026-03-05T19:00:00Z,postgres-db,Database-Instance,us-east-1,1.0,db.m5.xlarge-hours,0.34
2026-03-05T19:00:00Z,postgres-db,Provisioned-IOPS,us-east-1,3000.0,IOPS-hours,0.3
2026-03-05T19:00:00Z,redis-cache,Cache-Cluster,us-east-1,2.0,cache.m5.large-hours,0.26
2026-03-05T19:00:00Z,notification-service,Compute-Task,us-east-1,1.0,vCPU-hours,0.0405
2026-03-05T19:00:00Z,notification-service,Egress-DataTransfer,us-east-1,0.0181,GB-out,0.0016
2026-03-05T19:00:00Z,object-storage,Standard-Storage,us-east-1,1185.91,GB-month-fraction,0.0374
2026-03-05T19:00:00Z,object-storage,Storage-API-Operations,us-east-1,0.0358,10k-requests,0.0002
2026-03-05T20:00:00Z,api-gateway,API-Requests,us-east-1,0.0891,10k-requests,0.0031
2026-03-05T20:00:00Z,api-gateway,Gateway-DataTransfer,us-east-1,0.1808,GB,0.0163
2026-03-05T20:00:00Z,order-api,Compute-Fargate,us-east-1,4.0,vCPU-hours,0.1619
2026-03-05T20:00:00Z,payment-service,Compute-Container,us-east-1,2.0,vCPU-hours,0.081
2026-03-05T20:00:00Z,recommendation-service,Compute-GPU-Instance,us-east-1,1.0,instance-hours,1.2
2026-03-05T20:00:00Z,postgres-db,Database-Instance,us-east-1,1.0,db.m5.xlarge-hours,0.34
2026-03-05T20:00:00Z,postgres-db,Provisioned-IOPS,us-east-1,3000.0,IOPS-hours,0.3
2026-03-05T20:00:00Z,redis-cache,Cache-Cluster,us-east-1,2.0,cache.m5.large-hours,0.26
2026-03-05T20:00:00Z,notification-service,Compute-Task,us-east-1,1.0,vCPU-hours,0.0405
2026-03-05T20:00:00Z,notification-service,Egress-DataTransfer,us-east-1,0.0163,GB-out,0.0015
2026-03-05T20:00:00Z,object-storage,Standard-Storage,us-east-1,1199.83,GB-month-fraction,0.0378
2026-03-05T20:00:00Z,object-storage,Storage-API-Operations,us-east-1,0.0342,10k-requests,0.0002
2026-03-05T21:00:00Z,api-gateway,API-Requests,us-east-1,0.0817,10k-requests,0.0029
2026-03-05T21:00:00Z,api-gateway,Gateway-DataTransfer,us-east-1,0.1651,GB,0.0149
2026-03-05T21:00:00Z,order-api,Compute-Fargate,us-east-1,4.0,vCPU-hours,0.1619
2026-03-05T21:00:00Z,payment-service,Compute-Container,us-east-1,2.0,vCPU-hours,0.081
2026-03-05T21:00:00Z,recommendation-service,Compute-GPU-Instance,us-east-1,1.0,instance-hours,1.2
2026-03-05T21:00:00Z,postgres-db,Database-Instance,us-east-1,1.0,db.m5.xlarge-hours,0.34
2026-03-05T21:00:00Z,postgres-db,Provisioned-IOPS,us-east-1,3000.0,IOPS-hours,0.3
2026-03-05T21:00:00Z,redis-cache,Cache-Cluster,us-east-1,2.0,cache.m5.large-hours,0.26
2026-03-05T21:00:00Z,notification-service,Compute-Task,us-east-1,1.0,vCPU-hours,0.0405
2026-03-05T21:00:00Z,notification-service,Egress-DataTransfer,us-east-1,0.0153,GB-out,0.0014
2026-03-05T21:00:00Z,object-storage,Standard-Storage,us-east-1,1199.25,GB-month-fraction,0.0378
2026-03-05T21:00:00Z,object-storage,Storage-API-Operations,us-east-1,0.0314,10k-requests,0.0002
2026-03-05T22:00:00Z,api-gateway,API-Requests,us-east-1,0.0747,10k-requests,0.0026
2026-03-05T22:00:00Z,api-gateway,Gateway-DataTransfer,us-east-1,0.1478,GB,0.0133
2026-03-05T22:00:00Z,order-api,Compute-Fargate,us-east-1,4.0,vCPU-hours,0.1619
2026-03-05T22:00:00Z,payment-service,Compute-Container,us-east-1,2.0,vCPU-hours,0.081
2026-03-05T22:00:00Z,recommendation-service,Compute-GPU-Instance,us-east-1,1.0,instance-hours,1.2
2026-03-05T22:00:00Z,postgres-db,Database-Instance,us-east-1,1.0,db.m5.xlarge-hours,0.34
2026-03-05T22:00:00Z,postgres-db,Provisioned-IOPS,us-east-1,3000.0,IOPS-hours,0.3
2026-03-05T22:00:00Z,redis-cache,Cache-Cluster,us-east-1,2.0,cache.m5.large-hours,0.26
2026-03-05T22:00:00Z,notification-service,Compute-Task,us-east-1,1.0,vCPU-hours,0.0405
2026-03-05T22:00:00Z,notification-service,Egress-DataTransfer,us-east-1,0.0135,GB-out,0.0012
2026-03-05T22:00:00Z,object-storage,Standard-Storage,us-east-1,1214.51,GB-month-fraction,0.0383
2026-03-05T22:00:00Z,object-storage,Storage-API-Operations,us-east-1,0.028,10k-requests,0.0001
2026-03-05T23:00:00Z,api-gateway,API-Requests,us-east-1,0.062,10k-requests,0.0022
2026-03-05T23:00:00Z,api-gateway,Gateway-DataTransfer,us-east-1,0.1239,GB,0.0112
2026-03-05T23:00:00Z,order-api,Compute-Fargate,us-east-1,4.0,vCPU-hours,0.1619
2026-03-05T23:00:00Z,payment-service,Compute-Container,us-east-1,2.0,vCPU-hours,0.081
2026-03-05T23:00:00Z,recommendation-service,Compute-GPU-Instance,us-east-1,1.0,instance-hours,1.2
2026-03-05T23:00:00Z,postgres-db,Database-Instance,us-east-1,1.0,db.m5.xlarge-hours,0.34
2026-03-05T23:00:00Z,postgres-db,Provisioned-IOPS,us-east-1,3000.0,IOPS-hours,0.3
2026-03-05T23:00:00Z,redis-cache,Cache-Cluster,us-east-1,2.0,cache.m5.large-hours,0.26
2026-03-05T23:00:00Z,notification-service,Compute-Task,us-east-1,1.0,vCPU-hours,0.0405
2026-03-05T23:00:00Z,notification-service,Egress-DataTransfer,us-east-1,0.012,GB-out,0.0011
2026-03-05T23:00:00Z,object-storage,Standard-Storage,us-east-1,1188.35,GB-month-fraction,0.0374
2026-03-05T23:00:00Z,object-storage,Storage-API-Operations,us-east-1,0.0247,10k-requests,0.0001
2026-03-06T00:00:00Z,api-gateway,API-Requests,us-east-1,0.0596,10k-requests,0.0021
2026-03-06T00:00:00Z,api-gateway,Gateway-DataTransfer,us-east-1,0.123,GB,0.0111
2026-03-06T00:00:00Z,order-api,Compute-Fargate,us-east-1,4.0,vCPU-hours,0.1619
2026-03-06T00:00:00Z,payment-service,Compute-Container,us-east-1,2.0,vCPU-hours,0.081
2026-03-06T00:00:00Z,recommendation-service,Compute-GPU-Instance,us-east-1,1.0,instance-hours,1.2
2026-03-06T00:00:00Z,postgres-db,Database-Instance,us-east-1,1.0,db.m5.xlarge-hours,0.34
2026-03-06T00:00:00Z,postgres-db,Provisioned-IOPS,us-east-1,3000.0,IOPS-hours,0.3
2026-03-06T00:00:00Z,redis-cache,Cache-Cluster,us-east-1,2.0,cache.m5.large-hours,0.26
2026-03-06T00:00:00Z,notification-service,Compute-Task,us-east-1,1.0,vCPU-hours,0.0405
2026-03-06T00:00:00Z,notification-service,Egress-DataTransfer,us-east-1,0.0114,GB-out,0.001
2026-03-06T00:00:00Z,object-storage,Standard-Storage,us-east-1,1186.23,GB-month-fraction,0.0374
2026-03-06T00:00:00Z,object-storage,Storage-API-Operations,us-east-1,0.0208,10k-requests,0.0001
2026-03-06T01:00:00Z,api-gateway,API-Requests,us-east-1,0.0572,10k-requests,0.002
2026-03-06T01:00:00Z,api-gateway,Gateway-DataTransfer,us-east-1,0.1175,GB,0.0106
2026-03-06T01:00:00Z,order-api,Compute-Fargate,us-east-1,4.0,vCPU-hours,0.1619
2026-03-06T01:00:00Z,payment-service,Compute-Container,us-east-1,2.0,vCPU-hours,0.081
2026-03-06T01:00:00Z,recommendation-service,Compute-GPU-Instance,us-east-1,1.0,instance-hours,1.2
2026-03-06T01:00:00Z,postgres-db,Database-Instance,us-east-1,1.0,db.m5.xlarge-hours,0.34
2026-03-06T01:00:00Z,postgres-db,Provisioned-IOPS,us-east-1,3000.0,IOPS-hours,0.3
2026-03-06T01:00:00Z,redis-cache,Cache-Cluster,us-east-1,2.0,cache.m5.large-hours,0.26
2026-03-06T01:00:00Z,notification-service,Compute-Task,us-east-1,1.0,vCPU-hours,0.0405
2026-03-06T01:00:00Z,notification-service,Egress-DataTransfer,us-east-1,0.0099,GB-out,0.0009
2026-03-06T01:00:00Z,object-storage,Standard-Storage,us-east-1,1211.88,GB-month-fraction,0.0382
2026-03-06T01:00:00Z,object-storage,Storage-API-Operations,us-east-1,0.02,10k-requests,0.0001
2026-03-06T02:00:00Z,api-gateway,API-Requests,us-east-1,0.0557,10k-requests,0.0019
2026-03-06T02:00:00Z,api-gateway,Gateway-DataTransfer,us-east-1,0.1145,GB,0.0103
2026-03-06T02:00:00Z,order-api,Compute-Fargate,us-east-1,4.0,vCPU-hours,0.1619
2026-03-06T02:00:00Z,payment-service,Compute-Container,us-east-1,2.0,vCPU-hours,0.081
2026-03-06T02:00:00Z,recommendation-service,Compute-GPU-Instance,us-east-1,1.0,instance-hours,1.2
2026-03-06T02:00:00Z,postgres-db,Database-Instance,us-east-1,1.0,db.m5.xlarge-hours,0.34
2026-03-06T02:00:00Z,postgres-db,Provisioned-IOPS,us-east-1,28218.5,IOPS-hours,2.8219
2026-03-06T02:00:00Z,redis-cache,Cache-Cluster,us-east-1,2.0,cache.m5.large-hours,0.26
2026-03-06T02:00:00Z,notification-service,Compute-Task,us-east-1,1.0,vCPU-hours,0.0405
2026-03-06T02:00:00Z,notification-service,Egress-DataTransfer,us-east-1,0.0102,GB-out,0.0009
2026-03-06T02:00:00Z,object-storage,Standard-Storage,us-east-1,1202.24,GB-month-fraction,0.0379
2026-03-06T02:00:00Z,object-storage,Storage-API-Operations,us-east-1,0.0201,10k-requests,0.0001
2026-03-06T03:00:00Z,api-gateway,API-Requests,us-east-1,0.0532,10k-requests,0.0019
2026-03-06T03:00:00Z,api-gateway,Gateway-DataTransfer,us-east-1,0.1074,GB,0.0097
2026-03-06T03:00:00Z,order-api,Compute-Fargate,us-east-1,4.0,vCPU-hours,0.1619
2026-03-06T03:00:00Z,payment-service,Compute-Container,us-east-1,2.0,vCPU-hours,0.081
2026-03-06T03:00:00Z,recommendation-service,Compute-GPU-Instance,us-east-1,1.0,instance-hours,1.2
2026-03-06T03:00:00Z,postgres-db,Database-Instance,us-east-1,1.0,db.m5.xlarge-hours,0.34
2026-03-06T03:00:00Z,postgres-db,Provisioned-IOPS,us-east-1,29464.4,IOPS-hours,2.9464
2026-03-06T03:00:00Z,redis-cache,Cache-Cluster,us-east-1,2.0,cache.m5.large-hours,0.26
2026-03-06T03:00:00Z,notification-service,Compute-Task,us-east-1,1.0,vCPU-hours,0.0405
2026-03-06T03:00:00Z,notification-service,Egress-DataTransfer,us-east-1,0.0097,GB-out,0.0009
2026-03-06T03:00:00Z,object-storage,Standard-Storage,us-east-1,1208.63,GB-month-fraction,0.0381
2026-03-06T03:00:00Z,object-storage,Storage-API-Operations,us-east-1,0.0184,10k-requests,0.0001
2026-03-06T04:00:00Z,api-gateway,API-Requests,us-east-1,0.0608,10k-requests,0.0021
2026-03-06T04:00:00Z,api-gateway,Gateway-DataTransfer,us-east-1,0.1197,GB,0.0108
2026-03-06T04:00:00Z,order-api,Compute-Fargate,us-east-1,4.0,vCPU-hours,0.1619
2026-03-06T04:00:00Z,payment-service,Compute-Container,us-east-1,2.0,vCPU-hours,0.081
2026-03-06T04:00:00Z,recommendation-service,Compute-GPU-Instance,us-east-1,1.0,instance-hours,1.2
2026-03-06T04:00:00Z,postgres-db,Database-Instance,us-east-1,1.0,db.m5.xlarge-hours,0.34
2026-03-06T04:00:00Z,postgres-db,Provisioned-IOPS,us-east-1,28223.8,IOPS-hours,2.8224
2026-03-06T04:00:00Z,redis-cache,Cache-Cluster,us-east-1,2.0,cache.m5.large-hours,0.26
2026-03-06T04:00:00Z,notification-service,Compute-Task,us-east-1,1.0,vCPU-hours,0.0405
2026-03-06T04:00:00Z,notification-service,Egress-DataTransfer,us-east-1,0.011,GB-out,0.001
2026-03-06T04:00:00Z,object-storage,Standard-Storage,us-east-1,1186.22,GB-month-fraction,0.0374
2026-03-06T04:00:00Z,object-storage,Storage-API-Operations,us-east-1,0.0227,10k-requests,0.0001
2026-03-06T05:00:00Z,api-gateway,API-Requests,us-east-1,0.0642,10k-requests,0.0022
2026-03-06T05:00:00Z,api-gateway,Gateway-DataTransfer,us-east-1,0.1283,GB,0.0115
2026-03-06T05:00:00Z,order-api,Compute-Fargate,us-east-1,4.0,vCPU-hours,0.1619
2026-03-06T05:00:00Z,payment-service,Compute-Container,us-east-1,2.0,vCPU-hours,0.081
2026-03-06T05:00:00Z,recommendation-service,Compute-GPU-Instance,us-east-1,1.0,instance-hours,1.2
2026-03-06T05:00:00Z,postgres-db,Database-Instance,us-east-1,1.0,db.m5.xlarge-hours,0.34
2026-03-06T05:00:00Z,postgres-db,Provisioned-IOPS,us-east-1,29451.1,IOPS-hours,2.9451
2026-03-06T05:00:00Z,redis-cache,Cache-Cluster,us-east-1,2.0,cache.m5.large-hours,0.26
2026-03-06T05:00:00Z,notification-service,Compute-Task,us-east-1,1.0,vCPU-hours,0.0405
2026-03-06T05:00:00Z,notification-service,Egress-DataTransfer,us-east-1,0.0116,GB-out,0.001
2026-03-06T05:00:00Z,object-storage,Standard-Storage,us-east-1,1195.03,GB-month-fraction,0.0377
2026-03-06T05:00:00Z,object-storage,Storage-API-Operations,us-east-1,0.0244,10k-requests,0.0001
2026-03-06T06:00:00Z,api-gateway,API-Requests,us-east-1,0.074,10k-requests,0.0026
2026-03-06T06:00:00Z,api-gateway,Gateway-DataTransfer,us-east-1,0.1482,GB,0.0133
2026-03-06T06:00:00Z,order-api,Compute-Fargate,us-east-1,4.0,vCPU-hours,0.1619
2026-03-06T06:00:00Z,payment-service,Compute-Container,us-east-1,2.0,vCPU-hours,0.081
2026-03-06T06:00:00Z,recommendation-service,Compute-GPU-Instance,us-east-1,1.0,instance-hours,1.2
2026-03-06T06:00:00Z,postgres-db,Database-Instance,us-east-1,1.0,db.m5.xlarge-hours,0.34
2026-03-06T06:00:00Z,postgres-db,Provisioned-IOPS,us-east-1,28795.3,IOPS-hours,2.8795
2026-03-06T06:00:00Z,redis-cache,Cache-Cluster,us-east-1,2.0,cache.m5.large-hours,0.26
2026-03-06T06:00:00Z,notification-service,Compute-Task,us-east-1,1.0,vCPU-hours,0.0405
2026-03-06T06:00:00Z,notification-service,Egress-DataTransfer,us-east-1,0.0143,GB-out,0.0013
2026-03-06T06:00:00Z,object-storage,Standard-Storage,us-east-1,1187.59,GB-month-fraction,0.0374
2026-03-06T06:00:00Z,object-storage,Storage-API-Operations,us-east-1,0.0273,10k-requests,0.0001
2026-03-06T07:00:00Z,api-gateway,API-Requests,us-east-1,0.0779,10k-requests,0.0027
2026-03-06T07:00:00Z,api-gateway,Gateway-DataTransfer,us-east-1,0.1579,GB,0.0142
2026-03-06T07:00:00Z,order-api,Compute-Fargate,us-east-1,4.0,vCPU-hours,0.1619
2026-03-06T07:00:00Z,payment-service,Compute-Container,us-east-1,2.0,vCPU-hours,0.081
2026-03-06T07:00:00Z,recommendation-service,Compute-GPU-Instance,us-east-1,1.0,instance-hours,1.2
2026-03-06T07:00:00Z,postgres-db,Database-Instance,us-east-1,1.0,db.m5.xlarge-hours,0.34
2026-03-06T07:00:00Z,postgres-db,Provisioned-IOPS,us-east-1,27950.9,IOPS-hours,2.7951
2026-03-06T07:00:00Z,redis-cache,Cache-Cluster,us-east-1,2.0,cache.m5.large-hours,0.26
2026-03-06T07:00:00Z,notification-service,Compute-Task,us-east-1,1.0,vCPU-hours,0.0405
2026-03-06T07:00:00Z,notification-service,Egress-DataTransfer,us-east-1,0.0142,GB-out,0.0013
2026-03-06T07:00:00Z,object-storage,Standard-Storage,us-east-1,1211.8,GB-month-fraction,0.0382
2026-03-06T07:00:00Z,object-storage,Storage-API-Operations,us-east-1,0.0299,10k-requests,0.0001
2026-03-06T08:00:00Z,api-gateway,API-Requests,us-east-1,0.0922,10k-requests,0.0032
2026-03-06T08:00:00Z,api-gateway,Gateway-DataTransfer,us-east-1,0.1849,GB,0.0166
2026-03-06T08:00:00Z,order-api,Compute-Fargate,us-east-1,4.0,vCPU-hours,0.1619
2026-03-06T08:00:00Z,payment-service,Compute-Container,us-east-1,2.0,vCPU-hours,0.081
2026-03-06T08:00:00Z,recommendation-service,Compute-GPU-Instance,us-east-1,1.0,instance-hours,1.2
2026-03-06T08:00:00Z,postgres-db,Database-Instance,us-east-1,1.0,db.m5.xlarge-hours,0.34
2026-03-06T08:00:00Z,postgres-db,Provisioned-IOPS,us-east-1,29183.8,IOPS-hours,2.9184
2026-03-06T08:00:00Z,redis-cache,Cache-Cluster,us-east-1,2.0,cache.m5.large-hours,0.26
2026-03-06T08:00:00Z,notification-service,Compute-Task,us-east-1,1.0,vCPU-hours,0.0405
2026-03-06T08:00:00Z,notification-service,Egress-DataTransfer,us-east-1,0.017,GB-out,0.0015
2026-03-06T08:00:00Z,object-storage,Standard-Storage,us-east-1,1213.23,GB-month-fraction,0.0382
2026-03-06T08:00:00Z,object-storage,Storage-API-Operations,us-east-1,0.0339,10k-requests,0.0002
2026-03-06T09:00:00Z,api-gateway,API-Requests,us-east-1,0.103,10k-requests,0.0036
2026-03-06T09:00:00Z,api-gateway,Gateway-DataTransfer,us-east-1,0.2033,GB,0.0183
2026-03-06T09:00:00Z,order-api,Compute-Fargate,us-east-1,4.0,vCPU-hours,0.1619
2026-03-06T09:00:00Z,payment-service,Compute-Container,us-east-1,2.0,vCPU-hours,0.081
2026-03-06T09:00:00Z,recommendation-service,Compute-GPU-Instance,us-east-1,1.0,instance-hours,1.2
2026-03-06T09:00:00Z,postgres-db,Database-Instance,us-east-1,1.0,db.m5.xlarge-hours,0.34
2026-03-06T09:00:00Z,postgres-db,Provisioned-IOPS,us-east-1,27794.2,IOPS-hours,2.7794
2026-03-06T09:00:00Z,redis-cache,Cache-Cluster,us-east-1,2.0,cache.m5.large-hours,0.26
2026-03-06T09:00:00Z,notification-service,Compute-Task,us-east-1,1.0,vCPU-hours,0.0405
2026-03-06T09:00:00Z,notification-service,Egress-DataTransfer,us-east-1,0.019,GB-out,0.0017
2026-03-06T09:00:00Z,object-storage,Standard-Storage,us-east-1,1210.18,GB-month-fraction,0.0381
2026-03-06T09:00:00Z,object-storage,Storage-API-Operations,us-east-1,0.04,10k-requests,0.0002
2026-03-06T10:00:00Z,api-gateway,API-Requests,us-east-1,0.1055,10k-requests,0.0037
2026-03-06T10:00:00Z,api-gateway,Gateway-DataTransfer,us-east-1,0.2095,GB,0.0189
2026-03-06T10:00:00Z,order-api,Compute-Fargate,us-east-1,4.0,vCPU-hours,0.1619
2026-03-06T10:00:00Z,payment-service,Compute-Container,us-east-1,2.0,vCPU-hours,0.081
2026-03-06T10:00:00Z,recommendation-service,Compute-GPU-Instance,us-east-1,1.0,instance-hours,1.2
2026-03-06T10:00:00Z,postgres-db,Database-Instance,us-east-1,1.0,db.m5.xlarge-hours,0.34
2026-03-06T10:00:00Z,postgres-db,Provisioned-IOPS,us-east-1,27672.2,IOPS-hours,2.7672
2026-03-06T10:00:00Z,redis-cache,Cache-Cluster,us-east-1,2.0,cache.m5.large-hours,0.26
2026-03-06T10:00:00Z,notification-service,Compute-Task,us-east-1,1.0,vCPU-hours,0.0405
2026-03-06T10:00:00Z,notification-service,Egress-DataTransfer,us-east-1,0.019,GB-out,0.0017
2026-03-06T10:00:00Z,object-storage,Standard-Storage,us-east-1,1213.07,GB-month-fraction,0.0382
2026-03-06T10:00:00Z,object-storage,Storage-API-Operations,us-east-1,0.0392,10k-requests,0.0002
2026-03-06T11:00:00Z,api-gateway,API-Requests,us-east-1,0.1143,10k-requests,0.004
2026-03-06T11:00:00Z,api-gateway,Gateway-DataTransfer,us-east-1,0.2288,GB,0.0206
2026-03-06T11:00:00Z,order-api,Compute-Fargate,us-east-1,4.0,vCPU-hours,0.1619
2026-03-06T11:00:00Z,payment-service,Compute-Container,us-east-1,2.0,vCPU-hours,0.081
2026-03-06T11:00:00Z,recommendation-service,Compute-GPU-Instance,us-east-1,1.0,instance-hours,1.2
2026-03-06T11:00:00Z,postgres-db,Database-Instance,us-east-1,1.0,db.m5.xlarge-hours,0.34
2026-03-06T11:00:00Z,postgres-db,Provisioned-IOPS,us-east-1,27825.7,IOPS-hours,2.7826
2026-03-06T11:00:00Z,redis-cache,Cache-Cluster,us-east-1,2.0,cache.m5.large-hours,0.26
2026-03-06T11:00:00Z,notification-service,Compute-Task,us-east-1,1.0,vCPU-hours,0.0405
2026-03-06T11:00:00Z,notification-service,Egress-DataTransfer,us-east-1,0.0203,GB-out,0.0018
2026-03-06T11:00:00Z,object-storage,Standard-Storage,us-east-1,1201.62,GB-month-fraction,0.0379
2026-03-06T11:00:00Z,object-storage,Storage-API-Operations,us-east-1,0.043,10k-requests,0.0002
2026-03-06T12:00:00Z,api-gateway,API-Requests,us-east-1,0.1236,10k-requests,0.0043
2026-03-06T12:00:00Z,api-gateway,Gateway-DataTransfer,us-east-1,0.2493,GB,0.0224
2026-03-06T12:00:00Z,order-api,Compute-Fargate,us-east-1,4.0,vCPU-hours,0.1619
2026-03-06T12:00:00Z,payment-service,Compute-Container,us-east-1,2.0,vCPU-hours,0.081
2026-03-06T12:00:00Z,recommendation-service,Compute-GPU-Instance,us-east-1,1.0,instance-hours,1.2
2026-03-06T12:00:00Z,postgres-db,Database-Instance,us-east-1,1.0,db.m5.xlarge-hours,0.34
2026-03-06T12:00:00Z,postgres-db,Provisioned-IOPS,us-east-1,28225.1,IOPS-hours,2.8225
2026-03-06T12:00:00Z,redis-cache,Cache-Cluster,us-east-1,2.0,cache.m5.large-hours,0.26
2026-03-06T12:00:00Z,notification-service,Compute-Task,us-east-1,1.0,vCPU-hours,0.0405
2026-03-06T12:00:00Z,notification-service,Egress-DataTransfer,us-east-1,0.0223,GB-out,0.002
2026-03-06T12:00:00Z,object-storage,Standard-Storage,us-east-1,1201.31,GB-month-fraction,0.0378
2026-03-06T12:00:00Z,object-storage,Storage-API-Operations,us-east-1,0.0449,10k-requests,0.0002
2026-03-06T13:00:00Z,api-gateway,API-Requests,us-east-1,0.1276,10k-requests,0.0045
2026-03-06T13:00:00Z,api-gateway,Gateway-DataTransfer,us-east-1,0.2567,GB,0.0231
2026-03-06T13:00:00Z,order-api,Compute-Fargate,us-east-1,4.0,vCPU-hours,0.1619
2026-03-06T13:00:00Z,payment-service,Compute-Container,us-east-1,2.0,vCPU-hours,0.081
2026-03-06T13:00:00Z,recommendation-service,Compute-GPU-Instance,us-east-1,1.0,instance-hours,1.2
2026-03-06T13:00:00Z,postgres-db,Database-Instance,us-east-1,1.0,db.m5.xlarge-hours,0.34
2026-03-06T13:00:00Z,postgres-db,Provisioned-IOPS,us-east-1,28063.7,IOPS-hours,2.8064
2026-03-06T13:00:00Z,redis-cache,Cache-Cluster,us-east-1,2.0,cache.m5.large-hours,0.26
2026-03-06T13:00:00Z,notification-service,Compute-Task,us-east-1,1.0,vCPU-hours,0.0405
2026-03-06T13:00:00Z,notification-service,Egress-DataTransfer,us-east-1,0.0229,GB-out,0.0021
2026-03-06T13:00:00Z,object-storage,Standard-Storage,us-east-1,1187.33,GB-month-fraction,0.0374
2026-03-06T13:00:00Z,object-storage,Storage-API-Operations,us-east-1,0.0496,10k-requests,0.0002
2026-03-06T14:00:00Z,api-gateway,API-Requests,us-east-1,0.122,10k-requests,0.0043
2026-03-06T14:00:00Z,api-gateway,Gateway-DataTransfer,us-east-1,0.2454,GB,0.0221
2026-03-06T14:00:00Z,order-api,Compute-Fargate,us-east-1,4.0,vCPU-hours,0.1619
2026-03-06T14:00:00Z,payment-service,Compute-Container,us-east-1,2.0,vCPU-hours,0.081
2026-03-06T14:00:00Z,recommendation-service,Compute-GPU-Instance,us-east-1,1.0,instance-hours,1.2
2026-03-06T14:00:00Z,postgres-db,Database-Instance,us-east-1,1.0,db.m5.xlarge-hours,0.34
2026-03-06T14:00:00Z,postgres-db,Provisioned-IOPS,us-east-1,29350.6,IOPS-hours,2.9351
2026-03-06T14:00:00Z,redis-cache,Cache-Cluster,us-east-1,2.0,cache.m5.large-hours,0.26
2026-03-06T14:00:00Z,notification-service,Compute-Task,us-east-1,1.0,vCPU-hours,0.0405
2026-03-06T14:00:00Z,notification-service,Egress-DataTransfer,us-east-1,0.0223,GB-out,0.002
2026-03-06T14:00:00Z,object-storage,Standard-Storage,us-east-1,1214.54,GB-month-fraction,0.0383
2026-03-06T14:00:00Z,object-storage,Storage-API-Operations,us-east-1,0.0466,10k-requests,0.0002
2026-03-06T15:00:00Z,api-gateway,API-Requests,us-east-1,0.1245,10k-requests,0.0044
2026-03-06T15:00:00Z,api-gateway,Gateway-DataTransfer,us-east-1,0.2463,GB,0.0222
2026-03-06T15:00:00Z,order-api,Compute-Fargate,us-east-1,4.0,vCPU-hours,0.1619
2026-03-06T15:00:00Z,payment-service,Compute-Container,us-east-1,2.0,vCPU-hours,0.081
2026-03-06T15:00:00Z,recommendation-service,Compute-GPU-Instance,us-east-1,1.0,instance-hours,1.2
2026-03-06T15:00:00Z,postgres-db,Database-Instance,us-east-1,1.0,db.m5.xlarge-hours,0.34
2026-03-06T15:00:00Z,postgres-db,Provisioned-IOPS,us-east-1,3000.0,IOPS-hours,0.3
2026-03-06T15:00:00Z,redis-cache,Cache-Cluster,us-east-1,2.0,cache.m5.large-hours,0.26
2026-03-06T15:00:00Z,notification-service,Compute-Task,us-east-1,1.0,vCPU-hours,0.0405
2026-03-06T15:00:00Z,notification-service,Egress-DataTransfer,us-east-1,0.0225,GB-out,0.002
2026-03-06T15:00:00Z,object-storage,Standard-Storage,us-east-1,1203.09,GB-month-fraction,0.0379
2026-03-06T15:00:00Z,object-storage,Storage-API-Operations,us-east-1,0.0465,10k-requests,0.0002
2026-03-06T16:00:00Z,api-gateway,API-Requests,us-east-1,0.121,10k-requests,0.0042
2026-03-06T16:00:00Z,api-gateway,Gateway-DataTransfer,us-east-1,0.2439,GB,0.022
2026-03-06T16:00:00Z,order-api,Compute-Fargate,us-east-1,4.0,vCPU-hours,0.1619
2026-03-06T16:00:00Z,payment-service,Compute-Container,us-east-1,2.0,vCPU-hours,0.081
2026-03-06T16:00:00Z,recommendation-service,Compute-GPU-Instance,us-east-1,1.0,instance-hours,1.2
2026-03-06T16:00:00Z,postgres-db,Database-Instance,us-east-1,1.0,db.m5.xlarge-hours,0.34
2026-03-06T16:00:00Z,postgres-db,Provisioned-IOPS,us-east-1,3000.0,IOPS-hours,0.3
2026-03-06T16:00:00Z,redis-cache,Cache-Cluster,us-east-1,2.0,cache.m5.large-hours,0.26
2026-03-06T16:00:00Z,notification-service,Compute-Task,us-east-1,1.0,vCPU-hours,0.0405
2026-03-06T16:00:00Z,notification-service,Egress-DataTransfer,us-east-1,0.0227,GB-out,0.002
2026-03-06T16:00:00Z,object-storage,Standard-Storage,us-east-1,1189.03,GB-month-fraction,0.0375
2026-03-06T16:00:00Z,object-storage,Storage-API-Operations,us-east-1,0.0434,10k-requests,0.0002
2026-03-06T17:00:00Z,api-gateway,API-Requests,us-east-1,0.1133,10k-requests,0.004
2026-03-06T17:00:00Z,api-gateway,Gateway-DataTransfer,us-east-1,0.2289,GB,0.0206
2026-03-06T17:00:00Z,order-api,Compute-Fargate,us-east-1,4.0,vCPU-hours,0.1619
2026-03-06T17:00:00Z,payment-service,Compute-Container,us-east-1,2.0,vCPU-hours,0.081
2026-03-06T17:00:00Z,recommendation-service,Compute-GPU-Instance,us-east-1,1.0,instance-hours,1.2
2026-03-06T17:00:00Z,postgres-db,Database-Instance,us-east-1,1.0,db.m5.xlarge-hours,0.34
2026-03-06T17:00:00Z,postgres-db,Provisioned-IOPS,us-east-1,3000.0,IOPS-hours,0.3
2026-03-06T17:00:00Z,redis-cache,Cache-Cluster,us-east-1,2.0,cache.m5.large-hours,0.26
2026-03-06T17:00:00Z,notification-service,Compute-Task,us-east-1,1.0,vCPU-hours,0.0405
2026-03-06T17:00:00Z,notification-service,Egress-DataTransfer,us-east-1,0.021,GB-out,0.0019
2026-03-06T17:00:00Z,object-storage,Standard-Storage,us-east-1,1205.88,GB-month-fraction,0.038
2026-03-06T17:00:00Z,object-storage,Storage-API-Operations,us-east-1,0.0437,10k-requests,0.0002
2026-03-06T18:00:00Z,api-gateway,API-Requests,us-east-1,0.1075,10k-requests,0.0038
2026-03-06T18:00:00Z,api-gateway,Gateway-DataTransfer,us-east-1,0.2138,GB,0.0192
2026-03-06T18:00:00Z,order-api,Compute-Fargate,us-east-1,4.0,vCPU-hours,0.1619
2026-03-06T18:00:00Z,payment-service,Compute-Container,us-east-1,2.0,vCPU-hours,0.081
2026-03-06T18:00:00Z,recommendation-service,Compute-GPU-Instance,us-east-1,1.0,instance-hours,1.2
2026-03-06T18:00:00Z,postgres-db,Database-Instance,us-east-1,1.0,db.m5.xlarge-hours,0.34
2026-03-06T18:00:00Z,postgres-db,Provisioned-IOPS,us-east-1,3000.0,IOPS-hours,0.3
2026-03-06T18:00:00Z,redis-cache,Cache-Cluster,us-east-1,2.0,cache.m5.large-hours,0.26
2026-03-06T18:00:00Z,notification-service,Compute-Task,us-east-1,1.0,vCPU-hours,0.0405
2026-03-06T18:00:00Z,notification-service,Egress-DataTransfer,us-east-1,0.0204,GB-out,0.0018
2026-03-06T18:00:00Z,object-storage,Standard-Storage,us-east-1,1207.9,GB-month-fraction,0.0381
2026-03-06T18:00:00Z,object-storage,Storage-API-Operations,us-east-1,0.0402,10k-requests,0.0002
2026-03-06T19:00:00Z,api-gateway,API-Requests,us-east-1,0.0964,10k-requests,0.0034
2026-03-06T19:00:00Z,api-gateway,Gateway-DataTransfer,us-east-1,0.1947,GB,0.0175
2026-03-06T19:00:00Z,order-api,Compute-Fargate,us-east-1,4.0,vCPU-hours,0.1619
2026-03-06T19:00:00Z,payment-service,Compute-Container,us-east-1,2.0,vCPU-hours,0.081
2026-03-06T19:00:00Z,recommendation-service,Compute-GPU-Instance,us-east-1,1.0,instance-hours,1.2
2026-03-06T19:00:00Z,postgres-db,Database-Instance,us-east-1,1.0,db.m5.xlarge-hours,0.34
2026-03-06T19:00:00Z,postgres-db,Provisioned-IOPS,us-east-1,3000.0,IOPS-hours,0.3
2026-03-06T19:00:00Z,redis-cache,Cache-Cluster,us-east-1,2.0,cache.m5.large-hours,0.26
2026-03-06T19:00:00Z,notification-service,Compute-Task,us-east-1,1.0,vCPU-hours,0.0405
2026-03-06T19:00:00Z,notification-service,Egress-DataTransfer,us-east-1,0.0172,GB-out,0.0015
2026-03-06T19:00:00Z,object-storage,Standard-Storage,us-east-1,1192.75,GB-month-fraction,0.0376
2026-03-06T19:00:00Z,object-storage,Storage-API-Operations,us-east-1,0.0347,10k-requests,0.0002
2026-03-06T20:00:00Z,api-gateway,API-Requests,us-east-1,0.0899,10k-requests,0.0031
2026-03-06T20:00:00Z,api-gateway,Gateway-DataTransfer,us-east-1,0.184,GB,0.0166
2026-03-06T20:00:00Z,order-api,Compute-Fargate,us-east-1,4.0,vCPU-hours,0.1619
2026-03-06T20:00:00Z,payment-service,Compute-Container,us-east-1,2.0,vCPU-hours,0.081
2026-03-06T20:00:00Z,recommendation-service,Compute-GPU-Instance,us-east-1,1.0,instance-hours,1.2
2026-03-06T20:00:00Z,postgres-db,Database-Instance,us-east-1,1.0,db.m5.xlarge-hours,0.34
2026-03-06T20:00:00Z,postgres-db,Provisioned-IOPS,us-east-1,3000.0,IOPS-hours,0.3
2026-03-06T20:00:00Z,redis-cache,Cache-Cluster,us-east-1,2.0,cache.m5.large-hours,0.26
2026-03-06T20:00:00Z,notification-service,Compute-Task,us-east-1,1.0,vCPU-hours,0.0405
2026-03-06T20:00:00Z,notification-service,Egress-DataTransfer,us-east-1,0.0167,GB-out,0.0015
2026-03-06T20:00:00Z,object-storage,Standard-Storage,us-east-1,1196.24,GB-month-fraction,0.0377
2026-03-06T20:00:00Z,object-storage,Storage-API-Operations,us-east-1,0.0353,10k-requests,0.0002
2026-03-06T21:00:00Z,api-gateway,API-Requests,us-east-1,0.083,10k-requests,0.0029
2026-03-06T21:00:00Z,api-gateway,Gateway-DataTransfer,us-east-1,0.1692,GB,0.0152
2026-03-06T21:00:00Z,order-api,Compute-Fargate,us-east-1,4.0,vCPU-hours,0.1619
2026-03-06T21:00:00Z,payment-service,Compute-Container,us-east-1,2.0,vCPU-hours,0.081
2026-03-06T21:00:00Z,recommendation-service,Compute-GPU-Instance,us-east-1,1.0,instance-hours,1.2
2026-03-06T21:00:00Z,postgres-db,Database-Instance,us-east-1,1.0,db.m5.xlarge-hours,0.34
2026-03-06T21:00:00Z,postgres-db,Provisioned-IOPS,us-east-1,3000.0,IOPS-hours,0.3
2026-03-06T21:00:00Z,redis-cache,Cache-Cluster,us-east-1,2.0,cache.m5.large-hours,0.26
2026-03-06T21:00:00Z,notification-service,Compute-Task,us-east-1,1.0,vCPU-hours,0.0405
2026-03-06T21:00:00Z,notification-service,Egress-DataTransfer,us-east-1,0.0159,GB-out,0.0014
2026-03-06T21:00:00Z,object-storage,Standard-Storage,us-east-1,1209.7,GB-month-fraction,0.0381
2026-03-06T21:00:00Z,object-storage,Storage-API-Operations,us-east-1,0.0318,10k-requests,0.0002
2026-03-06T22:00:00Z,api-gateway,API-Requests,us-east-1,0.0741,10k-requests,0.0026
2026-03-06T22:00:00Z,api-gateway,Gateway-DataTransfer,us-east-1,0.1497,GB,0.0135
2026-03-06T22:00:00Z,order-api,Compute-Fargate,us-east-1,4.0,vCPU-hours,0.1619
2026-03-06T22:00:00Z,payment-service,Compute-Container,us-east-1,2.0,vCPU-hours,0.081
2026-03-06T22:00:00Z,recommendation-service,Compute-GPU-Instance,us-east-1,1.0,instance-hours,1.2
2026-03-06T22:00:00Z,postgres-db,Database-Instance,us-east-1,1.0,db.m5.xlarge-hours,0.34
2026-03-06T22:00:00Z,postgres-db,Provisioned-IOPS,us-east-1,3000.0,IOPS-hours,0.3
2026-03-06T22:00:00Z,redis-cache,Cache-Cluster,us-east-1,2.0,cache.m5.large-hours,0.26
2026-03-06T22:00:00Z,notification-service,Compute-Task,us-east-1,1.0,vCPU-hours,0.0405
2026-03-06T22:00:00Z,notification-service,Egress-DataTransfer,us-east-1,0.0145,GB-out,0.0013
2026-03-06T22:00:00Z,object-storage,Standard-Storage,us-east-1,1213.34,GB-month-fraction,0.0382
2026-03-06T22:00:00Z,object-storage,Storage-API-Operations,us-east-1,0.0274,10k-requests,0.0001
2026-03-06T23:00:00Z,api-gateway,API-Requests,us-east-1,0.0638,10k-requests,0.0022
2026-03-06T23:00:00Z,api-gateway,Gateway-DataTransfer,us-east-1,0.1296,GB,0.0117
2026-03-06T23:00:00Z,order-api,Compute-Fargate,us-east-1,4.0,vCPU-hours,0.1619
2026-03-06T23:00:00Z,payment-service,Compute-Container,us-east-1,2.0,vCPU-hours,0.081
2026-03-06T23:00:00Z,recommendation-service,Compute-GPU-Instance,us-east-1,1.0,instance-hours,1.2
2026-03-06T23:00:00Z,postgres-db,Database-Instance,us-east-1,1.0,db.m5.xlarge-hours,0.34
2026-03-06T23:00:00Z,postgres-db,Provisioned-IOPS,us-east-1,3000.0,IOPS-hours,0.3
2026-03-06T23:00:00Z,redis-cache,Cache-Cluster,us-east-1,2.0,cache.m5.large-hours,0.26
2026-03-06T23:00:00Z,notification-service,Compute-Task,us-east-1,1.0,vCPU-hours,0.0405
2026-03-06T23:00:00Z,notification-service,Egress-DataTransfer,us-east-1,0.0126,GB-out,0.0011
2026-03-06T23:00:00Z,object-storage,Standard-Storage,us-east-1,1205.53,GB-month-fraction,0.038
2026-03-06T23:00:00Z,object-storage,Storage-API-Operations,us-east-1,0.0224,10k-requests,0.0001
2026-03-07T00:00:00Z,api-gateway,API-Requests,us-east-1,0.0608,10k-requests,0.0021
2026-03-07T00:00:00Z,api-gateway,Gateway-DataTransfer,us-east-1,0.1233,GB,0.0111
2026-03-07T00:00:00Z,order-api,Compute-Fargate,us-east-1,4.0,vCPU-hours,0.1619
2026-03-07T00:00:00Z,payment-service,Compute-Container,us-east-1,2.0,vCPU-hours,0.081
2026-03-07T00:00:00Z,recommendation-service,Compute-GPU-Instance,us-east-1,1.0,instance-hours,1.2
2026-03-07T00:00:00Z,postgres-db,Database-Instance,us-east-1,1.0,db.m5.xlarge-hours,0.34
2026-03-07T00:00:00Z,postgres-db,Provisioned-IOPS,us-east-1,3000.0,IOPS-hours,0.3
2026-03-07T00:00:00Z,redis-cache,Cache-Cluster,us-east-1,2.0,cache.m5.large-hours,0.26
2026-03-07T00:00:00Z,notification-service,Compute-Task,us-east-1,1.0,vCPU-hours,0.0405
2026-03-07T00:00:00Z,notification-service,Egress-DataTransfer,us-east-1,0.0116,GB-out,0.001
2026-03-07T00:00:00Z,object-storage,Standard-Storage,us-east-1,1193.49,GB-month-fraction,0.0376
2026-03-07T00:00:00Z,object-storage,Storage-API-Operations,us-east-1,0.0231,10k-requests,0.0001
2026-03-07T01:00:00Z,api-gateway,API-Requests,us-east-1,0.0533,10k-requests,0.0019
2026-03-07T01:00:00Z,api-gateway,Gateway-DataTransfer,us-east-1,0.1068,GB,0.0096
2026-03-07T01:00:00Z,order-api,Compute-Fargate,us-east-1,4.0,vCPU-hours,0.1619
2026-03-07T01:00:00Z,payment-service,Compute-Container,us-east-1,2.0,vCPU-hours,0.081
2026-03-07T01:00:00Z,recommendation-service,Compute-GPU-Instance,us-east-1,1.0,instance-hours,1.2
2026-03-07T01:00:00Z,postgres-db,Database-Instance,us-east-1,1.0,db.m5.xlarge-hours,0.34
2026-03-07T01:00:00Z,postgres-db,Provisioned-IOPS,us-east-1,3000.0,IOPS-hours,0.3
2026-03-07T01:00:00Z,redis-cache,Cache-Cluster,us-east-1,2.0,cache.m5.large-hours,0.26
2026-03-07T01:00:00Z,notification-service,Compute-Task,us-east-1,1.0,vCPU-hours,0.0405
2026-03-07T01:00:00Z,notification-service,Egress-DataTransfer,us-east-1,0.0105,GB-out,0.0009
2026-03-07T01:00:00Z,object-storage,Standard-Storage,us-east-1,1208.05,GB-month-fraction,0.0381
2026-03-07T01:00:00Z,object-storage,Storage-API-Operations,us-east-1,0.0183,10k-requests,0.0001
2026-03-07T02:00:00Z,api-gateway,API-Requests,us-east-1,0.0546,10k-requests,0.0019
2026-03-07T02:00:00Z,api-gateway,Gateway-DataTransfer,us-east-1,0.1079,GB,0.0097
2026-03-07T02:00:00Z,order-api,Compute-Fargate,us-east-1,4.0,vCPU-hours,0.1619
2026-03-07T02:00:00Z,payment-service,Compute-Container,us-east-1,2.0,vCPU-hours,0.081
2026-03-07T02:00:00Z,recommendation-service,Compute-GPU-Instance,us-east-1,1.0,instance-hours,1.2
2026-03-07T02:00:00Z,postgres-db,Database-Instance,us-east-1,1.0,db.m5.xlarge-hours,0.34
2026-03-07T02:00:00Z,postgres-db,Provisioned-IOPS,us-east-1,3000.0,IOPS-hours,0.3
2026-03-07T02:00:00Z,redis-cache,Cache-Cluster,us-east-1,2.0,cache.m5.large-hours,0.26
2026-03-07T02:00:00Z,notification-service,Compute-Task,us-east-1,1.0,vCPU-hours,0.0405
2026-03-07T02:00:00Z,notification-service,Egress-DataTransfer,us-east-1,0.0102,GB-out,0.0009
2026-03-07T02:00:00Z,object-storage,Standard-Storage,us-east-1,1188.62,GB-month-fraction,0.0374
2026-03-07T02:00:00Z,object-storage,Storage-API-Operations,us-east-1,0.0196,10k-requests,0.0001
2026-03-07T03:00:00Z,api-gateway,API-Requests,us-east-1,0.0534,10k-requests,0.0019
2026-03-07T03:00:00Z,api-gateway,Gateway-DataTransfer,us-east-1,0.1046,GB,0.0094
2026-03-07T03:00:00Z,order-api,Compute-Fargate,us-east-1,4.0,vCPU-hours,0.1619
2026-03-07T03:00:00Z,payment-service,Compute-Container,us-east-1,2.0,vCPU-hours,0.081
2026-03-07T03:00:00Z,recommendation-service,Compute-GPU-Instance,us-east-1,1.0,instance-hours,1.2
2026-03-07T03:00:00Z,postgres-db,Database-Instance,us-east-1,1.0,db.m5.xlarge-hours,0.34
2026-03-07T03:00:00Z,postgres-db,Provisioned-IOPS,us-east-1,3000.0,IOPS-hours,0.3
2026-03-07T03:00:00Z,redis-cache,Cache-Cluster,us-east-1,2.0,cache.m5.large-hours,0.26
2026-03-07T03:00:00Z,notification-service,Compute-Task,us-east-1,1.0,vCPU-hours,0.0405
2026-03-07T03:00:00Z,notification-service,Egress-DataTransfer,us-east-1,0.0102,GB-out,0.0009
2026-03-07T03:00:00Z,object-storage,Standard-Storage,us-east-1,1204.83,GB-month-fraction,0.038
2026-03-07T03:00:00Z,object-storage,Storage-API-Operations,us-east-1,0.0219,10k-requests,0.0001
2026-03-07T04:00:00Z,api-gateway,API-Requests,us-east-1,0.057,10k-requests,0.002
2026-03-07T04:00:00Z,api-gateway,Gateway-DataTransfer,us-east-1,0.1138,GB,0.0102
2026-03-07T04:00:00Z,order-api,Compute-Fargate,us-east-1,4.0,vCPU-hours,0.1619
2026-03-07T04:00:00Z,payment-service,Compute-Container,us-east-1,2.0,vCPU-hours,0.081
2026-03-07T04:00:00Z,recommendation-service,Compute-GPU-Instance,us-east-1,1.0,instance-hours,1.2
2026-03-07T04:00:00Z,postgres-db,Database-Instance,us-east-1,1.0,db.m5.xlarge-hours,0.34
2026-03-07T04:00:00Z,postgres-db,Provisioned-IOPS,us-east-1,3000.0,IOPS-hours,0.3
2026-03-07T04:00:00Z,redis-cache,Cache-Cluster,us-east-1,2.0,cache.m5.large-hours,0.26
2026-03-07T04:00:00Z,notification-service,Compute-Task,us-east-1,1.0,vCPU-hours,0.0405
2026-03-07T04:00:00Z,notification-service,Egress-DataTransfer,us-east-1,0.011,GB-out,0.001
2026-03-07T04:00:00Z,object-storage,Standard-Storage,us-east-1,1185.42,GB-month-fraction,0.0373
2026-03-07T04:00:00Z,object-storage,Storage-API-Operations,us-east-1,0.0217,10k-requests,0.0001
2026-03-07T05:00:00Z,api-gateway,API-Requests,us-east-1,0.0646,10k-requests,0.0023
2026-03-07T05:00:00Z,api-gateway,Gateway-DataTransfer,us-east-1,0.1292,GB,0.0116
2026-03-07T05:00:00Z,order-api,Compute-Fargate,us-east-1,4.0,vCPU-hours,0.1619
2026-03-07T05:00:00Z,payment-service,Compute-Container,us-east-1,2.0,vCPU-hours,0.081
2026-03-07T05:00:00Z,recommendation-service,Compute-GPU-Instance,us-east-1,1.0,instance-hours,1.2
2026-03-07T05:00:00Z,postgres-db,Database-Instance,us-east-1,1.0,db.m5.xlarge-hours,0.34
2026-03-07T05:00:00Z,postgres-db,Provisioned-IOPS,us-east-1,3000.0,IOPS-hours,0.3
2026-03-07T05:00:00Z,redis-cache,Cache-Cluster,us-east-1,2.0,cache.m5.large-hours,0.26
2026-03-07T05:00:00Z,notification-service,Compute-Task,us-east-1,1.0,vCPU-hours,0.0405
2026-03-07T05:00:00Z,notification-service,Egress-DataTransfer,us-east-1,0.0121,GB-out,0.0011
2026-03-07T05:00:00Z,object-storage,Standard-Storage,us-east-1,1197.66,GB-month-fraction,0.0377
2026-03-07T05:00:00Z,object-storage,Storage-API-Operations,us-east-1,0.0226,10k-requests,0.0001
2026-03-07T06:00:00Z,api-gateway,API-Requests,us-east-1,0.0692,10k-requests,0.0024
2026-03-07T06:00:00Z,api-gateway,Gateway-DataTransfer,us-east-1,0.1342,GB,0.0121
2026-03-07T06:00:00Z,order-api,Compute-Fargate,us-east-1,4.0,vCPU-hours,0.1619
2026-03-07T06:00:00Z,payment-service,Compute-Container,us-east-1,2.0,vCPU-hours,0.081
2026-03-07T06:00:00Z,recommendation-service,Compute-GPU-Instance,us-east-1,1.0,instance-hours,1.2
2026-03-07T06:00:00Z,postgres-db,Database-Instance,us-east-1,1.0,db.m5.xlarge-hours,0.34
2026-03-07T06:00:00Z,postgres-db,Provisioned-IOPS,us-east-1,3000.0,IOPS-hours,0.3
2026-03-07T06:00:00Z,redis-cache,Cache-Cluster,us-east-1,2.0,cache.m5.large-hours,0.26
2026-03-07T06:00:00Z,notification-service,Compute-Task,us-east-1,1.0,vCPU-hours,0.0405
2026-03-07T06:00:00Z,notification-service,Egress-DataTransfer,us-east-1,0.0121,GB-out,0.0011
2026-03-07T06:00:00Z,object-storage,Standard-Storage,us-east-1,1211.43,GB-month-fraction,0.0382
2026-03-07T06:00:00Z,object-storage,Storage-API-Operations,us-east-1,0.0251,10k-requests,0.0001
2026-03-07T07:00:00Z,api-gateway,API-Requests,us-east-1,0.0796,10k-requests,0.0028
2026-03-07T07:00:00Z,api-gateway,Gateway-DataTransfer,us-east-1,0.1602,GB,0.0144
2026-03-07T07:00:00Z,order-api,Compute-Fargate,us-east-1,4.0,vCPU-hours,0.1619
2026-03-07T07:00:00Z,payment-service,Compute-Container,us-east-1,2.0,vCPU-hours,0.081
2026-03-07T07:00:00Z,recommendation-service,Compute-GPU-Instance,us-east-1,1.0,instance-hours,1.2
2026-03-07T07:00:00Z,postgres-db,Database-Instance,us-east-1,1.0,db.m5.xlarge-hours,0.34
2026-03-07T07:00:00Z,postgres-db,Provisioned-IOPS,us-east-1,3000.0,IOPS-hours,0.3
2026-03-07T07:00:00Z,redis-cache,Cache-Cluster,us-east-1,2.0,cache.m5.large-hours,0.26
2026-03-07T07:00:00Z,notification-service,Compute-Task,us-east-1,1.0,vCPU-hours,0.0405
2026-03-07T07:00:00Z,notification-service,Egress-DataTransfer,us-east-1,0.0152,GB-out,0.0014
2026-03-07T07:00:00Z,object-storage,Standard-Storage,us-east-1,1189.13,GB-month-fraction,0.0375
2026-03-07T07:00:00Z,object-storage,Storage-API-Operations,us-east-1,0.0314,10k-requests,0.0002
2026-03-07T08:00:00Z,api-gateway,API-Requests,us-east-1,0.0885,10k-requests,0.0031
2026-03-07T08:00:00Z,api-gateway,Gateway-DataTransfer,us-east-1,0.1759,GB,0.0158
2026-03-07T08:00:00Z,order-api,Compute-Fargate,us-east-1,4.0,vCPU-hours,0.1619
2026-03-07T08:00:00Z,payment-service,Compute-Container,us-east-1,2.0,vCPU-hours,0.081
2026-03-07T08:00:00Z,recommendation-service,Compute-GPU-Instance,us-east-1,1.0,instance-hours,1.2
2026-03-07T08:00:00Z,postgres-db,Database-Instance,us-east-1,1.0,db.m5.xlarge-hours,0.34
2026-03-07T08:00:00Z,postgres-db,Provisioned-IOPS,us-east-1,3000.0,IOPS-hours,0.3
2026-03-07T08:00:00Z,redis-cache,Cache-Cluster,us-east-1,2.0,cache.m5.large-hours,0.26
2026-03-07T08:00:00Z,notification-service,Compute-Task,us-east-1,1.0,vCPU-hours,0.0405
2026-03-07T08:00:00Z,notification-service,Egress-DataTransfer,us-east-1,0.0165,GB-out,0.0015
2026-03-07T08:00:00Z,object-storage,Standard-Storage,us-east-1,1197.06,GB-month-fraction,0.0377
2026-03-07T08:00:00Z,object-storage,Storage-API-Operations,us-east-1,0.0342,10k-requests,0.0002
2026-03-07T09:00:00Z,api-gateway,API-Requests,us-east-1,0.1003,10k-requests,0.0035
2026-03-07T09:00:00Z,api-gateway,Gateway-DataTransfer,us-east-1,0.2014,GB,0.0181
2026-03-07T09:00:00Z,order-api,Compute-Fargate,us-east-1,4.0,vCPU-hours,0.1619
2026-03-07T09:00:00Z,payment-service,Compute-Container,us-east-1,2.0,vCPU-hours,0.081
2026-03-07T09:00:00Z,recommendation-service,Compute-GPU-Instance,us-east-1,1.0,instance-hours,1.2
2026-03-07T09:00:00Z,postgres-db,Database-Instance,us-east-1,1.0,db.m5.xlarge-hours,0.34
2026-03-07T09:00:00Z,postgres-db,Provisioned-IOPS,us-east-1,3000.0,IOPS-hours,0.3
2026-03-07T09:00:00Z,redis-cache,Cache-Cluster,us-east-1,2.0,cache.m5.large-hours,0.26
2026-03-07T09:00:00Z,notification-service,Compute-Task,us-east-1,1.0,vCPU-hours,0.0405
2026-03-07T09:00:00Z,notification-service,Egress-DataTransfer,us-east-1,0.0195,GB-out,0.0018
2026-03-07T09:00:00Z,object-storage,Standard-Storage,us-east-1,1195.63,GB-month-fraction,0.0377
2026-03-07T09:00:00Z,object-storage,Storage-API-Operations,us-east-1,0.0376,10k-requests,0.0002
2026-03-07T10:00:00Z,api-gateway,API-Requests,us-east-1,0.1117,10k-requests,0.0039
2026-03-07T10:00:00Z,api-gateway,Gateway-DataTransfer,us-east-1,0.2223,GB,0.02
2026-03-07T10:00:00Z,order-api,Compute-Fargate,us-east-1,4.0,vCPU-hours,0.1619
2026-03-07T10:00:00Z,payment-service,Compute-Container,us-east-1,2.0,vCPU-hours,0.081
2026-03-07T10:00:00Z,recommendation-service,Compute-GPU-Instance,us-east-1,1.0,instance-hours,1.2
2026-03-07T10:00:00Z,postgres-db,Database-Instance,us-east-1,1.0,db.m5.xlarge-hours,0.34
2026-03-07T10:00:00Z,postgres-db,Provisioned-IOPS,us-east-1,3000.0,IOPS-hours,0.3
2026-03-07T10:00:00Z,redis-cache,Cache-Cluster,us-east-1,2.0,cache.m5.large-hours,0.26
2026-03-07T10:00:00Z,notification-service,Compute-Task,us-east-1,1.0,vCPU-hours,0.0405
2026-03-07T10:00:00Z,notification-service,Egress-DataTransfer,us-east-1,0.0205,GB-out,0.0018
2026-03-07T10:00:00Z,object-storage,Standard-Storage,us-east-1,1199.69,GB-month-fraction,0.0378
2026-03-07T10:00:00Z,object-storage,Storage-API-Operations,us-east-1,0.0415,10k-requests,0.0002
2026-03-07T11:00:00Z,api-gateway,API-Requests,us-east-1,0.1174,10k-requests,0.0041
2026-03-07T11:00:00Z,api-gateway,Gateway-DataTransfer,us-east-1,0.237,GB,0.0213
2026-03-07T11:00:00Z,order-api,Compute-Fargate,us-east-1,4.0,vCPU-hours,0.1619
2026-03-07T11:00:00Z,payment-service,Compute-Container,us-east-1,2.0,vCPU-hours,0.081
2026-03-07T11:00:00Z,recommendation-service,Compute-GPU-Instance,us-east-1,1.0,instance-hours,1.2
2026-03-07T11:00:00Z,postgres-db,Database-Instance,us-east-1,1.0,db.m5.xlarge-hours,0.34
2026-03-07T11:00:00Z,postgres-db,Provisioned-IOPS,us-east-1,3000.0,IOPS-hours,0.3
2026-03-07T11:00:00Z,redis-cache,Cache-Cluster,us-east-1,2.0,cache.m5.large-hours,0.26
2026-03-07T11:00:00Z,notification-service,Compute-Task,us-east-1,1.0,vCPU-hours,0.0405
2026-03-07T11:00:00Z,notification-service,Egress-DataTransfer,us-east-1,1.7233,GB-out,14.6484
2026-03-07T11:00:00Z,object-storage,Standard-Storage,us-east-1,1203.17,GB-month-fraction,0.0379
2026-03-07T11:00:00Z,object-storage,Storage-API-Operations,us-east-1,0.223,10k-requests,0.0011
2026-03-07T11:00:00Z,object-storage,Storage-Egress,us-east-1,1.7587,GB-out,11.4315
2026-03-07T12:00:00Z,api-gateway,API-Requests,us-east-1,0.1167,10k-requests,0.0041
2026-03-07T12:00:00Z,api-gateway,Gateway-DataTransfer,us-east-1,0.2315,GB,0.0208
2026-03-07T12:00:00Z,order-api,Compute-Fargate,us-east-1,4.0,vCPU-hours,0.1619
2026-03-07T12:00:00Z,payment-service,Compute-Container,us-east-1,2.0,vCPU-hours,0.081
2026-03-07T12:00:00Z,recommendation-service,Compute-GPU-Instance,us-east-1,1.0,instance-hours,1.2
2026-03-07T12:00:00Z,postgres-db,Database-Instance,us-east-1,1.0,db.m5.xlarge-hours,0.34
2026-03-07T12:00:00Z,postgres-db,Provisioned-IOPS,us-east-1,3000.0,IOPS-hours,0.3
2026-03-07T12:00:00Z,redis-cache,Cache-Cluster,us-east-1,2.0,cache.m5.large-hours,0.26
2026-03-07T12:00:00Z,notification-service,Compute-Task,us-east-1,1.0,vCPU-hours,0.0405
2026-03-07T12:00:00Z,notification-service,Egress-DataTransfer,us-east-1,1.5752,GB-out,13.3892
2026-03-07T12:00:00Z,object-storage,Standard-Storage,us-east-1,1210.86,GB-month-fraction,0.0382
2026-03-07T12:00:00Z,object-storage,Storage-API-Operations,us-east-1,0.2227,10k-requests,0.0011
2026-03-07T12:00:00Z,object-storage,Storage-Egress,us-east-1,1.8333,GB-out,11.9168
2026-03-07T13:00:00Z,api-gateway,API-Requests,us-east-1,0.1276,10k-requests,0.0045
2026-03-07T13:00:00Z,api-gateway,Gateway-DataTransfer,us-east-1,0.2565,GB,0.0231
2026-03-07T13:00:00Z,order-api,Compute-Fargate,us-east-1,4.0,vCPU-hours,0.1619
2026-03-07T13:00:00Z,payment-service,Compute-Container,us-east-1,2.0,vCPU-hours,0.081
2026-03-07T13:00:00Z,recommendation-service,Compute-GPU-Instance,us-east-1,1.0,instance-hours,1.2
2026-03-07T13:00:00Z,postgres-db,Database-Instance,us-east-1,1.0,db.m5.xlarge-hours,0.34
2026-03-07T13:00:00Z,postgres-db,Provisioned-IOPS,us-east-1,3000.0,IOPS-hours,0.3
2026-03-07T13:00:00Z,redis-cache,Cache-Cluster,us-east-1,2.0,cache.m5.large-hours,0.26
2026-03-07T13:00:00Z,notification-service,Compute-Task,us-east-1,1.0,vCPU-hours,0.0405
2026-03-07T13:00:00Z,notification-service,Egress-DataTransfer,us-east-1,1.6545,GB-out,14.063
2026-03-07T13:00:00Z,object-storage,Standard-Storage,us-east-1,1194.14,GB-month-fraction,0.0376
2026-03-07T13:00:00Z,object-storage,Storage-API-Operations,us-east-1,0.2296,10k-requests,0.0011
2026-03-07T13:00:00Z,object-storage,Storage-Egress,us-east-1,1.7836,GB-out,11.5931
2026-03-07T14:00:00Z,api-gateway,API-Requests,us-east-1,0.1234,10k-requests,0.0043
2026-03-07T14:00:00Z,api-gateway,Gateway-DataTransfer,us-east-1,0.2487,GB,0.0224
2026-03-07T14:00:00Z,order-api,Compute-Fargate,us-east-1,4.0,vCPU-hours,0.1619
2026-03-07T14:00:00Z,payment-service,Compute-Container,us-east-1,2.0,vCPU-hours,0.081
2026-03-07T14:00:00Z,recommendation-service,Compute-GPU-Instance,us-east-1,1.0,instance-hours,1.2
2026-03-07T14:00:00Z,postgres-db,Database-Instance,us-east-1,1.0,db.m5.xlarge-hours,0.34
2026-03-07T14:00:00Z,postgres-db,Provisioned-IOPS,us-east-1,3000.0,IOPS-hours,0.3
2026-03-07T14:00:00Z,redis-cache,Cache-Cluster,us-east-1,2.0,cache.m5.large-hours,0.26
2026-03-07T14:00:00Z,notification-service,Compute-Task,us-east-1,1.0,vCPU-hours,0.0405
2026-03-07T14:00:00Z,notification-service,Egress-DataTransfer,us-east-1,1.5558,GB-out,13.2242
2026-03-07T14:00:00Z,object-storage,Standard-Storage,us-east-1,1214.49,GB-month-fraction,0.0383
2026-03-07T14:00:00Z,object-storage,Storage-API-Operations,us-east-1,0.2246,10k-requests,0.0011
2026-03-07T14:00:00Z,object-storage,Storage-Egress,us-east-1,1.7397,GB-out,11.3083
2026-03-07T15:00:00Z,api-gateway,API-Requests,us-east-1,0.1225,10k-requests,0.0043
2026-03-07T15:00:00Z,api-gateway,Gateway-DataTransfer,us-east-1,0.247,GB,0.0222
2026-03-07T15:00:00Z,order-api,Compute-Fargate,us-east-1,4.0,vCPU-hours,0.1619
2026-03-07T15:00:00Z,payment-service,Compute-Container,us-east-1,2.0,vCPU-hours,0.081
2026-03-07T15:00:00Z,recommendation-service,Compute-GPU-Instance,us-east-1,1.0,instance-hours,1.2
2026-03-07T15:00:00Z,postgres-db,Database-Instance,us-east-1,1.0,db.m5.xlarge-hours,0.34
2026-03-07T15:00:00Z,postgres-db,Provisioned-IOPS,us-east-1,3000.0,IOPS-hours,0.3
2026-03-07T15:00:00Z,redis-cache,Cache-Cluster,us-east-1,2.0,cache.m5.large-hours,0.26
2026-03-07T15:00:00Z,notification-service,Compute-Task,us-east-1,1.0,vCPU-hours,0.0405
2026-03-07T15:00:00Z,notification-service,Egress-DataTransfer,us-east-1,1.6817,GB-out,14.2945
2026-03-07T15:00:00Z,object-storage,Standard-Storage,us-east-1,1212.14,GB-month-fraction,0.0382
2026-03-07T15:00:00Z,object-storage,Storage-API-Operations,us-east-1,0.2258,10k-requests,0.0011
2026-03-07T15:00:00Z,object-storage,Storage-Egress,us-east-1,1.7676,GB-out,11.4894
2026-03-07T16:00:00Z,api-gateway,API-Requests,us-east-1,0.1206,10k-requests,0.0042
2026-03-07T16:00:00Z,api-gateway,Gateway-DataTransfer,us-east-1,0.2452,GB,0.0221
2026-03-07T16:00:00Z,order-api,Compute-Fargate,us-east-1,4.0,vCPU-hours,0.1619
2026-03-07T16:00:00Z,payment-service,Compute-Container,us-east-1,2.0,vCPU-hours,0.081
2026-03-07T16:00:00Z,recommendation-service,Compute-GPU-Instance,us-east-1,1.0,instance-hours,1.2
2026-03-07T16:00:00Z,postgres-db,Database-Instance,us-east-1,1.0,db.m5.xlarge-hours,0.34
2026-03-07T16:00:00Z,postgres-db,Provisioned-IOPS,us-east-1,3000.0,IOPS-hours,0.3
2026-03-07T16:00:00Z,redis-cache,Cache-Cluster,us-east-1,2.0,cache.m5.large-hours,0.26
2026-03-07T16:00:00Z,notification-service,Compute-Task,us-east-1,1.0,vCPU-hours,0.0405
2026-03-07T16:00:00Z,notification-service,Egress-DataTransfer,us-east-1,1.4658,GB-out,12.4596
2026-03-07T16:00:00Z,object-storage,Standard-Storage,us-east-1,1185.15,GB-month-fraction,0.0373
2026-03-07T16:00:00Z,object-storage,Storage-API-Operations,us-east-1,0.2269,10k-requests,0.0011
2026-03-07T16:00:00Z,object-storage,Storage-Egress,us-east-1,1.8356,GB-out,11.9312
2026-03-07T17:00:00Z,api-gateway,API-Requests,us-east-1,0.1135,10k-requests,0.004
2026-03-07T17:00:00Z,api-gateway,Gateway-DataTransfer,us-east-1,0.225,GB,0.0203
2026-03-07T17:00:00Z,order-api,Compute-Fargate,us-east-1,4.0,vCPU-hours,0.1619
2026-03-07T17:00:00Z,payment-service,Compute-Container,us-east-1,2.0,vCPU-hours,0.081
2026-03-07T17:00:00Z,recommendation-service,Compute-GPU-Instance,us-east-1,1.0,instance-hours,1.2
2026-03-07T17:00:00Z,postgres-db,Database-Instance,us-east-1,1.0,db.m5.xlarge-hours,0.34
2026-03-07T17:00:00Z,postgres-db,Provisioned-IOPS,us-east-1,3000.0,IOPS-hours,0.3
2026-03-07T17:00:00Z,redis-cache,Cache-Cluster,us-east-1,2.0,cache.m5.large-hours,0.26
2026-03-07T17:00:00Z,notification-service,Compute-Task,us-east-1,1.0,vCPU-hours,0.0405
2026-03-07T17:00:00Z,notification-service,Egress-DataTransfer,us-east-1,1.4736,GB-out,12.5255
2026-03-07T17:00:00Z,object-storage,Standard-Storage,us-east-1,1196.44,GB-month-fraction,0.0377
2026-03-07T17:00:00Z,object-storage,Storage-API-Operations,us-east-1,0.2218,10k-requests,0.0011
2026-03-07T17:00:00Z,object-storage,Storage-Egress,us-east-1,1.5905,GB-out,10.3382
2026-03-07T18:00:00Z,api-gateway,API-Requests,us-east-1,0.108,10k-requests,0.0038
2026-03-07T18:00:00Z,api-gateway,Gateway-DataTransfer,us-east-1,0.2195,GB,0.0198
2026-03-07T18:00:00Z,order-api,Compute-Fargate,us-east-1,4.0,vCPU-hours,0.1619
2026-03-07T18:00:00Z,payment-service,Compute-Container,us-east-1,2.0,vCPU-hours,0.081
2026-03-07T18:00:00Z,recommendation-service,Compute-GPU-Instance,us-east-1,1.0,instance-hours,1.2
2026-03-07T18:00:00Z,postgres-db,Database-Instance,us-east-1,1.0,db.m5.xlarge-hours,0.34
2026-03-07T18:00:00Z,postgres-db,Provisioned-IOPS,us-east-1,3000.0,IOPS-hours,0.3
2026-03-07T18:00:00Z,redis-cache,Cache-Cluster,us-east-1,2.0,cache.m5.large-hours,0.26
2026-03-07T18:00:00Z,notification-service,Compute-Task,us-east-1,1.0,vCPU-hours,0.0405
2026-03-07T18:00:00Z,notification-service,Egress-DataTransfer,us-east-1,1.5295,GB-out,13.0009
2026-03-07T18:00:00Z,object-storage,Standard-Storage,us-east-1,1210.06,GB-month-fraction,0.0381
2026-03-07T18:00:00Z,object-storage,Storage-API-Operations,us-east-1,0.2193,10k-requests,0.0011
2026-03-07T18:00:00Z,object-storage,Storage-Egress,us-east-1,1.6475,GB-out,10.7089
2026-03-07T19:00:00Z,api-gateway,API-Requests,us-east-1,0.1023,10k-requests,0.0036
2026-03-07T19:00:00Z,api-gateway,Gateway-DataTransfer,us-east-1,0.2085,GB,0.0188
2026-03-07T19:00:00Z,order-api,Compute-Fargate,us-east-1,4.0,vCPU-hours,0.1619
2026-03-07T19:00:00Z,payment-service,Compute-Container,us-east-1,2.0,vCPU-hours,0.081
2026-03-07T19:00:00Z,recommendation-service,Compute-GPU-Instance,us-east-1,1.0,instance-hours,1.2
2026-03-07T19:00:00Z,postgres-db,Database-Instance,us-east-1,1.0,db.m5.xlarge-hours,0.34
2026-03-07T19:00:00Z,postgres-db,Provisioned-IOPS,us-east-1,3000.0,IOPS-hours,0.3
2026-03-07T19:00:00Z,redis-cache,Cache-Cluster,us-east-1,2.0,cache.m5.large-hours,0.26
2026-03-07T19:00:00Z,notification-service,Compute-Task,us-east-1,1.0,vCPU-hours,0.0405
2026-03-07T19:00:00Z,notification-service,Egress-DataTransfer,us-east-1,1.4368,GB-out,12.2129
2026-03-07T19:00:00Z,object-storage,Standard-Storage,us-east-1,1206.57,GB-month-fraction,0.038
2026-03-07T19:00:00Z,object-storage,Storage-API-Operations,us-east-1,0.2195,10k-requests,0.0011
2026-03-07T19:00:00Z,object-storage,Storage-Egress,us-east-1,1.6022,GB-out,10.4146
2026-03-07T20:00:00Z,api-gateway,API-Requests,us-east-1,0.0897,10k-requests,0.0031
2026-03-07T20:00:00Z,api-gateway,Gateway-DataTransfer,us-east-1,0.1796,GB,0.0162
2026-03-07T20:00:00Z,order-api,Compute-Fargate,us-east-1,4.0,vCPU-hours,0.1619
2026-03-07T20:00:00Z,payment-service,Compute-Container,us-east-1,2.0,vCPU-hours,0.081
2026-03-07T20:00:00Z,recommendation-service,Compute-GPU-Instance,us-east-1,1.0,instance-hours,1.2
2026-03-07T20:00:00Z,postgres-db,Database-Instance,us-east-1,1.0,db.m5.xlarge-hours,0.34
2026-03-07T20:00:00Z,postgres-db,Provisioned-IOPS,us-east-1,3000.0,IOPS-hours,0.3
2026-03-07T20:00:00Z,redis-cache,Cache-Cluster,us-east-1,2.0,cache.m5.large-hours,0.26
2026-03-07T20:00:00Z,notification-service,Compute-Task,us-east-1,1.0,vCPU-hours,0.0405
2026-03-07T20:00:00Z,notification-service,Egress-DataTransfer,us-east-1,1.7303,GB-out,14.7073
2026-03-07T20:00:00Z,object-storage,Standard-Storage,us-east-1,1204.91,GB-month-fraction,0.038
2026-03-07T20:00:00Z,object-storage,Storage-API-Operations,us-east-1,0.2129,10k-requests,0.0011
2026-03-07T20:00:00Z,object-storage,Storage-Egress,us-east-1,1.6027,GB-out,10.4178
2026-03-07T21:00:00Z,api-gateway,API-Requests,us-east-1,0.0828,10k-requests,0.0029
2026-03-07T21:00:00Z,api-gateway,Gateway-DataTransfer,us-east-1,0.1614,GB,0.0145
2026-03-07T21:00:00Z,order-api,Compute-Fargate,us-east-1,4.0,vCPU-hours,0.1619
2026-03-07T21:00:00Z,payment-service,Compute-Container,us-east-1,2.0,vCPU-hours,0.081
2026-03-07T21:00:00Z,recommendation-service,Compute-GPU-Instance,us-east-1,1.0,instance-hours,1.2
2026-03-07T21:00:00Z,postgres-db,Database-Instance,us-east-1,1.0,db.m5.xlarge-hours,0.34
2026-03-07T21:00:00Z,postgres-db,Provisioned-IOPS,us-east-1,3000.0,IOPS-hours,0.3
2026-03-07T21:00:00Z,redis-cache,Cache-Cluster,us-east-1,2.0,cache.m5.large-hours,0.26
2026-03-07T21:00:00Z,notification-service,Compute-Task,us-east-1,1.0,vCPU-hours,0.0405
2026-03-07T21:00:00Z,notification-service,Egress-DataTransfer,us-east-1,1.712,GB-out,14.5517
2026-03-07T21:00:00Z,object-storage,Standard-Storage,us-east-1,1200.38,GB-month-fraction,0.0378
2026-03-07T21:00:00Z,object-storage,Storage-API-Operations,us-east-1,0.2119,10k-requests,0.0011
2026-03-07T21:00:00Z,object-storage,Storage-Egress,us-east-1,1.9033,GB-out,12.3714
2026-03-07T22:00:00Z,api-gateway,API-Requests,us-east-1,0.0703,10k-requests,0.0025
2026-03-07T22:00:00Z,api-gateway,Gateway-DataTransfer,us-east-1,0.1396,GB,0.0126
2026-03-07T22:00:00Z,order-api,Compute-Fargate,us-east-1,4.0,vCPU-hours,0.1619
2026-03-07T22:00:00Z,payment-service,Compute-Container,us-east-1,2.0,vCPU-hours,0.081
2026-03-07T22:00:00Z,recommendation-service,Compute-GPU-Instance,us-east-1,1.0,instance-hours,1.2
2026-03-07T22:00:00Z,postgres-db,Database-Instance,us-east-1,1.0,db.m5.xlarge-hours,0.34
2026-03-07T22:00:00Z,postgres-db,Provisioned-IOPS,us-east-1,3000.0,IOPS-hours,0.3
2026-03-07T22:00:00Z,redis-cache,Cache-Cluster,us-east-1,2.0,cache.m5.large-hours,0.26
2026-03-07T22:00:00Z,notification-service,Compute-Task,us-east-1,1.0,vCPU-hours,0.0405
2026-03-07T22:00:00Z,notification-service,Egress-DataTransfer,us-east-1,1.4285,GB-out,12.1425
2026-03-07T22:00:00Z,object-storage,Standard-Storage,us-east-1,1198.5,GB-month-fraction,0.0378
2026-03-07T22:00:00Z,object-storage,Storage-API-Operations,us-east-1,0.2071,10k-requests,0.001
2026-03-07T22:00:00Z,object-storage,Storage-Egress,us-east-1,1.6763,GB-out,10.8959
2026-03-07T23:00:00Z,api-gateway,API-Requests,us-east-1,0.0653,10k-requests,0.0023
2026-03-07T23:00:00Z,api-gateway,Gateway-DataTransfer,us-east-1,0.1284,GB,0.0116
2026-03-07T23:00:00Z,order-api,Compute-Fargate,us-east-1,4.0,vCPU-hours,0.1619
2026-03-07T23:00:00Z,payment-service,Compute-Container,us-east-1,2.0,vCPU-hours,0.081
2026-03-07T23:00:00Z,recommendation-service,Compute-GPU-Instance,us-east-1,1.0,instance-hours,1.2
2026-03-07T23:00:00Z,postgres-db,Database-Instance,us-east-1,1.0,db.m5.xlarge-hours,0.34
2026-03-07T23:00:00Z,postgres-db,Provisioned-IOPS,us-east-1,3000.0,IOPS-hours,0.3
2026-03-07T23:00:00Z,redis-cache,Cache-Cluster,us-east-1,2.0,cache.m5.large-hours,0.26
2026-03-07T23:00:00Z,notification-service,Compute-Task,us-east-1,1.0,vCPU-hours,0.0405
2026-03-07T23:00:00Z,notification-service,Egress-DataTransfer,us-east-1,1.6896,GB-out,14.3614
2026-03-07T23:00:00Z,object-storage,Standard-Storage,us-east-1,1187.1,GB-month-fraction,0.0374
2026-03-07T23:00:00Z,object-storage,Storage-API-Operations,us-east-1,0.2053,10k-requests,0.001
2026-03-07T23:00:00Z,object-storage,Storage-Egress,us-east-1,2.0019,GB-out,13.0126
2026-03-08T00:00:00Z,api-gateway,API-Requests,us-east-1,0.0599,10k-requests,0.0021
2026-03-08T00:00:00Z,api-gateway,Gateway-DataTransfer,us-east-1,0.1201,GB,0.0108
2026-03-08T00:00:00Z,order-api,Compute-Fargate,us-east-1,4.0,vCPU-hours,0.1619
2026-03-08T00:00:00Z,payment-service,Compute-Container,us-east-1,2.0,vCPU-hours,0.081
2026-03-08T00:00:00Z,recommendation-service,Compute-GPU-Instance,us-east-1,1.0,instance-hours,1.2
2026-03-08T00:00:00Z,postgres-db,Database-Instance,us-east-1,1.0,db.m5.xlarge-hours,0.34
2026-03-08T00:00:00Z,postgres-db,Provisioned-IOPS,us-east-1,3000.0,IOPS-hours,0.3
2026-03-08T00:00:00Z,redis-cache,Cache-Cluster,us-east-1,2.0,cache.m5.large-hours,0.26
2026-03-08T00:00:00Z,notification-service,Compute-Task,us-east-1,1.0,vCPU-hours,0.0405
2026-03-08T00:00:00Z,notification-service,Egress-DataTransfer,us-east-1,1.7085,GB-out,14.522
2026-03-08T00:00:00Z,object-storage,Standard-Storage,us-east-1,1198.73,GB-month-fraction,0.0378
2026-03-08T00:00:00Z,object-storage,Storage-API-Operations,us-east-1,0.2024,10k-requests,0.001
2026-03-08T00:00:00Z,object-storage,Storage-Egress,us-east-1,1.9631,GB-out,12.7601
2026-03-08T01:00:00Z,api-gateway,API-Requests,us-east-1,0.0567,10k-requests,0.002
2026-03-08T01:00:00Z,api-gateway,Gateway-DataTransfer,us-east-1,0.1106,GB,0.01
2026-03-08T01:00:00Z,order-api,Compute-Fargate,us-east-1,4.0,vCPU-hours,0.1619
2026-03-08T01:00:00Z,payment-service,Compute-Container,us-east-1,2.0,vCPU-hours,0.081
2026-03-08T01:00:00Z,recommendation-service,Compute-GPU-Instance,us-east-1,1.0,instance-hours,1.2
2026-03-08T01:00:00Z,postgres-db,Database-Instance,us-east-1,1.0,db.m5.xlarge-hours,0.34
2026-03-08T01:00:00Z,postgres-db,Provisioned-IOPS,us-east-1,3000.0,IOPS-hours,0.3
2026-03-08T01:00:00Z,redis-cache,Cache-Cluster,us-east-1,2.0,cache.m5.large-hours,0.26
2026-03-08T01:00:00Z,notification-service,Compute-Task,us-east-1,1.0,vCPU-hours,0.0405
2026-03-08T01:00:00Z,notification-service,Egress-DataTransfer,us-east-1,1.7273,GB-out,14.6822
2026-03-08T01:00:00Z,object-storage,Standard-Storage,us-east-1,1190.12,GB-month-fraction,0.0375
2026-03-08T01:00:00Z,object-storage,Storage-API-Operations,us-east-1,0.2025,10k-requests,0.001
2026-03-08T01:00:00Z,object-storage,Storage-Egress,us-east-1,1.8369,GB-out,11.9401
2026-03-08T02:00:00Z,api-gateway,API-Requests,us-east-1,0.0526,10k-requests,0.0018
2026-03-08T02:00:00Z,api-gateway,Gateway-DataTransfer,us-east-1,0.1028,GB,0.0093
2026-03-08T02:00:00Z,order-api,Compute-Fargate,us-east-1,4.0,vCPU-hours,0.1619
2026-03-08T02:00:00Z,payment-service,Compute-Container,us-east-1,2.0,vCPU-hours,0.081
2026-03-08T02:00:00Z,recommendation-service,Compute-GPU-Instance,us-east-1,1.0,instance-hours,1.2
2026-03-08T02:00:00Z,postgres-db,Database-Instance,us-east-1,1.0,db.m5.xlarge-hours,0.34
2026-03-08T02:00:00Z,postgres-db,Provisioned-IOPS,us-east-1,3000.0,IOPS-hours,0.3
2026-03-08T02:00:00Z,redis-cache,Cache-Cluster,us-east-1,2.0,cache.m5.large-hours,0.26
2026-03-08T02:00:00Z,notification-service,Compute-Task,us-east-1,1.0,vCPU-hours,0.0405
2026-03-08T02:00:00Z,notification-service,Egress-DataTransfer,us-east-1,1.5469,GB-out,13.1488
2026-03-08T02:00:00Z,object-storage,Standard-Storage,us-east-1,1191.21,GB-month-fraction,0.0375
2026-03-08T02:00:00Z,object-storage,Storage-API-Operations,us-east-1,0.2001,10k-requests,0.001
2026-03-08T02:00:00Z,object-storage,Storage-Egress,us-east-1,2.0451,GB-out,13.2932
2026-03-08T03:00:00Z,api-gateway,API-Requests,us-east-1,0.054,10k-requests,0.0019
2026-03-08T03:00:00Z,api-gateway,Gateway-DataTransfer,us-east-1,0.106,GB,0.0095
2026-03-08T03:00:00Z,order-api,Compute-Fargate,us-east-1,4.0,vCPU-hours,0.1619
2026-03-08T03:00:00Z,payment-service,Compute-Container,us-east-1,2.0,vCPU-hours,0.081
2026-03-08T03:00:00Z,recommendation-service,Compute-GPU-Instance,us-east-1,1.0,instance-hours,1.2
2026-03-08T03:00:00Z,postgres-db,Database-Instance,us-east-1,1.0,db.m5.xlarge-hours,0.34
2026-03-08T03:00:00Z,postgres-db,Provisioned-IOPS,us-east-1,3000.0,IOPS-hours,0.3
2026-03-08T03:00:00Z,redis-cache,Cache-Cluster,us-east-1,2.0,cache.m5.large-hours,0.26
2026-03-08T03:00:00Z,notification-service,Compute-Task,us-east-1,1.0,vCPU-hours,0.0405
2026-03-08T03:00:00Z,notification-service,Egress-DataTransfer,us-east-1,1.4184,GB-out,12.0562
2026-03-08T03:00:00Z,object-storage,Standard-Storage,us-east-1,1203.49,GB-month-fraction,0.0379
2026-03-08T03:00:00Z,object-storage,Storage-API-Operations,us-east-1,0.2017,10k-requests,0.001
2026-03-08T03:00:00Z,object-storage,Storage-Egress,us-east-1,1.6073,GB-out,10.4475
2026-03-08T04:00:00Z,api-gateway,API-Requests,us-east-1,0.0592,10k-requests,0.0021
2026-03-08T04:00:00Z,api-gateway,Gateway-DataTransfer,us-east-1,0.1191,GB,0.0107
2026-03-08T04:00:00Z,order-api,Compute-Fargate,us-east-1,4.0,vCPU-hours,0.1619
2026-03-08T04:00:00Z,payment-service,Compute-Container,us-east-1,2.0,vCPU-hours,0.081
2026-03-08T04:00:00Z,recommendation-service,Compute-GPU-Instance,us-east-1,1.0,instance-hours,1.2
2026-03-08T04:00:00Z,postgres-db,Database-Instance,us-east-1,1.0,db.m5.xlarge-hours,0.34
2026-03-08T04:00:00Z,postgres-db,Provisioned-IOPS,us-east-1,3000.0,IOPS-hours,0.3
2026-03-08T04:00:00Z,redis-cache,Cache-Cluster,us-east-1,2.0,cache.m5.large-hours,0.26
2026-03-08T04:00:00Z,notification-service,Compute-Task,us-east-1,1.0,vCPU-hours,0.0405
2026-03-08T04:00:00Z,notification-service,Egress-DataTransfer,us-east-1,1.4441,GB-out,12.275
2026-03-08T04:00:00Z,object-storage,Standard-Storage,us-east-1,1209.94,GB-month-fraction,0.0381
2026-03-08T04:00:00Z,object-storage,Storage-API-Operations,us-east-1,0.2007,10k-requests,0.001
2026-03-08T04:00:00Z,object-storage,Storage-Egress,us-east-1,1.9167,GB-out,12.4584
2026-03-08T05:00:00Z,api-gateway,API-Requests,us-east-1,0.0645,10k-requests,0.0023
2026-03-08T05:00:00Z,api-gateway,Gateway-DataTransfer,us-east-1,0.1302,GB,0.0117
2026-03-08T05:00:00Z,order-api,Compute-Fargate,us-east-1,4.0,vCPU-hours,0.1619
2026-03-08T05:00:00Z,payment-service,Compute-Container,us-east-1,2.0,vCPU-hours,0.081
2026-03-08T05:00:00Z,recommendation-service,Compute-GPU-Instance,us-east-1,1.0,instance-hours,1.2
2026-03-08T05:00:00Z,postgres-db,Database-Instance,us-east-1,1.0,db.m5.xlarge-hours,0.34
2026-03-08T05:00:00Z,postgres-db,Provisioned-IOPS,us-east-1,3000.0,IOPS-hours,0.3
2026-03-08T05:00:00Z,redis-cache,Cache-Cluster,us-east-1,2.0,cache.m5.large-hours,0.26
2026-03-08T05:00:00Z,notification-service,Compute-Task,us-east-1,1.0,vCPU-hours,0.0405
2026-03-08T05:00:00Z,notification-service,Egress-DataTransfer,us-east-1,1.4208,GB-out,12.0771
2026-03-08T05:00:00Z,object-storage,Standard-Storage,us-east-1,1212.77,GB-month-fraction,0.0382
2026-03-08T05:00:00Z,object-storage,Storage-API-Operations,us-east-1,0.2052,10k-requests,0.001
2026-03-08T05:00:00Z,object-storage,Storage-Egress,us-east-1,1.8157,GB-out,11.802
2026-03-08T06:00:00Z,api-gateway,API-Requests,us-east-1,0.0702,10k-requests,0.0025
2026-03-08T06:00:00Z,api-gateway,Gateway-DataTransfer,us-east-1,0.1405,GB,0.0126
2026-03-08T06:00:00Z,order-api,Compute-Fargate,us-east-1,4.0,vCPU-hours,0.1619
2026-03-08T06:00:00Z,payment-service,Compute-Container,us-east-1,2.0,vCPU-hours,0.081
2026-03-08T06:00:00Z,recommendation-service,Compute-GPU-Instance,us-east-1,1.0,instance-hours,1.2
2026-03-08T06:00:00Z,postgres-db,Database-Instance,us-east-1,1.0,db.m5.xlarge-hours,0.34
2026-03-08T06:00:00Z,postgres-db,Provisioned-IOPS,us-east-1,3000.0,IOPS-hours,0.3
2026-03-08T06:00:00Z,redis-cache,Cache-Cluster,us-east-1,2.0,cache.m5.large-hours,0.26
2026-03-08T06:00:00Z,notification-service,Compute-Task,us-east-1,1.0,vCPU-hours,0.0405
2026-03-08T06:00:00Z,notification-service,Egress-DataTransfer,us-east-1,1.4874,GB-out,12.6428
2026-03-08T06:00:00Z,object-storage,Standard-Storage,us-east-1,1197.69,GB-month-fraction,0.0377
2026-03-08T06:00:00Z,object-storage,Storage-API-Operations,us-east-1,0.2073,10k-requests,0.001
2026-03-08T06:00:00Z,object-storage,Storage-Egress,us-east-1,1.9865,GB-out,12.9123
2026-03-08T07:00:00Z,api-gateway,API-Requests,us-east-1,0.0785,10k-requests,0.0027
2026-03-08T07:00:00Z,api-gateway,Gateway-DataTransfer,us-east-1,0.1581,GB,0.0142
2026-03-08T07:00:00Z,order-api,Compute-Fargate,us-east-1,4.0,vCPU-hours,0.1619
2026-03-08T07:00:00Z,payment-service,Compute-Container,us-east-1,2.0,vCPU-hours,0.081
2026-03-08T07:00:00Z,recommendation-service,Compute-GPU-Instance,us-east-1,1.0,instance-hours,1.2
2026-03-08T07:00:00Z,postgres-db,Database-Instance,us-east-1,1.0,db.m5.xlarge-hours,0.34
2026-03-08T07:00:00Z,postgres-db,Provisioned-IOPS,us-east-1,3000.0,IOPS-hours,0.3
2026-03-08T07:00:00Z,redis-cache,Cache-Cluster,us-east-1,2.0,cache.m5.large-hours,0.26
2026-03-08T07:00:00Z,notification-service,Compute-Task,us-east-1,1.0,vCPU-hours,0.0405
2026-03-08T07:00:00Z,notification-service,Egress-DataTransfer,us-east-1,1.4703,GB-out,12.4972
2026-03-08T07:00:00Z,object-storage,Standard-Storage,us-east-1,1193.79,GB-month-fraction,0.0376
2026-03-08T07:00:00Z,object-storage,Storage-API-Operations,us-east-1,0.2098,10k-requests,0.001
2026-03-08T07:00:00Z,object-storage,Storage-Egress,us-east-1,1.8644,GB-out,12.1188
2026-03-08T08:00:00Z,api-gateway,API-Requests,us-east-1,0.0911,10k-requests,0.0032
2026-03-08T08:00:00Z,api-gateway,Gateway-DataTransfer,us-east-1,0.1808,GB,0.0163
2026-03-08T08:00:00Z,order-api,Compute-Fargate,us-east-1,4.0,vCPU-hours,0.1619
2026-03-08T08:00:00Z,payment-service,Compute-Container,us-east-1,2.0,vCPU-hours,0.081
2026-03-08T08:00:00Z,recommendation-service,Compute-GPU-Instance,us-east-1,1.0,instance-hours,1.2
2026-03-08T08:00:00Z,postgres-db,Database-Instance,us-east-1,1.0,db.m5.xlarge-hours,0.34
2026-03-08T08:00:00Z,postgres-db,Provisioned-IOPS,us-east-1,3000.0,IOPS-hours,0.3
2026-03-08T08:00:00Z,redis-cache,Cache-Cluster,us-east-1,2.0,cache.m5.large-hours,0.26
2026-03-08T08:00:00Z,notification-service,Compute-Task,us-east-1,1.0,vCPU-hours,0.0405
2026-03-08T08:00:00Z,notification-service,Egress-DataTransfer,us-east-1,0.0165,GB-out,0.0015
2026-03-08T08:00:00Z,object-storage,Standard-Storage,us-east-1,1199.26,GB-month-fraction,0.0378
2026-03-08T08:00:00Z,object-storage,Storage-API-Operations,us-east-1,0.0326,10k-requests,0.0002
2026-03-08T09:00:00Z,api-gateway,API-Requests,us-east-1,0.096,10k-requests,0.0034
2026-03-08T09:00:00Z,api-gateway,Gateway-DataTransfer,us-east-1,0.1916,GB,0.0172
2026-03-08T09:00:00Z,order-api,Compute-Fargate,us-east-1,4.0,vCPU-hours,0.1619
2026-03-08T09:00:00Z,payment-service,Compute-Container,us-east-1,2.0,vCPU-hours,0.081
2026-03-08T09:00:00Z,recommendation-service,Compute-GPU-Instance,us-east-1,1.0,instance-hours,1.2
2026-03-08T09:00:00Z,postgres-db,Database-Instance,us-east-1,1.0,db.m5.xlarge-hours,0.34
2026-03-08T09:00:00Z,postgres-db,Provisioned-IOPS,us-east-1,3000.0,IOPS-hours,0.3
2026-03-08T09:00:00Z,redis-cache,Cache-Cluster,us-east-1,2.0,cache.m5.large-hours,0.26
2026-03-08T09:00:00Z,notification-service,Compute-Task,us-east-1,1.0,vCPU-hours,0.0405
2026-03-08T09:00:00Z,notification-service,Egress-DataTransfer,us-east-1,0.017,GB-out,0.0015
2026-03-08T09:00:00Z,object-storage,Standard-Storage,us-east-1,1198.05,GB-month-fraction,0.0377
2026-03-08T09:00:00Z,object-storage,Storage-API-Operations,us-east-1,0.0374,10k-requests,0.0002
2026-03-08T10:00:00Z,api-gateway,API-Requests,us-east-1,0.1109,10k-requests,0.0039
2026-03-08T10:00:00Z,api-gateway,Gateway-DataTransfer,us-east-1,0.2227,GB,0.02
2026-03-08T10:00:00Z,order-api,Compute-Fargate,us-east-1,4.0,vCPU-hours,0.1619
2026-03-08T10:00:00Z,payment-service,Compute-Container,us-east-1,2.0,vCPU-hours,0.081
2026-03-08T10:00:00Z,recommendation-service,Compute-GPU-Instance,us-east-1,1.0,instance-hours,1.2
2026-03-08T10:00:00Z,postgres-db,Database-Instance,us-east-1,1.0,db.m5.xlarge-hours,0.34
2026-03-08T10:00:00Z,postgres-db,Provisioned-IOPS,us-east-1,3000.0,IOPS-hours,0.3
2026-03-08T10:00:00Z,redis-cache,Cache-Cluster,us-east-1,2.0,cache.m5.large-hours,0.26
2026-03-08T10:00:00Z,notification-service,Compute-Task,us-east-1,1.0,vCPU-hours,0.0405
2026-03-08T10:00:00Z,notification-service,Egress-DataTransfer,us-east-1,0.0209,GB-out,0.0019
2026-03-08T10:00:00Z,object-storage,Standard-Storage,us-east-1,1214.4,GB-month-fraction,0.0383
2026-03-08T10:00:00Z,object-storage,Storage-API-Operations,us-east-1,0.0424,10k-requests,0.0002
2026-03-08T11:00:00Z,api-gateway,API-Requests,us-east-1,0.1199,10k-requests,0.0042
2026-03-08T11:00:00Z,api-gateway,Gateway-DataTransfer,us-east-1,0.2436,GB,0.0219
2026-03-08T11:00:00Z,order-api,Compute-Fargate,us-east-1,4.0,vCPU-hours,0.1619
2026-03-08T11:00:00Z,payment-service,Compute-Container,us-east-1,2.0,vCPU-hours,0.081
2026-03-08T11:00:00Z,recommendation-service,Compute-GPU-Instance,us-east-1,1.0,instance-hours,1.2
2026-03-08T11:00:00Z,postgres-db,Database-Instance,us-east-1,1.0,db.m5.xlarge-hours,0.34
2026-03-08T11:00:00Z,postgres-db,Provisioned-IOPS,us-east-1,3000.0,IOPS-hours,0.3
2026-03-08T11:00:00Z,redis-cache,Cache-Cluster,us-east-1,2.0,cache.m5.large-hours,0.26
2026-03-08T11:00:00Z,notification-service,Compute-Task,us-east-1,1.0,vCPU-hours,0.0405
2026-03-08T11:00:00Z,notification-service,Egress-DataTransfer,us-east-1,0.0225,GB-out,0.002
2026-03-08T11:00:00Z,object-storage,Standard-Storage,us-east-1,1204.78,GB-month-fraction,0.038
2026-03-08T11:00:00Z,object-storage,Storage-API-Operations,us-east-1,0.0463,10k-requests,0.0002
2026-03-08T12:00:00Z,api-gateway,API-Requests,us-east-1,0.1258,10k-requests,0.0044
2026-03-08T12:00:00Z,api-gateway,Gateway-DataTransfer,us-east-1,0.2485,GB,0.0224
2026-03-08T12:00:00Z,order-api,Compute-Fargate,us-east-1,4.0,vCPU-hours,0.1619
2026-03-08T12:00:00Z,payment-service,Compute-Container,us-east-1,2.0,vCPU-hours,0.081
2026-03-08T12:00:00Z,recommendation-service,Compute-GPU-Instance,us-east-1,1.0,instance-hours,1.2
2026-03-08T12:00:00Z,postgres-db,Database-Instance,us-east-1,1.0,db.m5.xlarge-hours,0.34
2026-03-08T12:00:00Z,postgres-db,Provisioned-IOPS,us-east-1,3000.0,IOPS-hours,0.3
2026-03-08T12:00:00Z,redis-cache,Cache-Cluster,us-east-1,2.0,cache.m5.large-hours,0.26
2026-03-08T12:00:00Z,notification-service,Compute-Task,us-east-1,1.0,vCPU-hours,0.0405
2026-03-08T12:00:00Z,notification-service,Egress-DataTransfer,us-east-1,0.0229,GB-out,0.0021
2026-03-08T12:00:00Z,object-storage,Standard-Storage,us-east-1,1204.5,GB-month-fraction,0.038
2026-03-08T12:00:00Z,object-storage,Storage-API-Operations,us-east-1,0.0454,10k-requests,0.0002
2026-03-08T13:00:00Z,api-gateway,API-Requests,us-east-1,0.1253,10k-requests,0.0044
2026-03-08T13:00:00Z,api-gateway,Gateway-DataTransfer,us-east-1,0.2534,GB,0.0228
2026-03-08T13:00:00Z,order-api,Compute-Fargate,us-east-1,4.0,vCPU-hours,0.1619
2026-03-08T13:00:00Z,payment-service,Compute-Container,us-east-1,2.0,vCPU-hours,0.081
2026-03-08T13:00:00Z,recommendation-service,Compute-GPU-Instance,us-east-1,1.0,instance-hours,1.2
2026-03-08T13:00:00Z,postgres-db,Database-Instance,us-east-1,1.0,db.m5.xlarge-hours,0.34
2026-03-08T13:00:00Z,postgres-db,Provisioned-IOPS,us-east-1,3000.0,IOPS-hours,0.3
2026-03-08T13:00:00Z,redis-cache,Cache-Cluster,us-east-1,2.0,cache.m5.large-hours,0.26
2026-03-08T13:00:00Z,notification-service,Compute-Task,us-east-1,1.0,vCPU-hours,0.0405
2026-03-08T13:00:00Z,notification-service,Egress-DataTransfer,us-east-1,0.0229,GB-out,0.0021
2026-03-08T13:00:00Z,object-storage,Standard-Storage,us-east-1,1201.09,GB-month-fraction,0.0378
2026-03-08T13:00:00Z,object-storage,Storage-API-Operations,us-east-1,0.047,10k-requests,0.0002
2026-03-08T14:00:00Z,api-gateway,API-Requests,us-east-1,0.1292,10k-requests,0.0045
2026-03-08T14:00:00Z,api-gateway,Gateway-DataTransfer,us-east-1,0.2574,GB,0.0232
2026-03-08T14:00:00Z,order-api,Compute-Fargate,us-east-1,4.0,vCPU-hours,0.1619
2026-03-08T14:00:00Z,payment-service,Compute-Container,us-east-1,2.0,vCPU-hours,0.081
2026-03-08T14:00:00Z,recommendation-service,Compute-GPU-Instance,us-east-1,1.0,instance-hours,1.2
2026-03-08T14:00:00Z,postgres-db,Database-Instance,us-east-1,1.0,db.m5.xlarge-hours,0.34
2026-03-08T14:00:00Z,postgres-db,Provisioned-IOPS,us-east-1,3000.0,IOPS-hours,0.3
2026-03-08T14:00:00Z,redis-cache,Cache-Cluster,us-east-1,2.0,cache.m5.large-hours,0.26
2026-03-08T14:00:00Z,notification-service,Compute-Task,us-east-1,1.0,vCPU-hours,0.0405
2026-03-08T14:00:00Z,notification-service,Egress-DataTransfer,us-east-1,0.0237,GB-out,0.0021
2026-03-08T14:00:00Z,object-storage,Standard-Storage,us-east-1,1192.11,GB-month-fraction,0.0376
2026-03-08T14:00:00Z,object-storage,Storage-API-Operations,us-east-1,0.0486,10k-requests,0.0002
2026-03-08T15:00:00Z,api-gateway,API-Requests,us-east-1,0.1284,10k-requests,0.0045
2026-03-08T15:00:00Z,api-gateway,Gateway-DataTransfer,us-east-1,0.258,GB,0.0232
2026-03-08T15:00:00Z,order-api,Compute-Fargate,us-east-1,4.0,vCPU-hours,0.1619
2026-03-08T15:00:00Z,payment-service,Compute-Container,us-east-1,2.0,vCPU-hours,0.081
2026-03-08T15:00:00Z,recommendation-service,Compute-GPU-Instance,us-east-1,1.0,instance-hours,1.2
2026-03-08T15:00:00Z,postgres-db,Database-Instance,us-east-1,1.0,db.m5.xlarge-hours,0.34
2026-03-08T15:00:00Z,postgres-db,Provisioned-IOPS,us-east-1,3000.0,IOPS-hours,0.3
2026-03-08T15:00:00Z,redis-cache,Cache-Cluster,us-east-1,2.0,cache.m5.large-hours,0.26
2026-03-08T15:00:00Z,notification-service,Compute-Task,us-east-1,1.0,vCPU-hours,0.0405
2026-03-08T15:00:00Z,notification-service,Egress-DataTransfer,us-east-1,0.023,GB-out,0.0021
2026-03-08T15:00:00Z,object-storage,Standard-Storage,us-east-1,1191.77,GB-month-fraction,0.0375
2026-03-08T15:00:00Z,object-storage,Storage-API-Operations,us-east-1,0.049,10k-requests,0.0002
2026-03-08T16:00:00Z,api-gateway,API-Requests,us-east-1,0.124,10k-requests,0.0043
2026-03-08T16:00:00Z,api-gateway,Gateway-DataTransfer,us-east-1,0.2483,GB,0.0223
2026-03-08T16:00:00Z,order-api,Compute-Fargate,us-east-1,4.0,vCPU-hours,0.1619
2026-03-08T16:00:00Z,payment-service,Compute-Container,us-east-1,2.0,vCPU-hours,0.081
2026-03-08T16:00:00Z,recommendation-service,Compute-GPU-Instance,us-east-1,1.0,instance-hours,1.2
2026-03-08T16:00:00Z,postgres-db,Database-Instance,us-east-1,1.0,db.m5.xlarge-hours,0.34
2026-03-08T16:00:00Z,postgres-db,Provisioned-IOPS,us-east-1,3000.0,IOPS-hours,0.3
2026-03-08T16:00:00Z,redis-cache,Cache-Cluster,us-east-1,2.0,cache.m5.large-hours,0.26
2026-03-08T16:00:00Z,notification-service,Compute-Task,us-east-1,1.0,vCPU-hours,0.0405
2026-03-08T16:00:00Z,notification-service,Egress-DataTransfer,us-east-1,0.0238,GB-out,0.0021
2026-03-08T16:00:00Z,object-storage,Standard-Storage,us-east-1,1200.07,GB-month-fraction,0.0378
2026-03-08T16:00:00Z,object-storage,Storage-API-Operations,us-east-1,0.0474,10k-requests,0.0002
2026-03-08T17:00:00Z,api-gateway,API-Requests,us-east-1,0.1164,10k-requests,0.0041
2026-03-08T17:00:00Z,api-gateway,Gateway-DataTransfer,us-east-1,0.2334,GB,0.021
2026-03-08T17:00:00Z,order-api,Compute-Fargate,us-east-1,4.0,vCPU-hours,0.1619
2026-03-08T17:00:00Z,payment-service,Compute-Container,us-east-1,2.0,vCPU-hours,0.081
2026-03-08T17:00:00Z,recommendation-service,Compute-GPU-Instance,us-east-1,1.0,instance-hours,1.2
2026-03-08T17:00:00Z,postgres-db,Database-Instance,us-east-1,1.0,db.m5.xlarge-hours,0.34
2026-03-08T17:00:00Z,postgres-db,Provisioned-IOPS,us-east-1,3000.0,IOPS-hours,0.3
2026-03-08T17:00:00Z,redis-cache,Cache-Cluster,us-east-1,2.0,cache.m5.large-hours,0.26
2026-03-08T17:00:00Z,notification-service,Compute-Task,us-east-1,1.0,vCPU-hours,0.0405
2026-03-08T17:00:00Z,notification-service,Egress-DataTransfer,us-east-1,0.0214,GB-out,0.0019
2026-03-08T17:00:00Z,object-storage,Standard-Storage,us-east-1,1213.94,GB-month-fraction,0.0382
2026-03-08T17:00:00Z,object-storage,Storage-API-Operations,us-east-1,0.0424,10k-requests,0.0002
2026-03-08T18:00:00Z,api-gateway,API-Requests,us-east-1,0.105,10k-requests,0.0037
2026-03-08T18:00:00Z,api-gateway,Gateway-DataTransfer,us-east-1,0.2086,GB,0.0188
2026-03-08T18:00:00Z,order-api,Compute-Fargate,us-east-1,4.0,vCPU-hours,0.1619
2026-03-08T18:00:00Z,payment-service,Compute-Container,us-east-1,2.0,vCPU-hours,0.081
2026-03-08T18:00:00Z,recommendation-service,Compute-GPU-Instance,us-east-1,1.0,instance-hours,1.2
2026-03-08T18:00:00Z,postgres-db,Database-Instance,us-east-1,1.0,db.m5.xlarge-hours,0.34
2026-03-08T18:00:00Z,postgres-db,Provisioned-IOPS,us-east-1,3000.0,IOPS-hours,0.3
2026-03-08T18:00:00Z,redis-cache,Cache-Cluster,us-east-1,2.0,cache.m5.large-hours,0.26
2026-03-08T18:00:00Z,notification-service,Compute-Task,us-east-1,1.0,vCPU-hours,0.0405
2026-03-08T18:00:00Z,notification-service,Egress-DataTransfer,us-east-1,0.0197,GB-out,0.0018
2026-03-08T18:00:00Z,object-storage,Standard-Storage,us-east-1,1188.72,GB-month-fraction,0.0375
2026-03-08T18:00:00Z,object-storage,Storage-API-Operations,us-east-1,0.0407,10k-requests,0.0002
2026-03-08T19:00:00Z,api-gateway,API-Requests,us-east-1,0.0993,10k-requests,0.0035
2026-03-08T19:00:00Z,api-gateway,Gateway-DataTransfer,us-east-1,0.1993,GB,0.0179
2026-03-08T19:00:00Z,order-api,Compute-Fargate,us-east-1,4.0,vCPU-hours,0.1619
2026-03-08T19:00:00Z,payment-service,Compute-Container,us-east-1,2.0,vCPU-hours,0.081
2026-03-08T19:00:00Z,recommendation-service,Compute-GPU-Instance,us-east-1,1.0,instance-hours,1.2
2026-03-08T19:00:00Z,postgres-db,Database-Instance,us-east-1,1.0,db.m5.xlarge-hours,0.34
2026-03-08T19:00:00Z,postgres-db,Provisioned-IOPS,us-east-1,3000.0,IOPS-hours,0.3
2026-03-08T19:00:00Z,redis-cache,Cache-Cluster,us-east-1,2.0,cache.m5.large-hours,0.26
2026-03-08T19:00:00Z,notification-service,Compute-Task,us-east-1,1.0,vCPU-hours,0.0405
2026-03-08T19:00:00Z,notification-service,Egress-DataTransfer,us-east-1,0.0188,GB-out,0.0017
2026-03-08T19:00:00Z,object-storage,Standard-Storage,us-east-1,1208.02,GB-month-fraction,0.0381
2026-03-08T19:00:00Z,object-storage,Storage-API-Operations,us-east-1,0.0364,10k-requests,0.0002
2026-03-08T20:00:00Z,api-gateway,API-Requests,us-east-1,0.091,10k-requests,0.0032
2026-03-08T20:00:00Z,api-gateway,Gateway-DataTransfer,us-east-1,0.1788,GB,0.0161
2026-03-08T20:00:00Z,order-api,Compute-Fargate,us-east-1,4.0,vCPU-hours,0.1619
2026-03-08T20:00:00Z,payment-service,Compute-Container,us-east-1,2.0,vCPU-hours,0.081
2026-03-08T20:00:00Z,recommendation-service,Compute-GPU-Instance,us-east-1,1.0,instance-hours,1.2
2026-03-08T20:00:00Z,postgres-db,Database-Instance,us-east-1,1.0,db.m5.xlarge-hours,0.34
2026-03-08T20:00:00Z,postgres-db,Provisioned-IOPS,us-east-1,3000.0,IOPS-hours,0.3
2026-03-08T20:00:00Z,redis-cache,Cache-Cluster,us-east-1,2.0,cache.m5.large-hours,0.26
2026-03-08T20:00:00Z,notification-service,Compute-Task,us-east-1,1.0,vCPU-hours,0.0405
2026-03-08T20:00:00Z,notification-service,Egress-DataTransfer,us-east-1,0.016,GB-out,0.0014
2026-03-08T20:00:00Z,object-storage,Standard-Storage,us-east-1,1194.13,GB-month-fraction,0.0376
2026-03-08T20:00:00Z,object-storage,Storage-API-Operations,us-east-1,0.0329,10k-requests,0.0002
2026-03-08T21:00:00Z,api-gateway,API-Requests,us-east-1,0.0821,10k-requests,0.0029
2026-03-08T21:00:00Z,api-gateway,Gateway-DataTransfer,us-east-1,0.1631,GB,0.0147
2026-03-08T21:00:00Z,order-api,Compute-Fargate,us-east-1,4.0,vCPU-hours,0.1619
2026-03-08T21:00:00Z,payment-service,Compute-Container,us-east-1,2.0,vCPU-hours,0.081
2026-03-08T21:00:00Z,recommendation-service,Compute-GPU-Instance,us-east-1,1.0,instance-hours,1.2
2026-03-08T21:00:00Z,postgres-db,Database-Instance,us-east-1,1.0,db.m5.xlarge-hours,0.34
2026-03-08T21:00:00Z,postgres-db,Provisioned-IOPS,us-east-1,3000.0,IOPS-hours,0.3
2026-03-08T21:00:00Z,redis-cache,Cache-Cluster,us-east-1,2.0,cache.m5.large-hours,0.26
2026-03-08T21:00:00Z,notification-service,Compute-Task,us-east-1,1.0,vCPU-hours,0.0405
2026-03-08T21:00:00Z,notification-service,Egress-DataTransfer,us-east-1,0.0151,GB-out,0.0014
2026-03-08T21:00:00Z,object-storage,Standard-Storage,us-east-1,1214.69,GB-month-fraction,0.0383
2026-03-08T21:00:00Z,object-storage,Storage-API-Operations,us-east-1,0.0295,10k-requests,0.0001
2026-03-08T22:00:00Z,api-gateway,API-Requests,us-east-1,0.0717,10k-requests,0.0025
2026-03-08T22:00:00Z,api-gateway,Gateway-DataTransfer,us-east-1,0.1418,GB,0.0128
2026-03-08T22:00:00Z,order-api,Compute-Fargate,us-east-1,4.0,vCPU-hours,0.1619
2026-03-08T22:00:00Z,payment-service,Compute-Container,us-east-1,2.0,vCPU-hours,0.081
2026-03-08T22:00:00Z,recommendation-service,Compute-GPU-Instance,us-east-1,1.0,instance-hours,1.2
2026-03-08T22:00:00Z,postgres-db,Database-Instance,us-east-1,1.0,db.m5.xlarge-hours,0.34
2026-03-08T22:00:00Z,postgres-db,Provisioned-IOPS,us-east-1,3000.0,IOPS-hours,0.3
2026-03-08T22:00:00Z,redis-cache,Cache-Cluster,us-east-1,2.0,cache.m5.large-hours,0.26
2026-03-08T22:00:00Z,notification-service,Compute-Task,us-east-1,1.0,vCPU-hours,0.0405
2026-03-08T22:00:00Z,notification-service,Egress-DataTransfer,us-east-1,0.0133,GB-out,0.0012
2026-03-08T22:00:00Z,object-storage,Standard-Storage,us-east-1,1206.23,GB-month-fraction,0.038
2026-03-08T22:00:00Z,object-storage,Storage-API-Operations,us-east-1,0.0288,10k-requests,0.0001
2026-03-08T23:00:00Z,api-gateway,API-Requests,us-east-1,0.0653,10k-requests,0.0023
2026-03-08T23:00:00Z,api-gateway,Gateway-DataTransfer,us-east-1,0.1303,GB,0.0117
2026-03-08T23:00:00Z,order-api,Compute-Fargate,us-east-1,4.0,vCPU-hours,0.1619
2026-03-08T23:00:00Z,payment-service,Compute-Container,us-east-1,2.0,vCPU-hours,0.081
2026-03-08T23:00:00Z,recommendation-service,Compute-GPU-Instance,us-east-1,1.0,instance-hours,1.2
2026-03-08T23:00:00Z,postgres-db,Database-Instance,us-east-1,1.0,db.m5.xlarge-hours,0.34
2026-03-08T23:00:00Z,postgres-db,Provisioned-IOPS,us-east-1,3000.0,IOPS-hours,0.3
2026-03-08T23:00:00Z,redis-cache,Cache-Cluster,us-east-1,2.0,cache.m5.large-hours,0.26
2026-03-08T23:00:00Z,notification-service,Compute-Task,us-east-1,1.0,vCPU-hours,0.0405
2026-03-08T23:00:00Z,notification-service,Egress-DataTransfer,us-east-1,0.0118,GB-out,0.0011
2026-03-08T23:00:00Z,object-storage,Standard-Storage,us-east-1,1211.1,GB-month-fraction,0.0382
2026-03-08T23:00:00Z,object-storage,Storage-API-Operations,us-east-1,0.0225,10k-requests,0.0001
2026-03-09T00:00:00Z,api-gateway,API-Requests,us-east-1,0.0568,10k-requests,0.002
2026-03-09T00:00:00Z,api-gateway,Gateway-DataTransfer,us-east-1,0.1136,GB,0.0102
2026-03-09T00:00:00Z,order-api,Compute-Fargate,us-east-1,4.0,vCPU-hours,0.1619
2026-03-09T00:00:00Z,payment-service,Compute-Container,us-east-1,2.0,vCPU-hours,0.081
2026-03-09T00:00:00Z,recommendation-service,Compute-GPU-Instance,us-east-1,1.0,instance-hours,1.2
2026-03-09T00:00:00Z,postgres-db,Database-Instance,us-east-1,1.0,db.m5.xlarge-hours,0.34
2026-03-09T00:00:00Z,postgres-db,Provisioned-IOPS,us-east-1,3000.0,IOPS-hours,0.3
2026-03-09T00:00:00Z,redis-cache,Cache-Cluster,us-east-1,2.0,cache.m5.large-hours,0.26
2026-03-09T00:00:00Z,notification-service,Compute-Task,us-east-1,1.0,vCPU-hours,0.0405
2026-03-09T00:00:00Z,notification-service,Egress-DataTransfer,us-east-1,0.0109,GB-out,0.001
2026-03-09T00:00:00Z,object-storage,Standard-Storage,us-east-1,1189.28,GB-month-fraction,0.0375
2026-03-09T00:00:00Z,object-storage,Storage-API-Operations,us-east-1,0.0197,10k-requests,0.0001
2026-03-09T01:00:00Z,api-gateway,API-Requests,us-east-1,0.057,10k-requests,0.002
2026-03-09T01:00:00Z,api-gateway,Gateway-DataTransfer,us-east-1,0.1156,GB,0.0104
2026-03-09T01:00:00Z,order-api,Compute-Fargate,us-east-1,4.0,vCPU-hours,0.1619
2026-03-09T01:00:00Z,payment-service,Compute-Container,us-east-1,2.0,vCPU-hours,0.081
2026-03-09T01:00:00Z,recommendation-service,Compute-GPU-Instance,us-east-1,1.0,instance-hours,1.2
2026-03-09T01:00:00Z,postgres-db,Database-Instance,us-east-1,1.0,db.m5.xlarge-hours,0.34
2026-03-09T01:00:00Z,postgres-db,Provisioned-IOPS,us-east-1,3000.0,IOPS-hours,0.3
2026-03-09T01:00:00Z,redis-cache,Cache-Cluster,us-east-1,2.0,cache.m5.large-hours,0.26
2026-03-09T01:00:00Z,notification-service,Compute-Task,us-east-1,1.0,vCPU-hours,0.0405
2026-03-09T01:00:00Z,notification-service,Egress-DataTransfer,us-east-1,0.0097,GB-out,0.0009
2026-03-09T01:00:00Z,object-storage,Standard-Storage,us-east-1,1212.6,GB-month-fraction,0.0382
2026-03-09T01:00:00Z,object-storage,Storage-API-Operations,us-east-1,0.0221,10k-requests,0.0001
2026-03-09T02:00:00Z,api-gateway,API-Requests,us-east-1,0.0529,10k-requests,0.0019
2026-03-09T02:00:00Z,api-gateway,Gateway-DataTransfer,us-east-1,0.1059,GB,0.0095
2026-03-09T02:00:00Z,order-api,Compute-Fargate,us-east-1,4.0,vCPU-hours,0.1619
2026-03-09T02:00:00Z,payment-service,Compute-Container,us-east-1,2.0,vCPU-hours,0.081
2026-03-09T02:00:00Z,recommendation-service,Compute-GPU-Instance,us-east-1,1.0,instance-hours,1.2
2026-03-09T02:00:00Z,postgres-db,Database-Instance,us-east-1,1.0,db.m5.xlarge-hours,0.34
2026-03-09T02:00:00Z,postgres-db,Provisioned-IOPS,us-east-1,3000.0,IOPS-hours,0.3
2026-03-09T02:00:00Z,redis-cache,Cache-Cluster,us-east-1,2.0,cache.m5.large-hours,0.26
2026-03-09T02:00:00Z,notification-service,Compute-Task,us-east-1,1.0,vCPU-hours,0.0405
2026-03-09T02:00:00Z,notification-service,Egress-DataTransfer,us-east-1,0.0093,GB-out,0.0008
2026-03-09T02:00:00Z,object-storage,Standard-Storage,us-east-1,1197.56,GB-month-fraction,0.0377
2026-03-09T02:00:00Z,object-storage,Storage-API-Operations,us-east-1,0.0193,10k-requests,0.0001
2026-03-09T03:00:00Z,api-gateway,API-Requests,us-east-1,0.0531,10k-requests,0.0019
2026-03-09T03:00:00Z,api-gateway,Gateway-DataTransfer,us-east-1,0.1031,GB,0.0093
2026-03-09T03:00:00Z,order-api,Compute-Fargate,us-east-1,4.0,vCPU-hours,0.1619
2026-03-09T03:00:00Z,payment-service,Compute-Container,us-east-1,2.0,vCPU-hours,0.081
2026-03-09T03:00:00Z,recommendation-service,Compute-GPU-Instance,us-east-1,1.0,instance-hours,1.2
2026-03-09T03:00:00Z,postgres-db,Database-Instance,us-east-1,1.0,db.m5.xlarge-hours,0.34
2026-03-09T03:00:00Z,postgres-db,Provisioned-IOPS,us-east-1,3000.0,IOPS-hours,0.3
2026-03-09T03:00:00Z,redis-cache,Cache-Cluster,us-east-1,2.0,cache.m5.large-hours,0.26
2026-03-09T03:00:00Z,notification-service,Compute-Task,us-east-1,1.0,vCPU-hours,0.0405
2026-03-09T03:00:00Z,notification-service,Egress-DataTransfer,us-east-1,0.0106,GB-out,0.001
2026-03-09T03:00:00Z,object-storage,Standard-Storage,us-east-1,1195.96,GB-month-fraction,0.0377
2026-03-09T03:00:00Z,object-storage,Storage-API-Operations,us-east-1,0.0188,10k-requests,0.0001
2026-03-09T04:00:00Z,api-gateway,API-Requests,us-east-1,0.0586,10k-requests,0.0021
2026-03-09T04:00:00Z,api-gateway,Gateway-DataTransfer,us-east-1,0.1161,GB,0.0104
2026-03-09T04:00:00Z,order-api,Compute-Fargate,us-east-1,4.0,vCPU-hours,0.1619
2026-03-09T04:00:00Z,payment-service,Compute-Container,us-east-1,2.0,vCPU-hours,0.081
2026-03-09T04:00:00Z,recommendation-service,Compute-GPU-Instance,us-east-1,1.0,instance-hours,1.2
2026-03-09T04:00:00Z,postgres-db,Database-Instance,us-east-1,1.0,db.m5.xlarge-hours,0.34
2026-03-09T04:00:00Z,postgres-db,Provisioned-IOPS,us-east-1,3000.0,IOPS-hours,0.3
2026-03-09T04:00:00Z,redis-cache,Cache-Cluster,us-east-1,2.0,cache.m5.large-hours,0.26
2026-03-09T04:00:00Z,notification-service,Compute-Task,us-east-1,1.0,vCPU-hours,0.0405
2026-03-09T04:00:00Z,notification-service,Egress-DataTransfer,us-east-1,0.0104,GB-out,0.0009
2026-03-09T04:00:00Z,object-storage,Standard-Storage,us-east-1,1194.4,GB-month-fraction,0.0376
2026-03-09T04:00:00Z,object-storage,Storage-API-Operations,us-east-1,0.0203,10k-requests,0.0001
2026-03-09T05:00:00Z,api-gateway,API-Requests,us-east-1,0.0649,10k-requests,0.0023
2026-03-09T05:00:00Z,api-gateway,Gateway-DataTransfer,us-east-1,0.132,GB,0.0119
2026-03-09T05:00:00Z,order-api,Compute-Fargate,us-east-1,4.0,vCPU-hours,0.1619
2026-03-09T05:00:00Z,payment-service,Compute-Container,us-east-1,2.0,vCPU-hours,0.081
2026-03-09T05:00:00Z,recommendation-service,Compute-GPU-Instance,us-east-1,1.0,instance-hours,1.2
2026-03-09T05:00:00Z,postgres-db,Database-Instance,us-east-1,1.0,db.m5.xlarge-hours,0.34
2026-03-09T05:00:00Z,postgres-db,Provisioned-IOPS,us-east-1,3000.0,IOPS-hours,0.3
2026-03-09T05:00:00Z,redis-cache,Cache-Cluster,us-east-1,2.0,cache.m5.large-hours,0.26
2026-03-09T05:00:00Z,notification-service,Compute-Task,us-east-1,1.0,vCPU-hours,0.0405
2026-03-09T05:00:00Z,notification-service,Egress-DataTransfer,us-east-1,0.0118,GB-out,0.0011
2026-03-09T05:00:00Z,object-storage,Standard-Storage,us-east-1,1196.46,GB-month-fraction,0.0377
2026-03-09T05:00:00Z,object-storage,Storage-API-Operations,us-east-1,0.0262,10k-requests,0.0001
2026-03-09T06:00:00Z,api-gateway,API-Requests,us-east-1,0.07,10k-requests,0.0025
2026-03-09T06:00:00Z,api-gateway,Gateway-DataTransfer,us-east-1,0.139,GB,0.0125
2026-03-09T06:00:00Z,order-api,Compute-Fargate,us-east-1,4.0,vCPU-hours,0.1619
2026-03-09T06:00:00Z,payment-service,Compute-Container,us-east-1,2.0,vCPU-hours,0.081
2026-03-09T06:00:00Z,recommendation-service,Compute-GPU-Instance,us-east-1,1.0,instance-hours,1.2
2026-03-09T06:00:00Z,postgres-db,Database-Instance,us-east-1,1.0,db.m5.xlarge-hours,0.34
2026-03-09T06:00:00Z,postgres-db,Provisioned-IOPS,us-east-1,3000.0,IOPS-hours,0.3
2026-03-09T06:00:00Z,redis-cache,Cache-Cluster,us-east-1,2.0,cache.m5.large-hours,0.26
2026-03-09T06:00:00Z,notification-service,Compute-Task,us-east-1,1.0,vCPU-hours,0.0405
2026-03-09T06:00:00Z,notification-service,Egress-DataTransfer,us-east-1,0.0131,GB-out,0.0012
2026-03-09T06:00:00Z,object-storage,Standard-Storage,us-east-1,1193.4,GB-month-fraction,0.0376
2026-03-09T06:00:00Z,object-storage,Storage-API-Operations,us-east-1,0.0245,10k-requests,0.0001
2026-03-09T07:00:00Z,api-gateway,API-Requests,us-east-1,0.0832,10k-requests,0.0029
2026-03-09T07:00:00Z,api-gateway,Gateway-DataTransfer,us-east-1,0.1658,GB,0.0149
2026-03-09T07:00:00Z,order-api,Compute-Fargate,us-east-1,4.0,vCPU-hours,0.1619
2026-03-09T07:00:00Z,payment-service,Compute-Container,us-east-1,2.0,vCPU-hours,0.081
2026-03-09T07:00:00Z,recommendation-service,Compute-GPU-Instance,us-east-1,1.0,instance-hours,1.2
2026-03-09T07:00:00Z,postgres-db,Database-Instance,us-east-1,1.0,db.m5.xlarge-hours,0.34
2026-03-09T07:00:00Z,postgres-db,Provisioned-IOPS,us-east-1,3000.0,IOPS-hours,0.3
2026-03-09T07:00:00Z,redis-cache,Cache-Cluster,us-east-1,2.0,cache.m5.large-hours,0.26
2026-03-09T07:00:00Z,notification-service,Compute-Task,us-east-1,1.0,vCPU-hours,0.0405
2026-03-09T07:00:00Z,notification-service,Egress-DataTransfer,us-east-1,0.0147,GB-out,0.0013
2026-03-09T07:00:00Z,object-storage,Standard-Storage,us-east-1,1198.95,GB-month-fraction,0.0378
2026-03-09T07:00:00Z,object-storage,Storage-API-Operations,us-east-1,0.0313,10k-requests,0.0002
2026-03-09T08:00:00Z,api-gateway,API-Requests,us-east-1,0.0888,10k-requests,0.0031
2026-03-09T08:00:00Z,api-gateway,Gateway-DataTransfer,us-east-1,0.1765,GB,0.0159
2026-03-09T08:00:00Z,order-api,Compute-Fargate,us-east-1,4.0,vCPU-hours,0.1619
2026-03-09T08:00:00Z,payment-service,Compute-Container,us-east-1,2.0,vCPU-hours,0.081
2026-03-09T08:00:00Z,recommendation-service,Compute-GPU-Instance,us-east-1,1.0,instance-hours,1.2
2026-03-09T08:00:00Z,postgres-db,Database-Instance,us-east-1,1.0,db.m5.xlarge-hours,0.34
2026-03-09T08:00:00Z,postgres-db,Provisioned-IOPS,us-east-1,3000.0,IOPS-hours,0.3
2026-03-09T08:00:00Z,redis-cache,Cache-Cluster,us-east-1,2.0,cache.m5.large-hours,0.26
2026-03-09T08:00:00Z,notification-service,Compute-Task,us-east-1,1.0,vCPU-hours,0.0405
2026-03-09T08:00:00Z,notification-service,Egress-DataTransfer,us-east-1,0.0171,GB-out,0.0015
2026-03-09T08:00:00Z,object-storage,Standard-Storage,us-east-1,1207.6,GB-month-fraction,0.038
2026-03-09T08:00:00Z,object-storage,Storage-API-Operations,us-east-1,0.0352,10k-requests,0.0002
2026-03-09T09:00:00Z,api-gateway,API-Requests,us-east-1,0.1029,10k-requests,0.0036
2026-03-09T09:00:00Z,api-gateway,Gateway-DataTransfer,us-east-1,0.2076,GB,0.0187
2026-03-09T09:00:00Z,order-api,Compute-Fargate,us-east-1,4.0,vCPU-hours,0.1619
2026-03-09T09:00:00Z,payment-service,Compute-Container,us-east-1,2.0,vCPU-hours,0.081
2026-03-09T09:00:00Z,recommendation-service,Compute-GPU-Instance,us-east-1,1.0,instance-hours,1.2
2026-03-09T09:00:00Z,postgres-db,Database-Instance,us-east-1,1.0,db.m5.xlarge-hours,0.34
2026-03-09T09:00:00Z,postgres-db,Provisioned-IOPS,us-east-1,3000.0,IOPS-hours,0.3
2026-03-09T09:00:00Z,redis-cache,Cache-Cluster,us-east-1,2.0,cache.m5.large-hours,0.26
2026-03-09T09:00:00Z,notification-service,Compute-Task,us-east-1,1.0,vCPU-hours,0.0405
2026-03-09T09:00:00Z,notification-service,Egress-DataTransfer,us-east-1,0.0196,GB-out,0.0018
2026-03-09T09:00:00Z,object-storage,Standard-Storage,us-east-1,1214.15,GB-month-fraction,0.0383
2026-03-09T09:00:00Z,object-storage,Storage-API-Operations,us-east-1,0.0369,10k-requests,0.0002
2026-03-09T10:00:00Z,api-gateway,API-Requests,us-east-1,0.1056,10k-requests,0.0037
2026-03-09T10:00:00Z,api-gateway,Gateway-DataTransfer,us-east-1,0.2157,GB,0.0194
2026-03-09T10:00:00Z,order-api,Compute-Fargate,us-east-1,4.0,vCPU-hours,0.1619
2026-03-09T10:00:00Z,payment-service,Compute-Container,us-east-1,2.0,vCPU-hours,0.081
2026-03-09T10:00:00Z,recommendation-service,Compute-GPU-Instance,us-east-1,1.0,instance-hours,1.2
2026-03-09T10:00:00Z,postgres-db,Database-Instance,us-east-1,1.0,db.m5.xlarge-hours,0.34
2026-03-09T10:00:00Z,postgres-db,Provisioned-IOPS,us-east-1,3000.0,IOPS-hours,0.3
2026-03-09T10:00:00Z,redis-cache,Cache-Cluster,us-east-1,2.0,cache.m5.large-hours,0.26
2026-03-09T10:00:00Z,notification-service,Compute-Task,us-east-1,1.0,vCPU-hours,0.0405
2026-03-09T10:00:00Z,notification-service,Egress-DataTransfer,us-east-1,0.0201,GB-out,0.0018
2026-03-09T10:00:00Z,object-storage,Standard-Storage,us-east-1,1198.64,GB-month-fraction,0.0378
2026-03-09T10:00:00Z,object-storage,Storage-API-Operations,us-east-1,0.0381,10k-requests,0.0002
2026-03-09T11:00:00Z,api-gateway,API-Requests,us-east-1,0.1148,10k-requests,0.004
2026-03-09T11:00:00Z,api-gateway,Gateway-DataTransfer,us-east-1,0.2319,GB,0.0209
2026-03-09T11:00:00Z,order-api,Compute-Fargate,us-east-1,4.0,vCPU-hours,0.1619
2026-03-09T11:00:00Z,payment-service,Compute-Container,us-east-1,2.0,vCPU-hours,0.081
2026-03-09T11:00:00Z,recommendation-service,Compute-GPU-Instance,us-east-1,1.0,instance-hours,1.2
2026-03-09T11:00:00Z,postgres-db,Database-Instance,us-east-1,1.0,db.m5.xlarge-hours,0.34
2026-03-09T11:00:00Z,postgres-db,Provisioned-IOPS,us-east-1,3000.0,IOPS-hours,0.3
2026-03-09T11:00:00Z,redis-cache,Cache-Cluster,us-east-1,2.0,cache.m5.large-hours,0.26
2026-03-09T11:00:00Z,notification-service,Compute-Task,us-east-1,1.0,vCPU-hours,0.0405
2026-03-09T11:00:00Z,notification-service,Egress-DataTransfer,us-east-1,0.0213,GB-out,0.0019
2026-03-09T11:00:00Z,object-storage,Standard-Storage,us-east-1,1187.99,GB-month-fraction,0.0374
2026-03-09T11:00:00Z,object-storage,Storage-API-Operations,us-east-1,0.0414,10k-requests,0.0002
2026-03-09T12:00:00Z,api-gateway,API-Requests,us-east-1,0.1172,10k-requests,0.0041
2026-03-09T12:00:00Z,api-gateway,Gateway-DataTransfer,us-east-1,0.2303,GB,0.0207
2026-03-09T12:00:00Z,order-api,Compute-Fargate,us-east-1,4.0,vCPU-hours,0.1619
2026-03-09T12:00:00Z,payment-service,Compute-Container,us-east-1,2.0,vCPU-hours,0.081
2026-03-09T12:00:00Z,recommendation-service,Compute-GPU-Instance,us-east-1,1.0,instance-hours,1.2
2026-03-09T12:00:00Z,postgres-db,Database-Instance,us-east-1,1.0,db.m5.xlarge-hours,0.34
2026-03-09T12:00:00Z,postgres-db,Provisioned-IOPS,us-east-1,3000.0,IOPS-hours,0.3
2026-03-09T12:00:00Z,redis-cache,Cache-Cluster,us-east-1,2.0,cache.m5.large-hours,0.26
2026-03-09T12:00:00Z,notification-service,Compute-Task,us-east-1,1.0,vCPU-hours,0.0405
2026-03-09T12:00:00Z,notification-service,Egress-DataTransfer,us-east-1,0.0226,GB-out,0.002
2026-03-09T12:00:00Z,object-storage,Standard-Storage,us-east-1,1199.83,GB-month-fraction,0.0378
2026-03-09T12:00:00Z,object-storage,Storage-API-Operations,us-east-1,0.0457,10k-requests,0.0002
2026-03-09T13:00:00Z,api-gateway,API-Requests,us-east-1,0.1227,10k-requests,0.0043
2026-03-09T13:00:00Z,api-gateway,Gateway-DataTransfer,us-east-1,0.2455,GB,0.0221
2026-03-09T13:00:00Z,order-api,Compute-Fargate,us-east-1,12.33,vCPU-hours,0.4991
2026-03-09T13:00:00Z,payment-service,Compute-Container,us-east-1,2.0,vCPU-hours,0.081
2026-03-09T13:00:00Z,recommendation-service,Compute-GPU-Instance,us-east-1,1.0,instance-hours,1.2
2026-03-09T13:00:00Z,postgres-db,Database-Instance,us-east-1,1.0,db.m5.xlarge-hours,0.34
2026-03-09T13:00:00Z,postgres-db,Provisioned-IOPS,us-east-1,3000.0,IOPS-hours,0.3
2026-03-09T13:00:00Z,redis-cache,Cache-Cluster,us-east-1,2.0,cache.m5.large-hours,0.26
2026-03-09T13:00:00Z,notification-service,Compute-Task,us-east-1,1.0,vCPU-hours,0.0405
2026-03-09T13:00:00Z,notification-service,Egress-DataTransfer,us-east-1,0.022,GB-out,0.002
2026-03-09T13:00:00Z,object-storage,Standard-Storage,us-east-1,1207.36,GB-month-fraction,0.038
2026-03-09T13:00:00Z,object-storage,Storage-API-Operations,us-east-1,0.0466,10k-requests,0.0002
2026-03-09T14:00:00Z,api-gateway,API-Requests,us-east-1,0.1242,10k-requests,0.0043
2026-03-09T14:00:00Z,api-gateway,Gateway-DataTransfer,us-east-1,0.2492,GB,0.0224
2026-03-09T14:00:00Z,order-api,Compute-Fargate,us-east-1,14.0,vCPU-hours,0.5667
2026-03-09T14:00:00Z,payment-service,Compute-Container,us-east-1,2.0,vCPU-hours,0.081
2026-03-09T14:00:00Z,recommendation-service,Compute-GPU-Instance,us-east-1,1.0,instance-hours,1.2
2026-03-09T14:00:00Z,postgres-db,Database-Instance,us-east-1,1.0,db.m5.xlarge-hours,0.34
2026-03-09T14:00:00Z,postgres-db,Provisioned-IOPS,us-east-1,3000.0,IOPS-hours,0.3
2026-03-09T14:00:00Z,redis-cache,Cache-Cluster,us-east-1,2.0,cache.m5.large-hours,0.26
2026-03-09T14:00:00Z,notification-service,Compute-Task,us-east-1,1.0,vCPU-hours,0.0405
2026-03-09T14:00:00Z,notification-service,Egress-DataTransfer,us-east-1,0.0233,GB-out,0.0021
2026-03-09T14:00:00Z,object-storage,Standard-Storage,us-east-1,1198.96,GB-month-fraction,0.0378
2026-03-09T14:00:00Z,object-storage,Storage-API-Operations,us-east-1,0.0478,10k-requests,0.0002
2026-03-09T15:00:00Z,api-gateway,API-Requests,us-east-1,0.1229,10k-requests,0.0043
2026-03-09T15:00:00Z,api-gateway,Gateway-DataTransfer,us-east-1,0.2456,GB,0.0221
2026-03-09T15:00:00Z,order-api,Compute-Fargate,us-east-1,15.67,vCPU-hours,0.6343
2026-03-09T15:00:00Z,payment-service,Compute-Container,us-east-1,2.0,vCPU-hours,0.081
2026-03-09T15:00:00Z,recommendation-service,Compute-GPU-Instance,us-east-1,1.0,instance-hours,1.2
2026-03-09T15:00:00Z,postgres-db,Database-Instance,us-east-1,1.0,db.m5.xlarge-hours,0.34
2026-03-09T15:00:00Z,postgres-db,Provisioned-IOPS,us-east-1,3000.0,IOPS-hours,0.3
2026-03-09T15:00:00Z,redis-cache,Cache-Cluster,us-east-1,2.0,cache.m5.large-hours,0.26
2026-03-09T15:00:00Z,notification-service,Compute-Task,us-east-1,1.0,vCPU-hours,0.0405
2026-03-09T15:00:00Z,notification-service,Egress-DataTransfer,us-east-1,0.0224,GB-out,0.002
2026-03-09T15:00:00Z,object-storage,Standard-Storage,us-east-1,1203.37,GB-month-fraction,0.0379
2026-03-09T15:00:00Z,object-storage,Storage-API-Operations,us-east-1,0.0458,10k-requests,0.0002
2026-03-09T16:00:00Z,api-gateway,API-Requests,us-east-1,0.1194,10k-requests,0.0042
2026-03-09T16:00:00Z,api-gateway,Gateway-DataTransfer,us-east-1,0.2414,GB,0.0217
2026-03-09T16:00:00Z,order-api,Compute-Fargate,us-east-1,17.33,vCPU-hours,0.7015
2026-03-09T16:00:00Z,payment-service,Compute-Container,us-east-1,2.0,vCPU-hours,0.081
2026-03-09T16:00:00Z,recommendation-service,Compute-GPU-Instance,us-east-1,1.0,instance-hours,1.2
2026-03-09T16:00:00Z,postgres-db,Database-Instance,us-east-1,1.0,db.m5.xlarge-hours,0.34
2026-03-09T16:00:00Z,postgres-db,Provisioned-IOPS,us-east-1,3000.0,IOPS-hours,0.3
2026-03-09T16:00:00Z,redis-cache,Cache-Cluster,us-east-1,2.0,cache.m5.large-hours,0.26
2026-03-09T16:00:00Z,notification-service,Compute-Task,us-east-1,1.0,vCPU-hours,0.0405
2026-03-09T16:00:00Z,notification-service,Egress-DataTransfer,us-east-1,0.0219,GB-out,0.002
2026-03-09T16:00:00Z,object-storage,Standard-Storage,us-east-1,1206.93,GB-month-fraction,0.038
2026-03-09T16:00:00Z,object-storage,Storage-API-Operations,us-east-1,0.0457,10k-requests,0.0002
2026-03-09T17:00:00Z,api-gateway,API-Requests,us-east-1,0.115,10k-requests,0.004
2026-03-09T17:00:00Z,api-gateway,Gateway-DataTransfer,us-east-1,0.2303,GB,0.0207
2026-03-09T17:00:00Z,order-api,Compute-Fargate,us-east-1,19.0,vCPU-hours,0.7691
2026-03-09T17:00:00Z,payment-service,Compute-Container,us-east-1,2.0,vCPU-hours,0.081
2026-03-09T17:00:00Z,recommendation-service,Compute-GPU-Instance,us-east-1,1.0,instance-hours,1.2
2026-03-09T17:00:00Z,postgres-db,Database-Instance,us-east-1,1.0,db.m5.xlarge-hours,0.34
2026-03-09T17:00:00Z,postgres-db,Provisioned-IOPS,us-east-1,3000.0,IOPS-hours,0.3
2026-03-09T17:00:00Z,redis-cache,Cache-Cluster,us-east-1,2.0,cache.m5.large-hours,0.26
2026-03-09T17:00:00Z,notification-service,Compute-Task,us-east-1,1.0,vCPU-hours,0.0405
2026-03-09T17:00:00Z,notification-service,Egress-DataTransfer,us-east-1,0.0208,GB-out,0.0019
2026-03-09T17:00:00Z,object-storage,Standard-Storage,us-east-1,1192.97,GB-month-fraction,0.0376
2026-03-09T17:00:00Z,object-storage,Storage-API-Operations,us-east-1,0.0415,10k-requests,0.0002
2026-03-09T18:00:00Z,api-gateway,API-Requests,us-east-1,0.1057,10k-requests,0.0037
2026-03-09T18:00:00Z,api-gateway,Gateway-DataTransfer,us-east-1,0.2096,GB,0.0189
2026-03-09T18:00:00Z,order-api,Compute-Fargate,us-east-1,20.67,vCPU-hours,0.8367
2026-03-09T18:00:00Z,payment-service,Compute-Container,us-east-1,2.0,vCPU-hours,0.081
2026-03-09T18:00:00Z,recommendation-service,Compute-GPU-Instance,us-east-1,1.0,instance-hours,1.2
2026-03-09T18:00:00Z,postgres-db,Database-Instance,us-east-1,1.0,db.m5.xlarge-hours,0.34
2026-03-09T18:00:00Z,postgres-db,Provisioned-IOPS,us-east-1,3000.0,IOPS-hours,0.3
2026-03-09T18:00:00Z,redis-cache,Cache-Cluster,us-east-1,2.0,cache.m5.large-hours,0.26
2026-03-09T18:00:00Z,notification-service,Compute-Task,us-east-1,1.0,vCPU-hours,0.0405
2026-03-09T18:00:00Z,notification-service,Egress-DataTransfer,us-east-1,0.0191,GB-out,0.0017
2026-03-09T18:00:00Z,object-storage,Standard-Storage,us-east-1,1194.45,GB-month-fraction,0.0376
2026-03-09T18:00:00Z,object-storage,Storage-API-Operations,us-east-1,0.04,10k-requests,0.0002
2026-03-09T19:00:00Z,api-gateway,API-Requests,us-east-1,0.1021,10k-requests,0.0036
2026-03-09T19:00:00Z,api-gateway,Gateway-DataTransfer,us-east-1,0.2054,GB,0.0185
2026-03-09T19:00:00Z,order-api,Compute-Fargate,us-east-1,22.33,vCPU-hours,0.9039
2026-03-09T19:00:00Z,payment-service,Compute-Container,us-east-1,2.0,vCPU-hours,0.081
2026-03-09T19:00:00Z,recommendation-service,Compute-GPU-Instance,us-east-1,1.0,instance-hours,1.2
2026-03-09T19:00:00Z,postgres-db,Database-Instance,us-east-1,1.0,db.m5.xlarge-hours,0.34
2026-03-09T19:00:00Z,postgres-db,Provisioned-IOPS,us-east-1,3000.0,IOPS-hours,0.3
2026-03-09T19:00:00Z,redis-cache,Cache-Cluster,us-east-1,2.0,cache.m5.large-hours,0.26
2026-03-09T19:00:00Z,notification-service,Compute-Task,us-east-1,1.0,vCPU-hours,0.0405
2026-03-09T19:00:00Z,notification-service,Egress-DataTransfer,us-east-1,0.0189,GB-out,0.0017
2026-03-09T19:00:00Z,object-storage,Standard-Storage,us-east-1,1204.78,GB-month-fraction,0.038
2026-03-09T19:00:00Z,object-storage,Storage-API-Operations,us-east-1,0.0375,10k-requests,0.0002
2026-03-09T20:00:00Z,api-gateway,API-Requests,us-east-1,0.0906,10k-requests,0.0032
2026-03-09T20:00:00Z,api-gateway,Gateway-DataTransfer,us-east-1,0.1795,GB,0.0162
2026-03-09T20:00:00Z,order-api,Compute-Fargate,us-east-1,24.0,vCPU-hours,0.9715
2026-03-09T20:00:00Z,payment-service,Compute-Container,us-east-1,2.0,vCPU-hours,0.081
2026-03-09T20:00:00Z,recommendation-service,Compute-GPU-Instance,us-east-1,1.0,instance-hours,1.2
2026-03-09T20:00:00Z,postgres-db,Database-Instance,us-east-1,1.0,db.m5.xlarge-hours,0.34
2026-03-09T20:00:00Z,postgres-db,Provisioned-IOPS,us-east-1,3000.0,IOPS-hours,0.3
2026-03-09T20:00:00Z,redis-cache,Cache-Cluster,us-east-1,2.0,cache.m5.large-hours,0.26
2026-03-09T20:00:00Z,notification-service,Compute-Task,us-east-1,1.0,vCPU-hours,0.0405
2026-03-09T20:00:00Z,notification-service,Egress-DataTransfer,us-east-1,0.0171,GB-out,0.0015
2026-03-09T20:00:00Z,object-storage,Standard-Storage,us-east-1,1186.6,GB-month-fraction,0.0374
2026-03-09T20:00:00Z,object-storage,Storage-API-Operations,us-east-1,0.0335,10k-requests,0.0002
2026-03-09T21:00:00Z,api-gateway,API-Requests,us-east-1,0.0834,10k-requests,0.0029
2026-03-09T21:00:00Z,api-gateway,Gateway-DataTransfer,us-east-1,0.1655,GB,0.0149
2026-03-09T21:00:00Z,order-api,Compute-Fargate,us-east-1,4.0,vCPU-hours,0.1619
2026-03-09T21:00:00Z,payment-service,Compute-Container,us-east-1,2.0,vCPU-hours,0.081
2026-03-09T21:00:00Z,recommendation-service,Compute-GPU-Instance,us-east-1,1.0,instance-hours,1.2
2026-03-09T21:00:00Z,postgres-db,Database-Instance,us-east-1,1.0,db.m5.xlarge-hours,0.34
2026-03-09T21:00:00Z,postgres-db,Provisioned-IOPS,us-east-1,3000.0,IOPS-hours,0.3
2026-03-09T21:00:00Z,redis-cache,Cache-Cluster,us-east-1,2.0,cache.m5.large-hours,0.26
2026-03-09T21:00:00Z,notification-service,Compute-Task,us-east-1,1.0,vCPU-hours,0.0405
2026-03-09T21:00:00Z,notification-service,Egress-DataTransfer,us-east-1,0.0158,GB-out,0.0014
2026-03-09T21:00:00Z,object-storage,Standard-Storage,us-east-1,1206.38,GB-month-fraction,0.038
2026-03-09T21:00:00Z,object-storage,Storage-API-Operations,us-east-1,0.0295,10k-requests,0.0001
2026-03-09T22:00:00Z,api-gateway,API-Requests,us-east-1,0.073,10k-requests,0.0026
2026-03-09T22:00:00Z,api-gateway,Gateway-DataTransfer,us-east-1,0.1472,GB,0.0132
2026-03-09T22:00:00Z,order-api,Compute-Fargate,us-east-1,4.0,vCPU-hours,0.1619
2026-03-09T22:00:00Z,payment-service,Compute-Container,us-east-1,2.0,vCPU-hours,0.081
2026-03-09T22:00:00Z,recommendation-service,Compute-GPU-Instance,us-east-1,1.0,instance-hours,1.2
2026-03-09T22:00:00Z,postgres-db,Database-Instance,us-east-1,1.0,db.m5.xlarge-hours,0.34
2026-03-09T22:00:00Z,postgres-db,Provisioned-IOPS,us-east-1,3000.0,IOPS-hours,0.3
2026-03-09T22:00:00Z,redis-cache,Cache-Cluster,us-east-1,2.0,cache.m5.large-hours,0.26
2026-03-09T22:00:00Z,notification-service,Compute-Task,us-east-1,1.0,vCPU-hours,0.0405
2026-03-09T22:00:00Z,notification-service,Egress-DataTransfer,us-east-1,0.0128,GB-out,0.0011
2026-03-09T22:00:00Z,object-storage,Standard-Storage,us-east-1,1210.57,GB-month-fraction,0.0381
2026-03-09T22:00:00Z,object-storage,Storage-API-Operations,us-east-1,0.0292,10k-requests,0.0001
2026-03-09T23:00:00Z,api-gateway,API-Requests,us-east-1,0.0641,10k-requests,0.0022
2026-03-09T23:00:00Z,api-gateway,Gateway-DataTransfer,us-east-1,0.1284,GB,0.0116
2026-03-09T23:00:00Z,order-api,Compute-Fargate,us-east-1,4.0,vCPU-hours,0.1619
2026-03-09T23:00:00Z,payment-service,Compute-Container,us-east-1,2.0,vCPU-hours,0.081
2026-03-09T23:00:00Z,recommendation-service,Compute-GPU-Instance,us-east-1,1.0,instance-hours,1.2
2026-03-09T23:00:00Z,postgres-db,Database-Instance,us-east-1,1.0,db.m5.xlarge-hours,0.34
2026-03-09T23:00:00Z,postgres-db,Provisioned-IOPS,us-east-1,3000.0,IOPS-hours,0.3
2026-03-09T23:00:00Z,redis-cache,Cache-Cluster,us-east-1,2.0,cache.m5.large-hours,0.26
2026-03-09T23:00:00Z,notification-service,Compute-Task,us-east-1,1.0,vCPU-hours,0.0405
2026-03-09T23:00:00Z,notification-service,Egress-DataTransfer,us-east-1,0.0121,GB-out,0.0011
2026-03-09T23:00:00Z,object-storage,Standard-Storage,us-east-1,1197.74,GB-month-fraction,0.0377
2026-03-09T23:00:00Z,object-storage,Storage-API-Operations,us-east-1,0.0243,10k-requests,0.0001
2026-03-10T00:00:00Z,api-gateway,API-Requests,us-east-1,0.0609,10k-requests,0.0021
2026-03-10T00:00:00Z,api-gateway,Gateway-DataTransfer,us-east-1,0.1182,GB,0.0106
2026-03-10T00:00:00Z,order-api,Compute-Fargate,us-east-1,4.0,vCPU-hours,0.1619
2026-03-10T00:00:00Z,payment-service,Compute-Container,us-east-1,2.0,vCPU-hours,0.081
2026-03-10T00:00:00Z,recommendation-service,Compute-GPU-Instance,us-east-1,1.0,instance-hours,1.2
2026-03-10T00:00:00Z,postgres-db,Database-Instance,us-east-1,1.0,db.m5.xlarge-hours,0.34
2026-03-10T00:00:00Z,postgres-db,Provisioned-IOPS,us-east-1,3000.0,IOPS-hours,0.3
2026-03-10T00:00:00Z,redis-cache,Cache-Cluster,us-east-1,2.0,cache.m5.large-hours,0.26
2026-03-10T00:00:00Z,notification-service,Compute-Task,us-east-1,1.0,vCPU-hours,0.0405
2026-03-10T00:00:00Z,notification-service,Egress-DataTransfer,us-east-1,0.0116,GB-out,0.001
2026-03-10T00:00:00Z,object-storage,Standard-Storage,us-east-1,1195.44,GB-month-fraction,0.0377
2026-03-10T00:00:00Z,object-storage,Storage-API-Operations,us-east-1,0.0216,10k-requests,0.0001
2026-03-10T01:00:00Z,api-gateway,API-Requests,us-east-1,0.0557,10k-requests,0.0019
2026-03-10T01:00:00Z,api-gateway,Gateway-DataTransfer,us-east-1,0.1114,GB,0.01
2026-03-10T01:00:00Z,order-api,Compute-Fargate,us-east-1,4.0,vCPU-hours,0.1619
2026-03-10T01:00:00Z,payment-service,Compute-Container,us-east-1,2.0,vCPU-hours,0.081
2026-03-10T01:00:00Z,recommendation-service,Compute-GPU-Instance,us-east-1,1.0,instance-hours,1.2
2026-03-10T01:00:00Z,postgres-db,Database-Instance,us-east-1,1.0,db.m5.xlarge-hours,0.34
2026-03-10T01:00:00Z,postgres-db,Provisioned-IOPS,us-east-1,3000.0,IOPS-hours,0.3
2026-03-10T01:00:00Z,redis-cache,Cache-Cluster,us-east-1,2.0,cache.m5.large-hours,0.26
2026-03-10T01:00:00Z,notification-service,Compute-Task,us-east-1,1.0,vCPU-hours,0.0405
2026-03-10T01:00:00Z,notification-service,Egress-DataTransfer,us-east-1,0.0105,GB-out,0.0009
2026-03-10T01:00:00Z,object-storage,Standard-Storage,us-east-1,1205.06,GB-month-fraction,0.038
2026-03-10T01:00:00Z,object-storage,Storage-API-Operations,us-east-1,0.0227,10k-requests,0.0001
2026-03-10T02:00:00Z,api-gateway,API-Requests,us-east-1,0.0535,10k-requests,0.0019
2026-03-10T02:00:00Z,api-gateway,Gateway-DataTransfer,us-east-1,0.1034,GB,0.0093
2026-03-10T02:00:00Z,order-api,Compute-Fargate,us-east-1,4.0,vCPU-hours,0.1619
2026-03-10T02:00:00Z,payment-service,Compute-Container,us-east-1,2.0,vCPU-hours,0.081
2026-03-10T02:00:00Z,recommendation-service,Compute-GPU-Instance,us-east-1,1.0,instance-hours,1.2
2026-03-10T02:00:00Z,postgres-db,Database-Instance,us-east-1,1.0,db.m5.xlarge-hours,0.34
2026-03-10T02:00:00Z,postgres-db,Provisioned-IOPS,us-east-1,3000.0,IOPS-hours,0.3
2026-03-10T02:00:00Z,redis-cache,Cache-Cluster,us-east-1,2.0,cache.m5.large-hours,0.26
2026-03-10T02:00:00Z,notification-service,Compute-Task,us-east-1,1.0,vCPU-hours,0.0405
2026-03-10T02:00:00Z,notification-service,Egress-DataTransfer,us-east-1,0.0091,GB-out,0.0008
2026-03-10T02:00:00Z,object-storage,Standard-Storage,us-east-1,1186.7,GB-month-fraction,0.0374
2026-03-10T02:00:00Z,object-storage,Storage-API-Operations,us-east-1,0.0214,10k-requests,0.0001
2026-03-10T03:00:00Z,api-gateway,API-Requests,us-east-1,0.0553,10k-requests,0.0019
2026-03-10T03:00:00Z,api-gateway,Gateway-DataTransfer,us-east-1,0.1129,GB,0.0102
2026-03-10T03:00:00Z,order-api,Compute-Fargate,us-east-1,4.0,vCPU-hours,0.1619
2026-03-10T03:00:00Z,payment-service,Compute-Container,us-east-1,2.0,vCPU-hours,0.081
2026-03-10T03:00:00Z,recommendation-service,Compute-GPU-Instance,us-east-1,1.0,instance-hours,1.2
2026-03-10T03:00:00Z,postgres-db,Database-Instance,us-east-1,1.0,db.m5.xlarge-hours,0.34
2026-03-10T03:00:00Z,postgres-db,Provisioned-IOPS,us-east-1,3000.0,IOPS-hours,0.3
2026-03-10T03:00:00Z,redis-cache,Cache-Cluster,us-east-1,2.0,cache.m5.large-hours,0.26
2026-03-10T03:00:00Z,notification-service,Compute-Task,us-east-1,1.0,vCPU-hours,0.0405
2026-03-10T03:00:00Z,notification-service,Egress-DataTransfer,us-east-1,0.01,GB-out,0.0009
2026-03-10T03:00:00Z,object-storage,Standard-Storage,us-east-1,1210.81,GB-month-fraction,0.0381
2026-03-10T03:00:00Z,object-storage,Storage-API-Operations,us-east-1,0.0192,10k-requests,0.0001
2026-03-10T04:00:00Z,api-gateway,API-Requests,us-east-1,0.0581,10k-requests,0.002
2026-03-10T04:00:00Z,api-gateway,Gateway-DataTransfer,us-east-1,0.1164,GB,0.0105
2026-03-10T04:00:00Z,order-api,Compute-Fargate,us-east-1,4.0,vCPU-hours,0.1619
2026-03-10T04:00:00Z,payment-service,Compute-Container,us-east-1,2.0,vCPU-hours,0.081
2026-03-10T04:00:00Z,recommendation-service,Compute-GPU-Instance,us-east-1,1.0,instance-hours,1.2
2026-03-10T04:00:00Z,postgres-db,Database-Instance,us-east-1,1.0,db.m5.xlarge-hours,0.34
2026-03-10T04:00:00Z,postgres-db,Provisioned-IOPS,us-east-1,3000.0,IOPS-hours,0.3
2026-03-10T04:00:00Z,redis-cache,Cache-Cluster,us-east-1,2.0,cache.m5.large-hours,0.26
2026-03-10T04:00:00Z,notification-service,Compute-Task,us-east-1,1.0,vCPU-hours,0.0405
2026-03-10T04:00:00Z,notification-service,Egress-DataTransfer,us-east-1,0.0105,GB-out,0.0009
2026-03-10T04:00:00Z,object-storage,Standard-Storage,us-east-1,1354.54,GB-month-fraction,0.0427
2026-03-10T04:00:00Z,object-storage,Storage-API-Operations,us-east-1,0.2275,10k-requests,0.0011
2026-03-10T05:00:00Z,api-gateway,API-Requests,us-east-1,0.0635,10k-requests,0.0022
2026-03-10T05:00:00Z,api-gateway,Gateway-DataTransfer,us-east-1,0.1312,GB,0.0118
2026-03-10T05:00:00Z,order-api,Compute-Fargate,us-east-1,4.0,vCPU-hours,0.1619
2026-03-10T05:00:00Z,payment-service,Compute-Container,us-east-1,2.0,vCPU-hours,0.081
2026-03-10T05:00:00Z,recommendation-service,Compute-GPU-Instance,us-east-1,1.0,instance-hours,1.2
2026-03-10T05:00:00Z,postgres-db,Database-Instance,us-east-1,1.0,db.m5.xlarge-hours,0.34
2026-03-10T05:00:00Z,postgres-db,Provisioned-IOPS,us-east-1,3000.0,IOPS-hours,0.3
2026-03-10T05:00:00Z,redis-cache,Cache-Cluster,us-east-1,2.0,cache.m5.large-hours,0.26
2026-03-10T05:00:00Z,notification-service,Compute-Task,us-east-1,1.0,vCPU-hours,0.0405
2026-03-10T05:00:00Z,notification-service,Egress-DataTransfer,us-east-1,0.0114,GB-out,0.001
2026-03-10T05:00:00Z,object-storage,Standard-Storage,us-east-1,1492.66,GB-month-fraction,0.047
2026-03-10T05:00:00Z,object-storage,Storage-API-Operations,us-east-1,0.2517,10k-requests,0.0013
2026-03-10T06:00:00Z,api-gateway,API-Requests,us-east-1,0.0698,10k-requests,0.0024
2026-03-10T06:00:00Z,api-gateway,Gateway-DataTransfer,us-east-1,0.1393,GB,0.0125
2026-03-10T06:00:00Z,order-api,Compute-Fargate,us-east-1,4.0,vCPU-hours,0.1619
2026-03-10T06:00:00Z,payment-service,Compute-Container,us-east-1,2.0,vCPU-hours,0.081
2026-03-10T06:00:00Z,recommendation-service,Compute-GPU-Instance,us-east-1,1.0,instance-hours,1.2
2026-03-10T06:00:00Z,postgres-db,Database-Instance,us-east-1,1.0,db.m5.xlarge-hours,0.34
2026-03-10T06:00:00Z,postgres-db,Provisioned-IOPS,us-east-1,3000.0,IOPS-hours,0.3
2026-03-10T06:00:00Z,redis-cache,Cache-Cluster,us-east-1,2.0,cache.m5.large-hours,0.26
2026-03-10T06:00:00Z,notification-service,Compute-Task,us-east-1,1.0,vCPU-hours,0.0405
2026-03-10T06:00:00Z,notification-service,Egress-DataTransfer,us-east-1,0.0136,GB-out,0.0012
2026-03-10T06:00:00Z,object-storage,Standard-Storage,us-east-1,1631.19,GB-month-fraction,0.0514
2026-03-10T06:00:00Z,object-storage,Storage-API-Operations,us-east-1,0.2342,10k-requests,0.0012
2026-03-10T07:00:00Z,api-gateway,API-Requests,us-east-1,0.0789,10k-requests,0.0028
2026-03-10T07:00:00Z,api-gateway,Gateway-DataTransfer,us-east-1,0.1573,GB,0.0142
2026-03-10T07:00:00Z,order-api,Compute-Fargate,us-east-1,4.0,vCPU-hours,0.1619
2026-03-10T07:00:00Z,payment-service,Compute-Container,us-east-1,2.0,vCPU-hours,0.081
2026-03-10T07:00:00Z,recommendation-service,Compute-GPU-Instance,us-east-1,1.0,instance-hours,1.2
2026-03-10T07:00:00Z,postgres-db,Database-Instance,us-east-1,1.0,db.m5.xlarge-hours,0.34
2026-03-10T07:00:00Z,postgres-db,Provisioned-IOPS,us-east-1,3000.0,IOPS-hours,0.3
2026-03-10T07:00:00Z,redis-cache,Cache-Cluster,us-east-1,2.0,cache.m5.large-hours,0.26
2026-03-10T07:00:00Z,notification-service,Compute-Task,us-east-1,1.0,vCPU-hours,0.0405
2026-03-10T07:00:00Z,notification-service,Egress-DataTransfer,us-east-1,0.0151,GB-out,0.0014
2026-03-10T07:00:00Z,object-storage,Standard-Storage,us-east-1,1766.07,GB-month-fraction,0.0556
2026-03-10T07:00:00Z,object-storage,Storage-API-Operations,us-east-1,0.2129,10k-requests,0.0011
2026-03-10T08:00:00Z,api-gateway,API-Requests,us-east-1,0.0901,10k-requests,0.0032
2026-03-10T08:00:00Z,api-gateway,Gateway-DataTransfer,us-east-1,0.1809,GB,0.0163
2026-03-10T08:00:00Z,order-api,Compute-Fargate,us-east-1,4.0,vCPU-hours,0.1619
2026-03-10T08:00:00Z,payment-service,Compute-Container,us-east-1,2.0,vCPU-hours,0.081
2026-03-10T08:00:00Z,recommendation-service,Compute-GPU-Instance,us-east-1,1.0,instance-hours,1.2
2026-03-10T08:00:00Z,postgres-db,Database-Instance,us-east-1,1.0,db.m5.xlarge-hours,0.34
2026-03-10T08:00:00Z,postgres-db,Provisioned-IOPS,us-east-1,3000.0,IOPS-hours,0.3
2026-03-10T08:00:00Z,redis-cache,Cache-Cluster,us-east-1,2.0,cache.m5.large-hours,0.26
2026-03-10T08:00:00Z,notification-service,Compute-Task,us-east-1,1.0,vCPU-hours,0.0405
2026-03-10T08:00:00Z,notification-service,Egress-DataTransfer,us-east-1,0.0163,GB-out,0.0015
2026-03-10T08:00:00Z,object-storage,Standard-Storage,us-east-1,1902.69,GB-month-fraction,0.0599
2026-03-10T08:00:00Z,object-storage,Storage-API-Operations,us-east-1,0.2481,10k-requests,0.0012
2026-03-10T09:00:00Z,api-gateway,API-Requests,us-east-1,0.1012,10k-requests,0.0035
2026-03-10T09:00:00Z,api-gateway,Gateway-DataTransfer,us-east-1,0.2033,GB,0.0183
2026-03-10T09:00:00Z,order-api,Compute-Fargate,us-east-1,4.0,vCPU-hours,0.1619
2026-03-10T09:00:00Z,payment-service,Compute-Container,us-east-1,2.0,vCPU-hours,0.081
2026-03-10T09:00:00Z,recommendation-service,Compute-GPU-Instance,us-east-1,1.0,instance-hours,1.2
2026-03-10T09:00:00Z,postgres-db,Database-Instance,us-east-1,1.0,db.m5.xlarge-hours,0.34
2026-03-10T09:00:00Z,postgres-db,Provisioned-IOPS,us-east-1,3000.0,IOPS-hours,0.3
2026-03-10T09:00:00Z,redis-cache,Cache-Cluster,us-east-1,2.0,cache.m5.large-hours,0.26
2026-03-10T09:00:00Z,notification-service,Compute-Task,us-east-1,1.0,vCPU-hours,0.0405
2026-03-10T09:00:00Z,notification-service,Egress-DataTransfer,us-east-1,0.0197,GB-out,0.0018
2026-03-10T09:00:00Z,object-storage,Standard-Storage,us-east-1,2034.58,GB-month-fraction,0.0641
2026-03-10T09:00:00Z,object-storage,Storage-API-Operations,us-east-1,0.2352,10k-requests,0.0012
2026-03-10T10:00:00Z,api-gateway,API-Requests,us-east-1,0.1085,10k-requests,0.0038
2026-03-10T10:00:00Z,api-gateway,Gateway-DataTransfer,us-east-1,0.2146,GB,0.0193
2026-03-10T10:00:00Z,order-api,Compute-Fargate,us-east-1,4.0,vCPU-hours,0.1619
2026-03-10T10:00:00Z,payment-service,Compute-Container,us-east-1,2.0,vCPU-hours,0.081
2026-03-10T10:00:00Z,recommendation-service,Compute-GPU-Instance,us-east-1,1.0,instance-hours,1.2
2026-03-10T10:00:00Z,postgres-db,Database-Instance,us-east-1,1.0,db.m5.xlarge-hours,0.34
2026-03-10T10:00:00Z,postgres-db,Provisioned-IOPS,us-east-1,3000.0,IOPS-hours,0.3
2026-03-10T10:00:00Z,redis-cache,Cache-Cluster,us-east-1,2.0,cache.m5.large-hours,0.26
2026-03-10T10:00:00Z,notification-service,Compute-Task,us-east-1,1.0,vCPU-hours,0.0405
2026-03-10T10:00:00Z,notification-service,Egress-DataTransfer,us-east-1,0.0203,GB-out,0.0018
2026-03-10T10:00:00Z,object-storage,Standard-Storage,us-east-1,2178.04,GB-month-fraction,0.0686
2026-03-10T10:00:00Z,object-storage,Storage-API-Operations,us-east-1,0.2686,10k-requests,0.0013
2026-03-10T11:00:00Z,api-gateway,API-Requests,us-east-1,0.1118,10k-requests,0.0039
2026-03-10T11:00:00Z,api-gateway,Gateway-DataTransfer,us-east-1,0.2281,GB,0.0205
2026-03-10T11:00:00Z,order-api,Compute-Fargate,us-east-1,4.0,vCPU-hours,0.1619
2026-03-10T11:00:00Z,payment-service,Compute-Container,us-east-1,2.0,vCPU-hours,0.081
2026-03-10T11:00:00Z,recommendation-service,Compute-GPU-Instance,us-east-1,1.0,instance-hours,1.2
2026-03-10T11:00:00Z,postgres-db,Database-Instance,us-east-1,1.0,db.m5.xlarge-hours,0.34
2026-03-10T11:00:00Z,postgres-db,Provisioned-IOPS,us-east-1,3000.0,IOPS-hours,0.3
2026-03-10T11:00:00Z,redis-cache,Cache-Cluster,us-east-1,2.0,cache.m5.large-hours,0.26
2026-03-10T11:00:00Z,notification-service,Compute-Task,us-east-1,1.0,vCPU-hours,0.0405
2026-03-10T11:00:00Z,notification-service,Egress-DataTransfer,us-east-1,0.0204,GB-out,0.0018
2026-03-10T11:00:00Z,object-storage,Standard-Storage,us-east-1,2318.64,GB-month-fraction,0.0731
2026-03-10T11:00:00Z,object-storage,Storage-API-Operations,us-east-1,0.2745,10k-requests,0.0014
2026-03-10T12:00:00Z,api-gateway,API-Requests,us-east-1,0.1163,10k-requests,0.0041
2026-03-10T12:00:00Z,api-gateway,Gateway-DataTransfer,us-east-1,0.2312,GB,0.0208
2026-03-10T12:00:00Z,order-api,Compute-Fargate,us-east-1,4.0,vCPU-hours,0.1619
2026-03-10T12:00:00Z,payment-service,Compute-Container,us-east-1,2.0,vCPU-hours,0.081
2026-03-10T12:00:00Z,recommendation-service,Compute-GPU-Instance,us-east-1,1.0,instance-hours,1.2
2026-03-10T12:00:00Z,postgres-db,Database-Instance,us-east-1,1.0,db.m5.xlarge-hours,0.34
2026-03-10T12:00:00Z,postgres-db,Provisioned-IOPS,us-east-1,3000.0,IOPS-hours,0.3
2026-03-10T12:00:00Z,redis-cache,Cache-Cluster,us-east-1,2.0,cache.m5.large-hours,0.26
2026-03-10T12:00:00Z,notification-service,Compute-Task,us-east-1,1.0,vCPU-hours,0.0405
2026-03-10T12:00:00Z,notification-service,Egress-DataTransfer,us-east-1,0.0219,GB-out,0.002
2026-03-10T12:00:00Z,object-storage,Standard-Storage,us-east-1,2449.65,GB-month-fraction,0.0772
2026-03-10T12:00:00Z,object-storage,Storage-API-Operations,us-east-1,0.2268,10k-requests,0.0011
2026-03-10T13:00:00Z,api-gateway,API-Requests,us-east-1,0.1223,10k-requests,0.0043
2026-03-10T13:00:00Z,api-gateway,Gateway-DataTransfer,us-east-1,0.2453,GB,0.0221
2026-03-10T13:00:00Z,order-api,Compute-Fargate,us-east-1,4.0,vCPU-hours,0.1619
2026-03-10T13:00:00Z,payment-service,Compute-Container,us-east-1,2.0,vCPU-hours,0.081
2026-03-10T13:00:00Z,recommendation-service,Compute-GPU-Instance,us-east-1,1.0,instance-hours,1.2
2026-03-10T13:00:00Z,postgres-db,Database-Instance,us-east-1,1.0,db.m5.xlarge-hours,0.34
2026-03-10T13:00:00Z,postgres-db,Provisioned-IOPS,us-east-1,3000.0,IOPS-hours,0.3
2026-03-10T13:00:00Z,redis-cache,Cache-Cluster,us-east-1,2.0,cache.m5.large-hours,0.26
2026-03-10T13:00:00Z,notification-service,Compute-Task,us-east-1,1.0,vCPU-hours,0.0405
2026-03-10T13:00:00Z,notification-service,Egress-DataTransfer,us-east-1,0.0226,GB-out,0.002
2026-03-10T13:00:00Z,object-storage,Standard-Storage,us-east-1,2584.41,GB-month-fraction,0.0814
2026-03-10T13:00:00Z,object-storage,Storage-API-Operations,us-east-1,0.2308,10k-requests,0.0012
2026-03-10T14:00:00Z,api-gateway,API-Requests,us-east-1,0.1258,10k-requests,0.0044
2026-03-10T14:00:00Z,api-gateway,Gateway-DataTransfer,us-east-1,0.2487,GB,0.0224
2026-03-10T14:00:00Z,order-api,Compute-Fargate,us-east-1,4.0,vCPU-hours,0.1619
2026-03-10T14:00:00Z,payment-service,Compute-Container,us-east-1,2.0,vCPU-hours,0.081
2026-03-10T14:00:00Z,recommendation-service,Compute-GPU-Instance,us-east-1,1.0,instance-hours,1.2
2026-03-10T14:00:00Z,postgres-db,Database-Instance,us-east-1,1.0,db.m5.xlarge-hours,0.34
2026-03-10T14:00:00Z,postgres-db,Provisioned-IOPS,us-east-1,3000.0,IOPS-hours,0.3
2026-03-10T14:00:00Z,redis-cache,Cache-Cluster,us-east-1,2.0,cache.m5.large-hours,0.26
2026-03-10T14:00:00Z,notification-service,Compute-Task,us-east-1,1.0,vCPU-hours,0.0405
2026-03-10T14:00:00Z,notification-service,Egress-DataTransfer,us-east-1,0.0237,GB-out,0.0021
2026-03-10T14:00:00Z,object-storage,Standard-Storage,us-east-1,2716.77,GB-month-fraction,0.0856
2026-03-10T14:00:00Z,object-storage,Storage-API-Operations,us-east-1,0.2507,10k-requests,0.0013
2026-03-10T15:00:00Z,api-gateway,API-Requests,us-east-1,0.1252,10k-requests,0.0044
2026-03-10T15:00:00Z,api-gateway,Gateway-DataTransfer,us-east-1,0.2505,GB,0.0225
2026-03-10T15:00:00Z,order-api,Compute-Fargate,us-east-1,4.0,vCPU-hours,0.1619
2026-03-10T15:00:00Z,payment-service,Compute-Container,us-east-1,2.0,vCPU-hours,0.081
2026-03-10T15:00:00Z,recommendation-service,Compute-GPU-Instance,us-east-1,1.0,instance-hours,1.2
2026-03-10T15:00:00Z,postgres-db,Database-Instance,us-east-1,1.0,db.m5.xlarge-hours,0.34
2026-03-10T15:00:00Z,postgres-db,Provisioned-IOPS,us-east-1,3000.0,IOPS-hours,0.3
2026-03-10T15:00:00Z,redis-cache,Cache-Cluster,us-east-1,2.0,cache.m5.large-hours,0.26
2026-03-10T15:00:00Z,notification-service,Compute-Task,us-east-1,1.0,vCPU-hours,0.0405
2026-03-10T15:00:00Z,notification-service,Egress-DataTransfer,us-east-1,0.0237,GB-out,0.0021
2026-03-10T15:00:00Z,object-storage,Standard-Storage,us-east-1,2848.39,GB-month-fraction,0.0897
2026-03-10T15:00:00Z,object-storage,Storage-API-Operations,us-east-1,0.2696,10k-requests,0.0013
2026-03-10T16:00:00Z,api-gateway,API-Requests,us-east-1,0.1236,10k-requests,0.0043
2026-03-10T16:00:00Z,api-gateway,Gateway-DataTransfer,us-east-1,0.2452,GB,0.0221
2026-03-10T16:00:00Z,order-api,Compute-Fargate,us-east-1,4.0,vCPU-hours,0.1619
2026-03-10T16:00:00Z,payment-service,Compute-Container,us-east-1,2.0,vCPU-hours,0.081
2026-03-10T16:00:00Z,recommendation-service,Compute-GPU-Instance,us-east-1,1.0,instance-hours,1.2
2026-03-10T16:00:00Z,postgres-db,Database-Instance,us-east-1,1.0,db.m5.xlarge-hours,0.34
2026-03-10T16:00:00Z,postgres-db,Provisioned-IOPS,us-east-1,3000.0,IOPS-hours,0.3
2026-03-10T16:00:00Z,redis-cache,Cache-Cluster,us-east-1,2.0,cache.m5.large-hours,0.26
2026-03-10T16:00:00Z,notification-service,Compute-Task,us-east-1,1.0,vCPU-hours,0.0405
2026-03-10T16:00:00Z,notification-service,Egress-DataTransfer,us-east-1,0.0229,GB-out,0.0021
2026-03-10T16:00:00Z,object-storage,Standard-Storage,us-east-1,2980.82,GB-month-fraction,0.0939
2026-03-10T16:00:00Z,object-storage,Storage-API-Operations,us-east-1,0.2676,10k-requests,0.0013
2026-03-10T17:00:00Z,api-gateway,API-Requests,us-east-1,0.1138,10k-requests,0.004
2026-03-10T17:00:00Z,api-gateway,Gateway-DataTransfer,us-east-1,0.2275,GB,0.0205
2026-03-10T17:00:00Z,order-api,Compute-Fargate,us-east-1,4.0,vCPU-hours,0.1619
2026-03-10T17:00:00Z,payment-service,Compute-Container,us-east-1,2.0,vCPU-hours,0.081
2026-03-10T17:00:00Z,recommendation-service,Compute-GPU-Instance,us-east-1,1.0,instance-hours,1.2
2026-03-10T17:00:00Z,postgres-db,Database-Instance,us-east-1,1.0,db.m5.xlarge-hours,0.34
2026-03-10T17:00:00Z,postgres-db,Provisioned-IOPS,us-east-1,3000.0,IOPS-hours,0.3
2026-03-10T17:00:00Z,redis-cache,Cache-Cluster,us-east-1,2.0,cache.m5.large-hours,0.26
2026-03-10T17:00:00Z,notification-service,Compute-Task,us-east-1,1.0,vCPU-hours,0.0405
2026-03-10T17:00:00Z,notification-service,Egress-DataTransfer,us-east-1,0.0219,GB-out,0.002
2026-03-10T17:00:00Z,object-storage,Standard-Storage,us-east-1,3111.74,GB-month-fraction,0.098
2026-03-10T17:00:00Z,object-storage,Storage-API-Operations,us-east-1,0.2747,10k-requests,0.0014
2026-03-10T18:00:00Z,api-gateway,API-Requests,us-east-1,0.1081,10k-requests,0.0038
2026-03-10T18:00:00Z,api-gateway,Gateway-DataTransfer,us-east-1,0.2159,GB,0.0194
2026-03-10T18:00:00Z,order-api,Compute-Fargate,us-east-1,4.0,vCPU-hours,0.1619
2026-03-10T18:00:00Z,payment-service,Compute-Container,us-east-1,2.0,vCPU-hours,0.081
2026-03-10T18:00:00Z,recommendation-service,Compute-GPU-Instance,us-east-1,1.0,instance-hours,1.2
2026-03-10T18:00:00Z,postgres-db,Database-Instance,us-east-1,1.0,db.m5.xlarge-hours,0.34
2026-03-10T18:00:00Z,postgres-db,Provisioned-IOPS,us-east-1,3000.0,IOPS-hours,0.3
2026-03-10T18:00:00Z,redis-cache,Cache-Cluster,us-east-1,2.0,cache.m5.large-hours,0.26
2026-03-10T18:00:00Z,notification-service,Compute-Task,us-east-1,1.0,vCPU-hours,0.0405
2026-03-10T18:00:00Z,notification-service,Egress-DataTransfer,us-east-1,0.02,GB-out,0.0018
2026-03-10T18:00:00Z,object-storage,Standard-Storage,us-east-1,3248.33,GB-month-fraction,0.1023
2026-03-10T18:00:00Z,object-storage,Storage-API-Operations,us-east-1,0.2406,10k-requests,0.0012
2026-03-10T19:00:00Z,api-gateway,API-Requests,us-east-1,0.1026,10k-requests,0.0036
2026-03-10T19:00:00Z,api-gateway,Gateway-DataTransfer,us-east-1,0.2047,GB,0.0184
2026-03-10T19:00:00Z,order-api,Compute-Fargate,us-east-1,4.0,vCPU-hours,0.1619
2026-03-10T19:00:00Z,payment-service,Compute-Container,us-east-1,2.0,vCPU-hours,0.081
2026-03-10T19:00:00Z,recommendation-service,Compute-GPU-Instance,us-east-1,1.0,instance-hours,1.2
2026-03-10T19:00:00Z,postgres-db,Database-Instance,us-east-1,1.0,db.m5.xlarge-hours,0.34
2026-03-10T19:00:00Z,postgres-db,Provisioned-IOPS,us-east-1,3000.0,IOPS-hours,0.3
2026-03-10T19:00:00Z,redis-cache,Cache-Cluster,us-east-1,2.0,cache.m5.large-hours,0.26
2026-03-10T19:00:00Z,notification-service,Compute-Task,us-east-1,1.0,vCPU-hours,0.0405
2026-03-10T19:00:00Z,notification-service,Egress-DataTransfer,us-east-1,0.0192,GB-out,0.0017
2026-03-10T19:00:00Z,object-storage,Standard-Storage,us-east-1,3387.43,GB-month-fraction,0.1067
2026-03-10T19:00:00Z,object-storage,Storage-API-Operations,us-east-1,0.2507,10k-requests,0.0013
2026-03-10T20:00:00Z,api-gateway,API-Requests,us-east-1,0.0893,10k-requests,0.0031
2026-03-10T20:00:00Z,api-gateway,Gateway-DataTransfer,us-east-1,0.1772,GB,0.0159
2026-03-10T20:00:00Z,order-api,Compute-Fargate,us-east-1,4.0,vCPU-hours,0.1619
2026-03-10T20:00:00Z,payment-service,Compute-Container,us-east-1,2.0,vCPU-hours,0.081
2026-03-10T20:00:00Z,recommendation-service,Compute-GPU-Instance,us-east-1,1.0,instance-hours,1.2
2026-03-10T20:00:00Z,postgres-db,Database-Instance,us-east-1,1.0,db.m5.xlarge-hours,0.34
2026-03-10T20:00:00Z,postgres-db,Provisioned-IOPS,us-east-1,3000.0,IOPS-hours,0.3
2026-03-10T20:00:00Z,redis-cache,Cache-Cluster,us-east-1,2.0,cache.m5.large-hours,0.26
2026-03-10T20:00:00Z,notification-service,Compute-Task,us-east-1,1.0,vCPU-hours,0.0405
2026-03-10T20:00:00Z,notification-service,Egress-DataTransfer,us-east-1,0.0159,GB-out,0.0014
2026-03-10T20:00:00Z,object-storage,Standard-Storage,us-east-1,3530.0,GB-month-fraction,0.1112
2026-03-10T20:00:00Z,object-storage,Storage-API-Operations,us-east-1,0.2206,10k-requests,0.0011
2026-03-10T21:00:00Z,api-gateway,API-Requests,us-east-1,0.0789,10k-requests,0.0028
2026-03-10T21:00:00Z,api-gateway,Gateway-DataTransfer,us-east-1,0.157,GB,0.0141
2026-03-10T21:00:00Z,order-api,Compute-Fargate,us-east-1,4.0,vCPU-hours,0.1619
2026-03-10T21:00:00Z,payment-service,Compute-Container,us-east-1,2.0,vCPU-hours,0.081
2026-03-10T21:00:00Z,recommendation-service,Compute-GPU-Instance,us-east-1,1.0,instance-hours,1.2
2026-03-10T21:00:00Z,postgres-db,Database-Instance,us-east-1,1.0,db.m5.xlarge-hours,0.34
2026-03-10T21:00:00Z,postgres-db,Provisioned-IOPS,us-east-1,3000.0,IOPS-hours,0.3
2026-03-10T21:00:00Z,redis-cache,Cache-Cluster,us-east-1,2.0,cache.m5.large-hours,0.26
2026-03-10T21:00:00Z,notification-service,Compute-Task,us-east-1,1.0,vCPU-hours,0.0405
2026-03-10T21:00:00Z,notification-service,Egress-DataTransfer,us-east-1,0.0142,GB-out,0.0013
2026-03-10T21:00:00Z,object-storage,Standard-Storage,us-east-1,3662.82,GB-month-fraction,0.1154
2026-03-10T21:00:00Z,object-storage,Storage-API-Operations,us-east-1,0.2095,10k-requests,0.001
2026-03-10T22:00:00Z,api-gateway,API-Requests,us-east-1,0.071,10k-requests,0.0025
2026-03-10T22:00:00Z,api-gateway,Gateway-DataTransfer,us-east-1,0.1381,GB,0.0124
2026-03-10T22:00:00Z,order-api,Compute-Fargate,us-east-1,4.0,vCPU-hours,0.1619
2026-03-10T22:00:00Z,payment-service,Compute-Container,us-east-1,2.0,vCPU-hours,0.081
2026-03-10T22:00:00Z,recommendation-service,Compute-GPU-Instance,us-east-1,1.0,instance-hours,1.2
2026-03-10T22:00:00Z,postgres-db,Database-Instance,us-east-1,1.0,db.m5.xlarge-hours,0.34
2026-03-10T22:00:00Z,postgres-db,Provisioned-IOPS,us-east-1,3000.0,IOPS-hours,0.3
2026-03-10T22:00:00Z,redis-cache,Cache-Cluster,us-east-1,2.0,cache.m5.large-hours,0.26
2026-03-10T22:00:00Z,notification-service,Compute-Task,us-east-1,1.0,vCPU-hours,0.0405
2026-03-10T22:00:00Z,notification-service,Egress-DataTransfer,us-east-1,0.014,GB-out,0.0013
2026-03-10T22:00:00Z,object-storage,Standard-Storage,us-east-1,3802.54,GB-month-fraction,0.1198
2026-03-10T22:00:00Z,object-storage,Storage-API-Operations,us-east-1,0.2183,10k-requests,0.0011
2026-03-10T23:00:00Z,api-gateway,API-Requests,us-east-1,0.0627,10k-requests,0.0022
2026-03-10T23:00:00Z,api-gateway,Gateway-DataTransfer,us-east-1,0.1224,GB,0.011
2026-03-10T23:00:00Z,order-api,Compute-Fargate,us-east-1,4.0,vCPU-hours,0.1619
2026-03-10T23:00:00Z,payment-service,Compute-Container,us-east-1,2.0,vCPU-hours,0.081
2026-03-10T23:00:00Z,recommendation-service,Compute-GPU-Instance,us-east-1,1.0,instance-hours,1.2
2026-03-10T23:00:00Z,postgres-db,Database-Instance,us-east-1,1.0,db.m5.xlarge-hours,0.34
2026-03-10T23:00:00Z,postgres-db,Provisioned-IOPS,us-east-1,3000.0,IOPS-hours,0.3
2026-03-10T23:00:00Z,redis-cache,Cache-Cluster,us-east-1,2.0,cache.m5.large-hours,0.26
2026-03-10T23:00:00Z,notification-service,Compute-Task,us-east-1,1.0,vCPU-hours,0.0405
2026-03-10T23:00:00Z,notification-service,Egress-DataTransfer,us-east-1,0.0121,GB-out,0.0011
2026-03-10T23:00:00Z,object-storage,Standard-Storage,us-east-1,3945.79,GB-month-fraction,0.1243
2026-03-10T23:00:00Z,object-storage,Storage-API-Operations,us-east-1,0.211,10k-requests,0.0011
2026-03-11T00:00:00Z,api-gateway,API-Requests,us-east-1,0.0574,10k-requests,0.002
2026-03-11T00:00:00Z,api-gateway,Gateway-DataTransfer,us-east-1,0.1164,GB,0.0105
2026-03-11T00:00:00Z,order-api,Compute-Fargate,us-east-1,4.0,vCPU-hours,0.1619
2026-03-11T00:00:00Z,payment-service,Compute-Container,us-east-1,2.0,vCPU-hours,0.081
2026-03-11T00:00:00Z,recommendation-service,Compute-GPU-Instance,us-east-1,1.0,instance-hours,1.2
2026-03-11T00:00:00Z,postgres-db,Database-Instance,us-east-1,1.0,db.m5.xlarge-hours,0.34
2026-03-11T00:00:00Z,postgres-db,Provisioned-IOPS,us-east-1,3000.0,IOPS-hours,0.3
2026-03-11T00:00:00Z,redis-cache,Cache-Cluster,us-east-1,2.0,cache.m5.large-hours,0.26
2026-03-11T00:00:00Z,notification-service,Compute-Task,us-east-1,1.0,vCPU-hours,0.0405
2026-03-11T00:00:00Z,notification-service,Egress-DataTransfer,us-east-1,0.0106,GB-out,0.001
2026-03-11T00:00:00Z,object-storage,Standard-Storage,us-east-1,4082.32,GB-month-fraction,0.1286
2026-03-11T00:00:00Z,object-storage,Storage-API-Operations,us-east-1,0.21,10k-requests,0.001
2026-03-11T01:00:00Z,api-gateway,API-Requests,us-east-1,0.0571,10k-requests,0.002
2026-03-11T01:00:00Z,api-gateway,Gateway-DataTransfer,us-east-1,0.1113,GB,0.01
2026-03-11T01:00:00Z,order-api,Compute-Fargate,us-east-1,4.0,vCPU-hours,0.1619
2026-03-11T01:00:00Z,payment-service,Compute-Container,us-east-1,2.0,vCPU-hours,0.081
2026-03-11T01:00:00Z,recommendation-service,Compute-GPU-Instance,us-east-1,1.0,instance-hours,1.2
2026-03-11T01:00:00Z,postgres-db,Database-Instance,us-east-1,1.0,db.m5.xlarge-hours,0.34
2026-03-11T01:00:00Z,postgres-db,Provisioned-IOPS,us-east-1,3000.0,IOPS-hours,0.3
2026-03-11T01:00:00Z,redis-cache,Cache-Cluster,us-east-1,2.0,cache.m5.large-hours,0.26
2026-03-11T01:00:00Z,notification-service,Compute-Task,us-east-1,1.0,vCPU-hours,0.0405
2026-03-11T01:00:00Z,notification-service,Egress-DataTransfer,us-east-1,0.01,GB-out,0.0009
2026-03-11T01:00:00Z,object-storage,Standard-Storage,us-east-1,4221.17,GB-month-fraction,0.133
2026-03-11T01:00:00Z,object-storage,Storage-API-Operations,us-east-1,0.2609,10k-requests,0.0013
2026-03-11T02:00:00Z,api-gateway,API-Requests,us-east-1,0.0556,10k-requests,0.0019
2026-03-11T02:00:00Z,api-gateway,Gateway-DataTransfer,us-east-1,0.1082,GB,0.0097
2026-03-11T02:00:00Z,order-api,Compute-Fargate,us-east-1,4.0,vCPU-hours,0.1619
2026-03-11T02:00:00Z,payment-service,Compute-Container,us-east-1,2.0,vCPU-hours,0.081
2026-03-11T02:00:00Z,recommendation-service,Compute-GPU-Instance,us-east-1,1.0,instance-hours,1.2
2026-03-11T02:00:00Z,postgres-db,Database-Instance,us-east-1,1.0,db.m5.xlarge-hours,0.34
2026-03-11T02:00:00Z,postgres-db,Provisioned-IOPS,us-east-1,3000.0,IOPS-hours,0.3
2026-03-11T02:00:00Z,redis-cache,Cache-Cluster,us-east-1,2.0,cache.m5.large-hours,0.26
2026-03-11T02:00:00Z,notification-service,Compute-Task,us-east-1,1.0,vCPU-hours,0.0405
2026-03-11T02:00:00Z,notification-service,Egress-DataTransfer,us-east-1,0.0104,GB-out,0.0009
2026-03-11T02:00:00Z,object-storage,Standard-Storage,us-east-1,4356.9,GB-month-fraction,0.1373
2026-03-11T02:00:00Z,object-storage,Storage-API-Operations,us-east-1,0.205,10k-requests,0.001
2026-03-11T03:00:00Z,api-gateway,API-Requests,us-east-1,0.0561,10k-requests,0.002
2026-03-11T03:00:00Z,api-gateway,Gateway-DataTransfer,us-east-1,0.1111,GB,0.01
2026-03-11T03:00:00Z,order-api,Compute-Fargate,us-east-1,4.0,vCPU-hours,0.1619
2026-03-11T03:00:00Z,payment-service,Compute-Container,us-east-1,2.0,vCPU-hours,0.081
2026-03-11T03:00:00Z,recommendation-service,Compute-GPU-Instance,us-east-1,1.0,instance-hours,1.2
2026-03-11T03:00:00Z,postgres-db,Database-Instance,us-east-1,1.0,db.m5.xlarge-hours,0.34
2026-03-11T03:00:00Z,postgres-db,Provisioned-IOPS,us-east-1,3000.0,IOPS-hours,0.3
2026-03-11T03:00:00Z,redis-cache,Cache-Cluster,us-east-1,2.0,cache.m5.large-hours,0.26
2026-03-11T03:00:00Z,notification-service,Compute-Task,us-east-1,1.0,vCPU-hours,0.0405
2026-03-11T03:00:00Z,notification-service,Egress-DataTransfer,us-east-1,0.0102,GB-out,0.0009
2026-03-11T03:00:00Z,object-storage,Standard-Storage,us-east-1,4499.3,GB-month-fraction,0.1418
2026-03-11T03:00:00Z,object-storage,Storage-API-Operations,us-east-1,0.213,10k-requests,0.0011
2026-03-11T04:00:00Z,api-gateway,API-Requests,us-east-1,0.0591,10k-requests,0.0021
2026-03-11T04:00:00Z,api-gateway,Gateway-DataTransfer,us-east-1,0.1194,GB,0.0107
2026-03-11T04:00:00Z,order-api,Compute-Fargate,us-east-1,4.0,vCPU-hours,0.1619
2026-03-11T04:00:00Z,payment-service,Compute-Container,us-east-1,2.0,vCPU-hours,0.081
2026-03-11T04:00:00Z,recommendation-service,Compute-GPU-Instance,us-east-1,1.0,instance-hours,1.2
2026-03-11T04:00:00Z,postgres-db,Database-Instance,us-east-1,1.0,db.m5.xlarge-hours,0.34
2026-03-11T04:00:00Z,postgres-db,Provisioned-IOPS,us-east-1,3000.0,IOPS-hours,0.3
2026-03-11T04:00:00Z,redis-cache,Cache-Cluster,us-east-1,2.0,cache.m5.large-hours,0.26
2026-03-11T04:00:00Z,notification-service,Compute-Task,us-east-1,1.0,vCPU-hours,0.0405
2026-03-11T04:00:00Z,notification-service,Egress-DataTransfer,us-east-1,0.011,GB-out,0.001
2026-03-11T04:00:00Z,object-storage,Standard-Storage,us-east-1,4631.98,GB-month-fraction,0.1459
2026-03-11T04:00:00Z,object-storage,Storage-API-Operations,us-east-1,0.2175,10k-requests,0.0011
2026-03-11T05:00:00Z,api-gateway,API-Requests,us-east-1,0.0643,10k-requests,0.0023
2026-03-11T05:00:00Z,api-gateway,Gateway-DataTransfer,us-east-1,0.1311,GB,0.0118
2026-03-11T05:00:00Z,order-api,Compute-Fargate,us-east-1,4.0,vCPU-hours,0.1619
2026-03-11T05:00:00Z,payment-service,Compute-Container,us-east-1,2.0,vCPU-hours,0.081
2026-03-11T05:00:00Z,recommendation-service,Compute-GPU-Instance,us-east-1,1.0,instance-hours,1.2
2026-03-11T05:00:00Z,postgres-db,Database-Instance,us-east-1,1.0,db.m5.xlarge-hours,0.34
2026-03-11T05:00:00Z,postgres-db,Provisioned-IOPS,us-east-1,3000.0,IOPS-hours,0.3
2026-03-11T05:00:00Z,redis-cache,Cache-Cluster,us-east-1,2.0,cache.m5.large-hours,0.26
2026-03-11T05:00:00Z,notification-service,Compute-Task,us-east-1,1.0,vCPU-hours,0.0405
2026-03-11T05:00:00Z,notification-service,Egress-DataTransfer,us-east-1,0.0116,GB-out,0.001
2026-03-11T05:00:00Z,object-storage,Standard-Storage,us-east-1,4763.35,GB-month-fraction,0.1501
2026-03-11T05:00:00Z,object-storage,Storage-API-Operations,us-east-1,0.2412,10k-requests,0.0012
2026-03-11T06:00:00Z,api-gateway,API-Requests,us-east-1,0.0692,10k-requests,0.0024
2026-03-11T06:00:00Z,api-gateway,Gateway-DataTransfer,us-east-1,0.1388,GB,0.0125
2026-03-11T06:00:00Z,order-api,Compute-Fargate,us-east-1,4.0,vCPU-hours,0.1619
2026-03-11T06:00:00Z,payment-service,Compute-Container,us-east-1,2.0,vCPU-hours,0.081
2026-03-11T06:00:00Z,recommendation-service,Compute-GPU-Instance,us-east-1,1.0,instance-hours,1.2
2026-03-11T06:00:00Z,postgres-db,Database-Instance,us-east-1,1.0,db.m5.xlarge-hours,0.34
2026-03-11T06:00:00Z,postgres-db,Provisioned-IOPS,us-east-1,3000.0,IOPS-hours,0.3
2026-03-11T06:00:00Z,redis-cache,Cache-Cluster,us-east-1,2.0,cache.m5.large-hours,0.26
2026-03-11T06:00:00Z,notification-service,Compute-Task,us-east-1,1.0,vCPU-hours,0.0405
2026-03-11T06:00:00Z,notification-service,Egress-DataTransfer,us-east-1,0.0133,GB-out,0.0012
2026-03-11T06:00:00Z,object-storage,Standard-Storage,us-east-1,4900.56,GB-month-fraction,0.1544
2026-03-11T06:00:00Z,object-storage,Storage-API-Operations,us-east-1,0.2145,10k-requests,0.0011
2026-03-11T07:00:00Z,api-gateway,API-Requests,us-east-1,0.0805,10k-requests,0.0028
2026-03-11T07:00:00Z,api-gateway,Gateway-DataTransfer,us-east-1,0.1597,GB,0.0144
2026-03-11T07:00:00Z,order-api,Compute-Fargate,us-east-1,4.0,vCPU-hours,0.1619
2026-03-11T07:00:00Z,payment-service,Compute-Container,us-east-1,2.0,vCPU-hours,0.081
2026-03-11T07:00:00Z,recommendation-service,Compute-GPU-Instance,us-east-1,1.0,instance-hours,1.2
2026-03-11T07:00:00Z,postgres-db,Database-Instance,us-east-1,1.0,db.m5.xlarge-hours,0.34
2026-03-11T07:00:00Z,postgres-db,Provisioned-IOPS,us-east-1,3000.0,IOPS-hours,0.3
2026-03-11T07:00:00Z,redis-cache,Cache-Cluster,us-east-1,2.0,cache.m5.large-hours,0.26
2026-03-11T07:00:00Z,notification-service,Compute-Task,us-east-1,1.0,vCPU-hours,0.0405
2026-03-11T07:00:00Z,notification-service,Egress-DataTransfer,us-east-1,0.0148,GB-out,0.0013
2026-03-11T07:00:00Z,object-storage,Standard-Storage,us-east-1,5037.16,GB-month-fraction,0.1587
2026-03-11T07:00:00Z,object-storage,Storage-API-Operations,us-east-1,0.2614,10k-requests,0.0013
2026-03-11T08:00:00Z,api-gateway,API-Requests,us-east-1,0.0901,10k-requests,0.0032
2026-03-11T08:00:00Z,api-gateway,Gateway-DataTransfer,us-east-1,0.1772,GB,0.0159
2026-03-11T08:00:00Z,order-api,Compute-Fargate,us-east-1,4.0,vCPU-hours,0.1619
2026-03-11T08:00:00Z,payment-service,Compute-Container,us-east-1,2.0,vCPU-hours,0.081
2026-03-11T08:00:00Z,recommendation-service,Compute-GPU-Instance,us-east-1,1.0,instance-hours,1.2
2026-03-11T08:00:00Z,postgres-db,Database-Instance,us-east-1,1.0,db.m5.xlarge-hours,0.34
2026-03-11T08:00:00Z,postgres-db,Provisioned-IOPS,us-east-1,3000.0,IOPS-hours,0.3
2026-03-11T08:00:00Z,redis-cache,Cache-Cluster,us-east-1,2.0,cache.m5.large-hours,0.26
2026-03-11T08:00:00Z,notification-service,Compute-Task,us-east-1,1.0,vCPU-hours,0.0405
2026-03-11T08:00:00Z,notification-service,Egress-DataTransfer,us-east-1,0.0164,GB-out,0.0015
2026-03-11T08:00:00Z,object-storage,Standard-Storage,us-east-1,5170.58,GB-month-fraction,0.1629
2026-03-11T08:00:00Z,object-storage,Storage-API-Operations,us-east-1,0.2455,10k-requests,0.0012
2026-03-11T09:00:00Z,api-gateway,API-Requests,us-east-1,0.0992,10k-requests,0.0035
2026-03-11T09:00:00Z,api-gateway,Gateway-DataTransfer,us-east-1,0.1979,GB,0.0178
2026-03-11T09:00:00Z,order-api,Compute-Fargate,us-east-1,4.0,vCPU-hours,0.1619
2026-03-11T09:00:00Z,payment-service,Compute-Container,us-east-1,2.0,vCPU-hours,0.081
2026-03-11T09:00:00Z,recommendation-service,Compute-GPU-Instance,us-east-1,1.0,instance-hours,1.2
2026-03-11T09:00:00Z,postgres-db,Database-Instance,us-east-1,1.0,db.m5.xlarge-hours,0.34
2026-03-11T09:00:00Z,postgres-db,Provisioned-IOPS,us-east-1,3000.0,IOPS-hours,0.3
2026-03-11T09:00:00Z,redis-cache,Cache-Cluster,us-east-1,2.0,cache.m5.large-hours,0.26
2026-03-11T09:00:00Z,notification-service,Compute-Task,us-east-1,1.0,vCPU-hours,0.0405
2026-03-11T09:00:00Z,notification-service,Egress-DataTransfer,us-east-1,0.0181,GB-out,0.0016
2026-03-11T09:00:00Z,object-storage,Standard-Storage,us-east-1,5309.12,GB-month-fraction,0.1673
2026-03-11T09:00:00Z,object-storage,Storage-API-Operations,us-east-1,0.2365,10k-requests,0.0012
2026-03-11T10:00:00Z,api-gateway,API-Requests,us-east-1,0.2717,10k-requests,0.0095
2026-03-11T10:00:00Z,api-gateway,Gateway-DataTransfer,us-east-1,0.5466,GB,0.0492
2026-03-11T10:00:00Z,order-api,Compute-Fargate,us-east-1,10.0,vCPU-hours,0.4048
2026-03-11T10:00:00Z,payment-service,Compute-Container,us-east-1,2.0,vCPU-hours,0.081
2026-03-11T10:00:00Z,recommendation-service,Compute-GPU-Instance,us-east-1,1.0,instance-hours,1.2
2026-03-11T10:00:00Z,postgres-db,Database-Instance,us-east-1,1.0,db.m5.xlarge-hours,0.34
2026-03-11T10:00:00Z,postgres-db,Provisioned-IOPS,us-east-1,16760.0,IOPS-hours,1.676
2026-03-11T10:00:00Z,redis-cache,Cache-Cluster,us-east-1,3.0,cache.m5.large-hours,0.39
2026-03-11T10:00:00Z,notification-service,Compute-Task,us-east-1,1.0,vCPU-hours,0.0405
2026-03-11T10:00:00Z,notification-service,Egress-DataTransfer,us-east-1,0.0503,GB-out,0.0045
2026-03-11T10:00:00Z,object-storage,Standard-Storage,us-east-1,5443.62,GB-month-fraction,0.1715
2026-03-11T10:00:00Z,object-storage,Storage-API-Operations,us-east-1,0.2624,10k-requests,0.0013
2026-03-11T11:00:00Z,api-gateway,API-Requests,us-east-1,0.3114,10k-requests,0.0109
2026-03-11T11:00:00Z,api-gateway,Gateway-DataTransfer,us-east-1,0.6232,GB,0.0561
2026-03-11T11:00:00Z,order-api,Compute-Fargate,us-east-1,10.0,vCPU-hours,0.4048
2026-03-11T11:00:00Z,payment-service,Compute-Container,us-east-1,2.0,vCPU-hours,0.081
2026-03-11T11:00:00Z,recommendation-service,Compute-GPU-Instance,us-east-1,1.0,instance-hours,1.2
2026-03-11T11:00:00Z,postgres-db,Database-Instance,us-east-1,1.0,db.m5.xlarge-hours,0.34
2026-03-11T11:00:00Z,postgres-db,Provisioned-IOPS,us-east-1,16457.4,IOPS-hours,1.6457
2026-03-11T11:00:00Z,redis-cache,Cache-Cluster,us-east-1,3.0,cache.m5.large-hours,0.39
2026-03-11T11:00:00Z,notification-service,Compute-Task,us-east-1,1.0,vCPU-hours,0.0405
2026-03-11T11:00:00Z,notification-service,Egress-DataTransfer,us-east-1,0.0574,GB-out,0.0052
2026-03-11T11:00:00Z,object-storage,Standard-Storage,us-east-1,5574.31,GB-month-fraction,0.1756
2026-03-11T11:00:00Z,object-storage,Storage-API-Operations,us-east-1,0.2287,10k-requests,0.0011
2026-03-11T12:00:00Z,api-gateway,API-Requests,us-east-1,0.3252,10k-requests,0.0114
2026-03-11T12:00:00Z,api-gateway,Gateway-DataTransfer,us-east-1,0.6539,GB,0.0589
2026-03-11T12:00:00Z,order-api,Compute-Fargate,us-east-1,10.0,vCPU-hours,0.4048
2026-03-11T12:00:00Z,payment-service,Compute-Container,us-east-1,2.0,vCPU-hours,0.081
2026-03-11T12:00:00Z,recommendation-service,Compute-GPU-Instance,us-east-1,1.0,instance-hours,1.2
2026-03-11T12:00:00Z,postgres-db,Database-Instance,us-east-1,1.0,db.m5.xlarge-hours,0.34
2026-03-11T12:00:00Z,postgres-db,Provisioned-IOPS,us-east-1,16308.1,IOPS-hours,1.6308
2026-03-11T12:00:00Z,redis-cache,Cache-Cluster,us-east-1,3.0,cache.m5.large-hours,0.39
2026-03-11T12:00:00Z,notification-service,Compute-Task,us-east-1,1.0,vCPU-hours,0.0405
2026-03-11T12:00:00Z,notification-service,Egress-DataTransfer,us-east-1,0.06,GB-out,0.0054
2026-03-11T12:00:00Z,object-storage,Standard-Storage,us-east-1,5712.0,GB-month-fraction,0.18
2026-03-11T12:00:00Z,object-storage,Storage-API-Operations,us-east-1,0.2787,10k-requests,0.0014
2026-03-11T13:00:00Z,api-gateway,API-Requests,us-east-1,0.3312,10k-requests,0.0116
2026-03-11T13:00:00Z,api-gateway,Gateway-DataTransfer,us-east-1,0.6644,GB,0.0598
2026-03-11T13:00:00Z,order-api,Compute-Fargate,us-east-1,10.0,vCPU-hours,0.4048
2026-03-11T13:00:00Z,payment-service,Compute-Container,us-east-1,2.0,vCPU-hours,0.081
2026-03-11T13:00:00Z,recommendation-service,Compute-GPU-Instance,us-east-1,1.0,instance-hours,1.2
2026-03-11T13:00:00Z,postgres-db,Database-Instance,us-east-1,1.0,db.m5.xlarge-hours,0.34
2026-03-11T13:00:00Z,postgres-db,Provisioned-IOPS,us-east-1,15480.2,IOPS-hours,1.548
2026-03-11T13:00:00Z,redis-cache,Cache-Cluster,us-east-1,3.0,cache.m5.large-hours,0.39
2026-03-11T13:00:00Z,notification-service,Compute-Task,us-east-1,1.0,vCPU-hours,0.0405
2026-03-11T13:00:00Z,notification-service,Egress-DataTransfer,us-east-1,0.0616,GB-out,0.0055
2026-03-11T13:00:00Z,object-storage,Standard-Storage,us-east-1,5845.09,GB-month-fraction,0.1842
2026-03-11T13:00:00Z,object-storage,Storage-API-Operations,us-east-1,0.2782,10k-requests,0.0014
2026-03-11T14:00:00Z,api-gateway,API-Requests,us-east-1,0.339,10k-requests,0.0119
2026-03-11T14:00:00Z,api-gateway,Gateway-DataTransfer,us-east-1,0.6779,GB,0.061
2026-03-11T14:00:00Z,order-api,Compute-Fargate,us-east-1,10.0,vCPU-hours,0.4048
2026-03-11T14:00:00Z,payment-service,Compute-Container,us-east-1,2.0,vCPU-hours,0.081
2026-03-11T14:00:00Z,recommendation-service,Compute-GPU-Instance,us-east-1,1.0,instance-hours,1.2
2026-03-11T14:00:00Z,postgres-db,Database-Instance,us-east-1,1.0,db.m5.xlarge-hours,0.34
2026-03-11T14:00:00Z,postgres-db,Provisioned-IOPS,us-east-1,16606.5,IOPS-hours,1.6607
2026-03-11T14:00:00Z,redis-cache,Cache-Cluster,us-east-1,3.0,cache.m5.large-hours,0.39
2026-03-11T14:00:00Z,notification-service,Compute-Task,us-east-1,1.0,vCPU-hours,0.0405
2026-03-11T14:00:00Z,notification-service,Egress-DataTransfer,us-east-1,0.0627,GB-out,0.0056
2026-03-11T14:00:00Z,object-storage,Standard-Storage,us-east-1,5987.64,GB-month-fraction,0.1887
2026-03-11T14:00:00Z,object-storage,Storage-API-Operations,us-east-1,0.2313,10k-requests,0.0012
2026-03-11T15:00:00Z,api-gateway,API-Requests,us-east-1,0.3138,10k-requests,0.011
2026-03-11T15:00:00Z,api-gateway,Gateway-DataTransfer,us-east-1,0.6262,GB,0.0564
2026-03-11T15:00:00Z,order-api,Compute-Fargate,us-east-1,10.0,vCPU-hours,0.4048
2026-03-11T15:00:00Z,payment-service,Compute-Container,us-east-1,2.0,vCPU-hours,0.081
2026-03-11T15:00:00Z,recommendation-service,Compute-GPU-Instance,us-east-1,1.0,instance-hours,1.2
2026-03-11T15:00:00Z,postgres-db,Database-Instance,us-east-1,1.0,db.m5.xlarge-hours,0.34
2026-03-11T15:00:00Z,postgres-db,Provisioned-IOPS,us-east-1,15725.8,IOPS-hours,1.5726
2026-03-11T15:00:00Z,redis-cache,Cache-Cluster,us-east-1,3.0,cache.m5.large-hours,0.39
2026-03-11T15:00:00Z,notification-service,Compute-Task,us-east-1,1.0,vCPU-hours,0.0405
2026-03-11T15:00:00Z,notification-service,Egress-DataTransfer,us-east-1,0.0582,GB-out,0.0052
2026-03-11T15:00:00Z,object-storage,Standard-Storage,us-east-1,6132.46,GB-month-fraction,0.1932
2026-03-11T15:00:00Z,object-storage,Storage-API-Operations,us-east-1,0.2724,10k-requests,0.0014
2026-03-11T16:00:00Z,api-gateway,API-Requests,us-east-1,0.3104,10k-requests,0.0109
2026-03-11T16:00:00Z,api-gateway,Gateway-DataTransfer,us-east-1,0.6214,GB,0.0559
2026-03-11T16:00:00Z,order-api,Compute-Fargate,us-east-1,10.0,vCPU-hours,0.4048
2026-03-11T16:00:00Z,payment-service,Compute-Container,us-east-1,2.0,vCPU-hours,0.081
2026-03-11T16:00:00Z,recommendation-service,Compute-GPU-Instance,us-east-1,1.0,instance-hours,1.2
2026-03-11T16:00:00Z,postgres-db,Database-Instance,us-east-1,1.0,db.m5.xlarge-hours,0.34
2026-03-11T16:00:00Z,postgres-db,Provisioned-IOPS,us-east-1,15673.1,IOPS-hours,1.5673
2026-03-11T16:00:00Z,redis-cache,Cache-Cluster,us-east-1,3.0,cache.m5.large-hours,0.39
2026-03-11T16:00:00Z,notification-service,Compute-Task,us-east-1,1.0,vCPU-hours,0.0405
2026-03-11T16:00:00Z,notification-service,Egress-DataTransfer,us-east-1,0.0576,GB-out,0.0052
2026-03-11T16:00:00Z,object-storage,Standard-Storage,us-east-1,6271.04,GB-month-fraction,0.1976
2026-03-11T16:00:00Z,object-storage,Storage-API-Operations,us-east-1,0.2543,10k-requests,0.0013
2026-03-11T17:00:00Z,api-gateway,API-Requests,us-east-1,0.2966,10k-requests,0.0104
2026-03-11T17:00:00Z,api-gateway,Gateway-DataTransfer,us-east-1,0.5933,GB,0.0534
2026-03-11T17:00:00Z,order-api,Compute-Fargate,us-east-1,10.0,vCPU-hours,0.4048
2026-03-11T17:00:00Z,payment-service,Compute-Container,us-east-1,2.0,vCPU-hours,0.081
2026-03-11T17:00:00Z,recommendation-service,Compute-GPU-Instance,us-east-1,1.0,instance-hours,1.2
2026-03-11T17:00:00Z,postgres-db,Database-Instance,us-east-1,1.0,db.m5.xlarge-hours,0.34
2026-03-11T17:00:00Z,postgres-db,Provisioned-IOPS,us-east-1,15430.1,IOPS-hours,1.543
2026-03-11T17:00:00Z,redis-cache,Cache-Cluster,us-east-1,3.0,cache.m5.large-hours,0.39
2026-03-11T17:00:00Z,notification-service,Compute-Task,us-east-1,1.0,vCPU-hours,0.0405
2026-03-11T17:00:00Z,notification-service,Egress-DataTransfer,us-east-1,0.0552,GB-out,0.005
2026-03-11T17:00:00Z,object-storage,Standard-Storage,us-east-1,6404.5,GB-month-fraction,0.2018
2026-03-11T17:00:00Z,object-storage,Storage-API-Operations,us-east-1,0.2646,10k-requests,0.0013
2026-03-11T18:00:00Z,api-gateway,API-Requests,us-east-1,0.2696,10k-requests,0.0094
2026-03-11T18:00:00Z,api-gateway,Gateway-DataTransfer,us-east-1,0.5392,GB,0.0485
2026-03-11T18:00:00Z,order-api,Compute-Fargate,us-east-1,10.0,vCPU-hours,0.4048
2026-03-11T18:00:00Z,payment-service,Compute-Container,us-east-1,2.0,vCPU-hours,0.081
2026-03-11T18:00:00Z,recommendation-service,Compute-GPU-Instance,us-east-1,1.0,instance-hours,1.2
2026-03-11T18:00:00Z,postgres-db,Database-Instance,us-east-1,1.0,db.m5.xlarge-hours,0.34
2026-03-11T18:00:00Z,postgres-db,Provisioned-IOPS,us-east-1,16538.7,IOPS-hours,1.6539
2026-03-11T18:00:00Z,redis-cache,Cache-Cluster,us-east-1,3.0,cache.m5.large-hours,0.39
2026-03-11T18:00:00Z,notification-service,Compute-Task,us-east-1,1.0,vCPU-hours,0.0405
2026-03-11T18:00:00Z,notification-service,Egress-DataTransfer,us-east-1,0.0499,GB-out,0.0045
2026-03-11T18:00:00Z,object-storage,Standard-Storage,us-east-1,6536.26,GB-month-fraction,0.2059
2026-03-11T18:00:00Z,object-storage,Storage-API-Operations,us-east-1,0.2235,10k-requests,0.0011
2026-03-11T19:00:00Z,api-gateway,API-Requests,us-east-1,0.2623,10k-requests,0.0092
2026-03-11T19:00:00Z,api-gateway,Gateway-DataTransfer,us-east-1,0.5253,GB,0.0473
2026-03-11T19:00:00Z,order-api,Compute-Fargate,us-east-1,10.0,vCPU-hours,0.4048
2026-03-11T19:00:00Z,payment-service,Compute-Container,us-east-1,2.0,vCPU-hours,0.081
2026-03-11T19:00:00Z,recommendation-service,Compute-GPU-Instance,us-east-1,1.0,instance-hours,1.2
2026-03-11T19:00:00Z,postgres-db,Database-Instance,us-east-1,1.0,db.m5.xlarge-hours,0.34
2026-03-11T19:00:00Z,postgres-db,Provisioned-IOPS,us-east-1,15358.1,IOPS-hours,1.5358
2026-03-11T19:00:00Z,redis-cache,Cache-Cluster,us-east-1,3.0,cache.m5.large-hours,0.39
2026-03-11T19:00:00Z,notification-service,Compute-Task,us-east-1,1.0,vCPU-hours,0.0405
2026-03-11T19:00:00Z,notification-service,Egress-DataTransfer,us-east-1,0.0495,GB-out,0.0045
2026-03-11T19:00:00Z,object-storage,Standard-Storage,us-east-1,6674.67,GB-month-fraction,0.2103
2026-03-11T19:00:00Z,object-storage,Storage-API-Operations,us-east-1,0.2409,10k-requests,0.0012
2026-03-11T20:00:00Z,api-gateway,API-Requests,us-east-1,0.2397,10k-requests,0.0084
2026-03-11T20:00:00Z,api-gateway,Gateway-DataTransfer,us-east-1,0.4796,GB,0.0432
2026-03-11T20:00:00Z,order-api,Compute-Fargate,us-east-1,10.0,vCPU-hours,0.4048
2026-03-11T20:00:00Z,payment-service,Compute-Container,us-east-1,2.0,vCPU-hours,0.081
2026-03-11T20:00:00Z,recommendation-service,Compute-GPU-Instance,us-east-1,1.0,instance-hours,1.2
2026-03-11T20:00:00Z,postgres-db,Database-Instance,us-east-1,1.0,db.m5.xlarge-hours,0.34
2026-03-11T20:00:00Z,postgres-db,Provisioned-IOPS,us-east-1,15344.9,IOPS-hours,1.5345
2026-03-11T20:00:00Z,redis-cache,Cache-Cluster,us-east-1,3.0,cache.m5.large-hours,0.39
2026-03-11T20:00:00Z,notification-service,Compute-Task,us-east-1,1.0,vCPU-hours,0.0405
2026-03-11T20:00:00Z,notification-service,Egress-DataTransfer,us-east-1,0.0447,GB-out,0.004
2026-03-11T20:00:00Z,object-storage,Standard-Storage,us-east-1,6817.34,GB-month-fraction,0.2148
2026-03-11T20:00:00Z,object-storage,Storage-API-Operations,us-east-1,0.2548,10k-requests,0.0013
2026-03-11T21:00:00Z,api-gateway,API-Requests,us-east-1,0.2095,10k-requests,0.0073
2026-03-11T21:00:00Z,api-gateway,Gateway-DataTransfer,us-east-1,0.4154,GB,0.0374
2026-03-11T21:00:00Z,order-api,Compute-Fargate,us-east-1,10.0,vCPU-hours,0.4048
2026-03-11T21:00:00Z,payment-service,Compute-Container,us-east-1,2.0,vCPU-hours,0.081
2026-03-11T21:00:00Z,recommendation-service,Compute-GPU-Instance,us-east-1,1.0,instance-hours,1.2
2026-03-11T21:00:00Z,postgres-db,Database-Instance,us-east-1,1.0,db.m5.xlarge-hours,0.34
2026-03-11T21:00:00Z,postgres-db,Provisioned-IOPS,us-east-1,16778.0,IOPS-hours,1.6778
2026-03-11T21:00:00Z,redis-cache,Cache-Cluster,us-east-1,3.0,cache.m5.large-hours,0.39
2026-03-11T21:00:00Z,notification-service,Compute-Task,us-east-1,1.0,vCPU-hours,0.0405
2026-03-11T21:00:00Z,notification-service,Egress-DataTransfer,us-east-1,0.0382,GB-out,0.0034
2026-03-11T21:00:00Z,object-storage,Standard-Storage,us-east-1,6959.84,GB-month-fraction,0.2193
2026-03-11T21:00:00Z,object-storage,Storage-API-Operations,us-east-1,0.2402,10k-requests,0.0012
2026-03-11T22:00:00Z,api-gateway,API-Requests,us-east-1,0.1939,10k-requests,0.0068
2026-03-11T22:00:00Z,api-gateway,Gateway-DataTransfer,us-east-1,0.3876,GB,0.0349
2026-03-11T22:00:00Z,order-api,Compute-Fargate,us-east-1,10.0,vCPU-hours,0.4048
2026-03-11T22:00:00Z,payment-service,Compute-Container,us-east-1,2.0,vCPU-hours,0.081
2026-03-11T22:00:00Z,recommendation-service,Compute-GPU-Instance,us-east-1,1.0,instance-hours,1.2
2026-03-11T22:00:00Z,postgres-db,Database-Instance,us-east-1,1.0,db.m5.xlarge-hours,0.34
2026-03-11T22:00:00Z,postgres-db,Provisioned-IOPS,us-east-1,15773.4,IOPS-hours,1.5773
2026-03-11T22:00:00Z,redis-cache,Cache-Cluster,us-east-1,3.0,cache.m5.large-hours,0.39
2026-03-11T22:00:00Z,notification-service,Compute-Task,us-east-1,1.0,vCPU-hours,0.0405
2026-03-11T22:00:00Z,notification-service,Egress-DataTransfer,us-east-1,0.0357,GB-out,0.0032
2026-03-11T22:00:00Z,object-storage,Standard-Storage,us-east-1,7092.41,GB-month-fraction,0.2235
2026-03-11T22:00:00Z,object-storage,Storage-API-Operations,us-east-1,0.2308,10k-requests,0.0012
2026-03-11T23:00:00Z,api-gateway,API-Requests,us-east-1,0.0626,10k-requests,0.0022
2026-03-11T23:00:00Z,api-gateway,Gateway-DataTransfer,us-east-1,0.1235,GB,0.0111
2026-03-11T23:00:00Z,order-api,Compute-Fargate,us-east-1,4.0,vCPU-hours,0.1619
2026-03-11T23:00:00Z,payment-service,Compute-Container,us-east-1,2.0,vCPU-hours,0.081
2026-03-11T23:00:00Z,recommendation-service,Compute-GPU-Instance,us-east-1,1.0,instance-hours,1.2
2026-03-11T23:00:00Z,postgres-db,Database-Instance,us-east-1,1.0,db.m5.xlarge-hours,0.34
2026-03-11T23:00:00Z,postgres-db,Provisioned-IOPS,us-east-1,3000.0,IOPS-hours,0.3
2026-03-11T23:00:00Z,redis-cache,Cache-Cluster,us-east-1,2.0,cache.m5.large-hours,0.26
2026-03-11T23:00:00Z,notification-service,Compute-Task,us-east-1,1.0,vCPU-hours,0.0405
2026-03-11T23:00:00Z,notification-service,Egress-DataTransfer,us-east-1,0.0111,GB-out,0.001
2026-03-11T23:00:00Z,object-storage,Standard-Storage,us-east-1,7227.56,GB-month-fraction,0.2277
2026-03-11T23:00:00Z,object-storage,Storage-API-Operations,us-east-1,0.2068,10k-requests,0.001
2026-03-12T00:00:00Z,api-gateway,API-Requests,us-east-1,0.0589,10k-requests,0.0021
2026-03-12T00:00:00Z,api-gateway,Gateway-DataTransfer,us-east-1,0.1154,GB,0.0104
2026-03-12T00:00:00Z,order-api,Compute-Fargate,us-east-1,4.0,vCPU-hours,0.1619
2026-03-12T00:00:00Z,payment-service,Compute-Container,us-east-1,2.0,vCPU-hours,0.081
2026-03-12T00:00:00Z,recommendation-service,Compute-GPU-Instance,us-east-1,1.0,instance-hours,1.2
2026-03-12T00:00:00Z,postgres-db,Database-Instance,us-east-1,1.0,db.m5.xlarge-hours,0.34
2026-03-12T00:00:00Z,postgres-db,Provisioned-IOPS,us-east-1,3000.0,IOPS-hours,0.3
2026-03-12T00:00:00Z,redis-cache,Cache-Cluster,us-east-1,2.0,cache.m5.large-hours,0.26
2026-03-12T00:00:00Z,notification-service,Compute-Task,us-east-1,1.0,vCPU-hours,0.0405
2026-03-12T00:00:00Z,notification-service,Egress-DataTransfer,us-east-1,0.0114,GB-out,0.001
2026-03-12T00:00:00Z,object-storage,Standard-Storage,us-east-1,7371.93,GB-month-fraction,0.2323
2026-03-12T00:00:00Z,object-storage,Storage-API-Operations,us-east-1,0.2292,10k-requests,0.0011
2026-03-12T01:00:00Z,api-gateway,API-Requests,us-east-1,0.0571,10k-requests,0.002
2026-03-12T01:00:00Z,api-gateway,Gateway-DataTransfer,us-east-1,0.1152,GB,0.0104
2026-03-12T01:00:00Z,order-api,Compute-Fargate,us-east-1,4.0,vCPU-hours,0.1619
2026-03-12T01:00:00Z,payment-service,Compute-Container,us-east-1,2.0,vCPU-hours,0.081
2026-03-12T01:00:00Z,recommendation-service,Compute-GPU-Instance,us-east-1,1.0,instance-hours,1.2
2026-03-12T01:00:00Z,postgres-db,Database-Instance,us-east-1,1.0,db.m5.xlarge-hours,0.34
2026-03-12T01:00:00Z,postgres-db,Provisioned-IOPS,us-east-1,3000.0,IOPS-hours,0.3
2026-03-12T01:00:00Z,redis-cache,Cache-Cluster,us-east-1,2.0,cache.m5.large-hours,0.26
2026-03-12T01:00:00Z,notification-service,Compute-Task,us-east-1,1.0,vCPU-hours,0.0405
2026-03-12T01:00:00Z,notification-service,Egress-DataTransfer,us-east-1,0.0102,GB-out,0.0009
2026-03-12T01:00:00Z,object-storage,Standard-Storage,us-east-1,7508.32,GB-month-fraction,0.2366
2026-03-12T01:00:00Z,object-storage,Storage-API-Operations,us-east-1,0.2575,10k-requests,0.0013
2026-03-12T02:00:00Z,api-gateway,API-Requests,us-east-1,0.0548,10k-requests,0.0019
2026-03-12T02:00:00Z,api-gateway,Gateway-DataTransfer,us-east-1,0.1145,GB,0.0103
2026-03-12T02:00:00Z,order-api,Compute-Fargate,us-east-1,4.0,vCPU-hours,0.1619
2026-03-12T02:00:00Z,payment-service,Compute-Container,us-east-1,2.0,vCPU-hours,0.081
2026-03-12T02:00:00Z,recommendation-service,Compute-GPU-Instance,us-east-1,1.0,instance-hours,1.2
2026-03-12T02:00:00Z,postgres-db,Database-Instance,us-east-1,1.0,db.m5.xlarge-hours,0.34
2026-03-12T02:00:00Z,postgres-db,Provisioned-IOPS,us-east-1,3000.0,IOPS-hours,0.3
2026-03-12T02:00:00Z,redis-cache,Cache-Cluster,us-east-1,2.0,cache.m5.large-hours,0.26
2026-03-12T02:00:00Z,notification-service,Compute-Task,us-east-1,1.0,vCPU-hours,0.0405
2026-03-12T02:00:00Z,notification-service,Egress-DataTransfer,us-east-1,0.0103,GB-out,0.0009
2026-03-12T02:00:00Z,object-storage,Standard-Storage,us-east-1,7652.19,GB-month-fraction,0.2411
2026-03-12T02:00:00Z,object-storage,Storage-API-Operations,us-east-1,0.2143,10k-requests,0.0011
2026-03-12T03:00:00Z,api-gateway,API-Requests,us-east-1,0.0571,10k-requests,0.002
2026-03-12T03:00:00Z,api-gateway,Gateway-DataTransfer,us-east-1,0.1147,GB,0.0103
2026-03-12T03:00:00Z,order-api,Compute-Fargate,us-east-1,4.0,vCPU-hours,0.1619
2026-03-12T03:00:00Z,payment-service,Compute-Container,us-east-1,2.0,vCPU-hours,0.081
2026-03-12T03:00:00Z,recommendation-service,Compute-GPU-Instance,us-east-1,1.0,instance-hours,1.2
2026-03-12T03:00:00Z,postgres-db,Database-Instance,us-east-1,1.0,db.m5.xlarge-hours,0.34
2026-03-12T03:00:00Z,postgres-db,Provisioned-IOPS,us-east-1,3000.0,IOPS-hours,0.3
2026-03-12T03:00:00Z,redis-cache,Cache-Cluster,us-east-1,2.0,cache.m5.large-hours,0.26
2026-03-12T03:00:00Z,notification-service,Compute-Task,us-east-1,1.0,vCPU-hours,0.0405
2026-03-12T03:00:00Z,notification-service,Egress-DataTransfer,us-east-1,0.0114,GB-out,0.001
2026-03-12T03:00:00Z,object-storage,Standard-Storage,us-east-1,7788.16,GB-month-fraction,0.2454
2026-03-12T03:00:00Z,object-storage,Storage-API-Operations,us-east-1,0.2135,10k-requests,0.0011
2026-03-12T04:00:00Z,api-gateway,API-Requests,us-east-1,0.0585,10k-requests,0.002
2026-03-12T04:00:00Z,api-gateway,Gateway-DataTransfer,us-east-1,0.1184,GB,0.0107
2026-03-12T04:00:00Z,order-api,Compute-Fargate,us-east-1,4.0,vCPU-hours,0.1619
2026-03-12T04:00:00Z,payment-service,Compute-Container,us-east-1,2.0,vCPU-hours,0.081
2026-03-12T04:00:00Z,recommendation-service,Compute-GPU-Instance,us-east-1,1.0,instance-hours,1.2
2026-03-12T04:00:00Z,postgres-db,Database-Instance,us-east-1,1.0,db.m5.xlarge-hours,0.34
2026-03-12T04:00:00Z,postgres-db,Provisioned-IOPS,us-east-1,3000.0,IOPS-hours,0.3
2026-03-12T04:00:00Z,redis-cache,Cache-Cluster,us-east-1,2.0,cache.m5.large-hours,0.26
2026-03-12T04:00:00Z,notification-service,Compute-Task,us-east-1,1.0,vCPU-hours,0.0405
2026-03-12T04:00:00Z,notification-service,Egress-DataTransfer,us-east-1,0.0106,GB-out,0.001
2026-03-12T04:00:00Z,object-storage,Standard-Storage,us-east-1,7931.23,GB-month-fraction,0.2499
2026-03-12T04:00:00Z,object-storage,Storage-API-Operations,us-east-1,0.2125,10k-requests,0.0011
2026-03-12T05:00:00Z,api-gateway,API-Requests,us-east-1,0.0628,10k-requests,0.0022
2026-03-12T05:00:00Z,api-gateway,Gateway-DataTransfer,us-east-1,0.1248,GB,0.0112
2026-03-12T05:00:00Z,order-api,Compute-Fargate,us-east-1,4.0,vCPU-hours,0.1619
2026-03-12T05:00:00Z,payment-service,Compute-Container,us-east-1,2.0,vCPU-hours,0.081
2026-03-12T05:00:00Z,recommendation-service,Compute-GPU-Instance,us-east-1,1.0,instance-hours,1.2
2026-03-12T05:00:00Z,postgres-db,Database-Instance,us-east-1,1.0,db.m5.xlarge-hours,0.34
2026-03-12T05:00:00Z,postgres-db,Provisioned-IOPS,us-east-1,3000.0,IOPS-hours,0.3
2026-03-12T05:00:00Z,redis-cache,Cache-Cluster,us-east-1,2.0,cache.m5.large-hours,0.26
2026-03-12T05:00:00Z,notification-service,Compute-Task,us-east-1,1.0,vCPU-hours,0.0405
2026-03-12T05:00:00Z,notification-service,Egress-DataTransfer,us-east-1,0.0116,GB-out,0.001
2026-03-12T05:00:00Z,object-storage,Standard-Storage,us-east-1,8075.74,GB-month-fraction,0.2544
2026-03-12T05:00:00Z,object-storage,Storage-API-Operations,us-east-1,0.205,10k-requests,0.001
2026-03-12T06:00:00Z,api-gateway,API-Requests,us-east-1,0.0722,10k-requests,0.0025
2026-03-12T06:00:00Z,api-gateway,Gateway-DataTransfer,us-east-1,0.1446,GB,0.013
2026-03-12T06:00:00Z,order-api,Compute-Fargate,us-east-1,4.0,vCPU-hours,0.1619
2026-03-12T06:00:00Z,payment-service,Compute-Container,us-east-1,2.0,vCPU-hours,0.081
2026-03-12T06:00:00Z,recommendation-service,Compute-GPU-Instance,us-east-1,1.0,instance-hours,1.2
2026-03-12T06:00:00Z,postgres-db,Database-Instance,us-east-1,1.0,db.m5.xlarge-hours,0.34
2026-03-12T06:00:00Z,postgres-db,Provisioned-IOPS,us-east-1,3000.0,IOPS-hours,0.3
2026-03-12T06:00:00Z,redis-cache,Cache-Cluster,us-east-1,2.0,cache.m5.large-hours,0.26
2026-03-12T06:00:00Z,notification-service,Compute-Task,us-east-1,1.0,vCPU-hours,0.0405
2026-03-12T06:00:00Z,notification-service,Egress-DataTransfer,us-east-1,0.0133,GB-out,0.0012
2026-03-12T06:00:00Z,object-storage,Standard-Storage,us-east-1,8208.09,GB-month-fraction,0.2586
2026-03-12T06:00:00Z,object-storage,Storage-API-Operations,us-east-1,0.2238,10k-requests,0.0011
2026-03-12T07:00:00Z,api-gateway,API-Requests,us-east-1,0.081,10k-requests,0.0028
2026-03-12T07:00:00Z,api-gateway,Gateway-DataTransfer,us-east-1,0.1611,GB,0.0145
2026-03-12T07:00:00Z,order-api,Compute-Fargate,us-east-1,4.0,vCPU-hours,0.1619
2026-03-12T07:00:00Z,payment-service,Compute-Container,us-east-1,2.0,vCPU-hours,0.081
2026-03-12T07:00:00Z,recommendation-service,Compute-GPU-Instance,us-east-1,1.0,instance-hours,1.2
2026-03-12T07:00:00Z,postgres-db,Database-Instance,us-east-1,1.0,db.m5.xlarge-hours,0.34
2026-03-12T07:00:00Z,postgres-db,Provisioned-IOPS,us-east-1,3000.0,IOPS-hours,0.3
2026-03-12T07:00:00Z,redis-cache,Cache-Cluster,us-east-1,2.0,cache.m5.large-hours,0.26
2026-03-12T07:00:00Z,notification-service,Compute-Task,us-east-1,1.0,vCPU-hours,0.0405
2026-03-12T07:00:00Z,notification-service,Egress-DataTransfer,us-east-1,0.0154,GB-out,0.0014
2026-03-12T07:00:00Z,object-storage,Standard-Storage,us-east-1,8351.6,GB-month-fraction,0.2631
2026-03-12T07:00:00Z,object-storage,Storage-API-Operations,us-east-1,0.2692,10k-requests,0.0013
2026-03-12T08:00:00Z,api-gateway,API-Requests,us-east-1,0.0907,10k-requests,0.0032
2026-03-12T08:00:00Z,api-gateway,Gateway-DataTransfer,us-east-1,0.1811,GB,0.0163
2026-03-12T08:00:00Z,order-api,Compute-Fargate,us-east-1,4.0,vCPU-hours,0.1619
2026-03-12T08:00:00Z,payment-service,Compute-Container,us-east-1,2.0,vCPU-hours,0.081
2026-03-12T08:00:00Z,recommendation-service,Compute-GPU-Instance,us-east-1,1.0,instance-hours,1.2
2026-03-12T08:00:00Z,postgres-db,Database-Instance,us-east-1,1.0,db.m5.xlarge-hours,0.34
2026-03-12T08:00:00Z,postgres-db,Provisioned-IOPS,us-east-1,3000.0,IOPS-hours,0.3
2026-03-12T08:00:00Z,redis-cache,Cache-Cluster,us-east-1,2.0,cache.m5.large-hours,0.26
2026-03-12T08:00:00Z,notification-service,Compute-Task,us-east-1,1.0,vCPU-hours,0.0405
2026-03-12T08:00:00Z,notification-service,Egress-DataTransfer,us-east-1,0.0168,GB-out,0.0015
2026-03-12T08:00:00Z,object-storage,Standard-Storage,us-east-1,8493.59,GB-month-fraction,0.2676
2026-03-12T08:00:00Z,object-storage,Storage-API-Operations,us-east-1,0.2296,10k-requests,0.0011
2026-03-12T09:00:00Z,api-gateway,API-Requests,us-east-1,0.1026,10k-requests,0.0036
2026-03-12T09:00:00Z,api-gateway,Gateway-DataTransfer,us-east-1,0.2084,GB,0.0188
2026-03-12T09:00:00Z,order-api,Compute-Fargate,us-east-1,4.0,vCPU-hours,0.1619
2026-03-12T09:00:00Z,payment-service,Compute-Container,us-east-1,2.0,vCPU-hours,0.081
2026-03-12T09:00:00Z,recommendation-service,Compute-GPU-Instance,us-east-1,1.0,instance-hours,1.2
2026-03-12T09:00:00Z,postgres-db,Database-Instance,us-east-1,1.0,db.m5.xlarge-hours,0.34
2026-03-12T09:00:00Z,postgres-db,Provisioned-IOPS,us-east-1,3000.0,IOPS-hours,0.3
2026-03-12T09:00:00Z,redis-cache,Cache-Cluster,us-east-1,2.0,cache.m5.large-hours,0.26
2026-03-12T09:00:00Z,notification-service,Compute-Task,us-east-1,1.0,vCPU-hours,0.0405
2026-03-12T09:00:00Z,notification-service,Egress-DataTransfer,us-east-1,0.0192,GB-out,0.0017
2026-03-12T09:00:00Z,object-storage,Standard-Storage,us-east-1,8624.86,GB-month-fraction,0.2717
2026-03-12T09:00:00Z,object-storage,Storage-API-Operations,us-east-1,0.2288,10k-requests,0.0011
2026-03-12T10:00:00Z,api-gateway,API-Requests,us-east-1,0.1095,10k-requests,0.0038
2026-03-12T10:00:00Z,api-gateway,Gateway-DataTransfer,us-east-1,0.2159,GB,0.0194
2026-03-12T10:00:00Z,order-api,Compute-Fargate,us-east-1,4.0,vCPU-hours,0.1619
2026-03-12T10:00:00Z,payment-service,Compute-Container,us-east-1,2.0,vCPU-hours,0.081
2026-03-12T10:00:00Z,recommendation-service,Compute-GPU-Instance,us-east-1,1.0,instance-hours,1.2
2026-03-12T10:00:00Z,postgres-db,Database-Instance,us-east-1,1.0,db.m5.xlarge-hours,0.34
2026-03-12T10:00:00Z,postgres-db,Provisioned-IOPS,us-east-1,3000.0,IOPS-hours,0.3
2026-03-12T10:00:00Z,redis-cache,Cache-Cluster,us-east-1,2.0,cache.m5.large-hours,0.26
2026-03-12T10:00:00Z,notification-service,Compute-Task,us-east-1,1.0,vCPU-hours,0.0405
2026-03-12T10:00:00Z,notification-service,Egress-DataTransfer,us-east-1,0.0206,GB-out,0.0019
2026-03-12T10:00:00Z,object-storage,Standard-Storage,us-east-1,8767.84,GB-month-fraction,0.2762
2026-03-12T10:00:00Z,object-storage,Storage-API-Operations,us-east-1,0.2599,10k-requests,0.0013
2026-03-12T11:00:00Z,api-gateway,API-Requests,us-east-1,0.1114,10k-requests,0.0039
2026-03-12T11:00:00Z,api-gateway,Gateway-DataTransfer,us-east-1,0.2246,GB,0.0202
2026-03-12T11:00:00Z,order-api,Compute-Fargate,us-east-1,4.0,vCPU-hours,0.1619
2026-03-12T11:00:00Z,payment-service,Compute-Container,us-east-1,2.0,vCPU-hours,0.081
2026-03-12T11:00:00Z,recommendation-service,Compute-GPU-Instance,us-east-1,1.0,instance-hours,1.2
2026-03-12T11:00:00Z,postgres-db,Database-Instance,us-east-1,1.0,db.m5.xlarge-hours,0.34
2026-03-12T11:00:00Z,postgres-db,Provisioned-IOPS,us-east-1,3000.0,IOPS-hours,0.3
2026-03-12T11:00:00Z,redis-cache,Cache-Cluster,us-east-1,2.0,cache.m5.large-hours,0.26
2026-03-12T11:00:00Z,notification-service,Compute-Task,us-east-1,1.0,vCPU-hours,0.0405
2026-03-12T11:00:00Z,notification-service,Egress-DataTransfer,us-east-1,0.0207,GB-out,0.0019
2026-03-12T11:00:00Z,object-storage,Standard-Storage,us-east-1,8901.78,GB-month-fraction,0.2805
2026-03-12T11:00:00Z,object-storage,Storage-API-Operations,us-east-1,0.2532,10k-requests,0.0013
2026-03-12T12:00:00Z,api-gateway,API-Requests,us-east-1,0.121,10k-requests,0.0042
2026-03-12T12:00:00Z,api-gateway,Gateway-DataTransfer,us-east-1,0.2432,GB,0.0219
2026-03-12T12:00:00Z,order-api,Compute-Fargate,us-east-1,4.0,vCPU-hours,0.1619
2026-03-12T12:00:00Z,payment-service,Compute-Container,us-east-1,2.0,vCPU-hours,0.081
2026-03-12T12:00:00Z,recommendation-service,Compute-GPU-Instance,us-east-1,1.0,instance-hours,1.2
2026-03-12T12:00:00Z,postgres-db,Database-Instance,us-east-1,1.0,db.m5.xlarge-hours,0.34
2026-03-12T12:00:00Z,postgres-db,Provisioned-IOPS,us-east-1,3000.0,IOPS-hours,0.3
2026-03-12T12:00:00Z,redis-cache,Cache-Cluster,us-east-1,2.0,cache.m5.large-hours,0.26
2026-03-12T12:00:00Z,notification-service,Compute-Task,us-east-1,1.0,vCPU-hours,0.0405
2026-03-12T12:00:00Z,notification-service,Egress-DataTransfer,us-east-1,0.0217,GB-out,0.002
2026-03-12T12:00:00Z,object-storage,Standard-Storage,us-east-1,9042.63,GB-month-fraction,0.2849
2026-03-12T12:00:00Z,object-storage,Storage-API-Operations,us-east-1,0.2348,10k-requests,0.0012
2026-03-12T13:00:00Z,api-gateway,API-Requests,us-east-1,0.126,10k-requests,0.0044
2026-03-12T13:00:00Z,api-gateway,Gateway-DataTransfer,us-east-1,0.252,GB,0.0227
2026-03-12T13:00:00Z,order-api,Compute-Fargate,us-east-1,4.0,vCPU-hours,0.1619
2026-03-12T13:00:00Z,payment-service,Compute-Container,us-east-1,2.0,vCPU-hours,0.081
2026-03-12T13:00:00Z,recommendation-service,Compute-GPU-Instance,us-east-1,1.0,instance-hours,1.2
2026-03-12T13:00:00Z,postgres-db,Database-Instance,us-east-1,1.0,db.m5.xlarge-hours,0.34
2026-03-12T13:00:00Z,postgres-db,Provisioned-IOPS,us-east-1,3000.0,IOPS-hours,0.3
2026-03-12T13:00:00Z,redis-cache,Cache-Cluster,us-east-1,2.0,cache.m5.large-hours,0.26
2026-03-12T13:00:00Z,notification-service,Compute-Task,us-east-1,1.0,vCPU-hours,0.0405
2026-03-12T13:00:00Z,notification-service,Egress-DataTransfer,us-east-1,0.0227,GB-out,0.002
2026-03-12T13:00:00Z,object-storage,Standard-Storage,us-east-1,9187.2,GB-month-fraction,0.2895
2026-03-12T13:00:00Z,object-storage,Storage-API-Operations,us-east-1,0.277,10k-requests,0.0014
2026-03-12T14:00:00Z,api-gateway,API-Requests,us-east-1,0.1289,10k-requests,0.0045
2026-03-12T14:00:00Z,api-gateway,Gateway-DataTransfer,us-east-1,0.2571,GB,0.0231
2026-03-12T14:00:00Z,order-api,Compute-Fargate,us-east-1,4.0,vCPU-hours,0.1619
2026-03-12T14:00:00Z,payment-service,Compute-Container,us-east-1,2.0,vCPU-hours,0.081
2026-03-12T14:00:00Z,recommendation-service,Compute-GPU-Instance,us-east-1,1.0,instance-hours,1.2
2026-03-12T14:00:00Z,postgres-db,Database-Instance,us-east-1,1.0,db.m5.xlarge-hours,0.34
2026-03-12T14:00:00Z,postgres-db,Provisioned-IOPS,us-east-1,3000.0,IOPS-hours,0.3
2026-03-12T14:00:00Z,redis-cache,Cache-Cluster,us-east-1,2.0,cache.m5.large-hours,0.26
2026-03-12T14:00:00Z,notification-service,Compute-Task,us-east-1,1.0,vCPU-hours,0.0405
2026-03-12T14:00:00Z,notification-service,Egress-DataTransfer,us-east-1,0.0243,GB-out,0.0022
2026-03-12T14:00:00Z,object-storage,Standard-Storage,us-east-1,9323.54,GB-month-fraction,0.2938
2026-03-12T14:00:00Z,object-storage,Storage-API-Operations,us-east-1,0.2324,10k-requests,0.0012
2026-03-12T15:00:00Z,api-gateway,API-Requests,us-east-1,0.1212,10k-requests,0.0042
2026-03-12T15:00:00Z,api-gateway,Gateway-DataTransfer,us-east-1,0.2415,GB,0.0217
2026-03-12T15:00:00Z,order-api,Compute-Fargate,us-east-1,4.0,vCPU-hours,0.1619
2026-03-12T15:00:00Z,payment-service,Compute-Container,us-east-1,2.0,vCPU-hours,0.081
2026-03-12T15:00:00Z,recommendation-service,Compute-GPU-Instance,us-east-1,1.0,instance-hours,1.2
2026-03-12T15:00:00Z,postgres-db,Database-Instance,us-east-1,1.0,db.m5.xlarge-hours,0.34
2026-03-12T15:00:00Z,postgres-db,Provisioned-IOPS,us-east-1,3000.0,IOPS-hours,0.3
2026-03-12T15:00:00Z,redis-cache,Cache-Cluster,us-east-1,2.0,cache.m5.large-hours,0.26
2026-03-12T15:00:00Z,notification-service,Compute-Task,us-east-1,1.0,vCPU-hours,0.0405
2026-03-12T15:00:00Z,notification-service,Egress-DataTransfer,us-east-1,0.0225,GB-out,0.002
2026-03-12T15:00:00Z,object-storage,Standard-Storage,us-east-1,9461.39,GB-month-fraction,0.2981
2026-03-12T15:00:00Z,object-storage,Storage-API-Operations,us-east-1,0.261,10k-requests,0.0013
2026-03-12T16:00:00Z,api-gateway,API-Requests,us-east-1,0.1231,10k-requests,0.0043
2026-03-12T16:00:00Z,api-gateway,Gateway-DataTransfer,us-east-1,0.249,GB,0.0224
2026-03-12T16:00:00Z,order-api,Compute-Fargate,us-east-1,4.0,vCPU-hours,0.1619
2026-03-12T16:00:00Z,payment-service,Compute-Container,us-east-1,2.0,vCPU-hours,0.081
2026-03-12T16:00:00Z,recommendation-service,Compute-GPU-Instance,us-east-1,1.0,instance-hours,1.2
2026-03-12T16:00:00Z,postgres-db,Database-Instance,us-east-1,1.0,db.m5.xlarge-hours,0.34
2026-03-12T16:00:00Z,postgres-db,Provisioned-IOPS,us-east-1,3000.0,IOPS-hours,0.3
2026-03-12T16:00:00Z,redis-cache,Cache-Cluster,us-east-1,2.0,cache.m5.large-hours,0.26
2026-03-12T16:00:00Z,notification-service,Compute-Task,us-east-1,1.0,vCPU-hours,0.0405
2026-03-12T16:00:00Z,notification-service,Egress-DataTransfer,us-east-1,0.0234,GB-out,0.0021
2026-03-12T16:00:00Z,object-storage,Standard-Storage,us-east-1,9600.11,GB-month-fraction,0.3025
2026-03-12T16:00:00Z,object-storage,Storage-API-Operations,us-east-1,0.2395,10k-requests,0.0012
2026-03-12T17:00:00Z,api-gateway,API-Requests,us-east-1,0.1139,10k-requests,0.004
2026-03-12T17:00:00Z,api-gateway,Gateway-DataTransfer,us-east-1,0.2315,GB,0.0208
2026-03-12T17:00:00Z,order-api,Compute-Fargate,us-east-1,4.0,vCPU-hours,0.1619
2026-03-12T17:00:00Z,payment-service,Compute-Container,us-east-1,2.0,vCPU-hours,0.081
2026-03-12T17:00:00Z,recommendation-service,Compute-GPU-Instance,us-east-1,1.0,instance-hours,1.2
2026-03-12T17:00:00Z,postgres-db,Database-Instance,us-east-1,1.0,db.m5.xlarge-hours,0.34
2026-03-12T17:00:00Z,postgres-db,Provisioned-IOPS,us-east-1,3000.0,IOPS-hours,0.3
2026-03-12T17:00:00Z,redis-cache,Cache-Cluster,us-east-1,2.0,cache.m5.large-hours,0.26
2026-03-12T17:00:00Z,notification-service,Compute-Task,us-east-1,1.0,vCPU-hours,0.0405
2026-03-12T17:00:00Z,notification-service,Egress-DataTransfer,us-east-1,0.0205,GB-out,0.0018
2026-03-12T17:00:00Z,object-storage,Standard-Storage,us-east-1,9737.6,GB-month-fraction,0.3068
2026-03-12T17:00:00Z,object-storage,Storage-API-Operations,us-east-1,0.2802,10k-requests,0.0014
2026-03-12T18:00:00Z,api-gateway,API-Requests,us-east-1,0.1046,10k-requests,0.0037
2026-03-12T18:00:00Z,api-gateway,Gateway-DataTransfer,us-east-1,0.2079,GB,0.0187
2026-03-12T18:00:00Z,order-api,Compute-Fargate,us-east-1,4.0,vCPU-hours,0.1619
2026-03-12T18:00:00Z,payment-service,Compute-Container,us-east-1,2.0,vCPU-hours,0.081
2026-03-12T18:00:00Z,recommendation-service,Compute-GPU-Instance,us-east-1,1.0,instance-hours,1.2
2026-03-12T18:00:00Z,postgres-db,Database-Instance,us-east-1,1.0,db.m5.xlarge-hours,0.34
2026-03-12T18:00:00Z,postgres-db,Provisioned-IOPS,us-east-1,3000.0,IOPS-hours,0.3
2026-03-12T18:00:00Z,redis-cache,Cache-Cluster,us-east-1,2.0,cache.m5.large-hours,0.26
2026-03-12T18:00:00Z,notification-service,Compute-Task,us-east-1,1.0,vCPU-hours,0.0405
2026-03-12T18:00:00Z,notification-service,Egress-DataTransfer,us-east-1,0.019,GB-out,0.0017
2026-03-12T18:00:00Z,object-storage,Standard-Storage,us-east-1,9878.48,GB-month-fraction,0.3112
2026-03-12T18:00:00Z,object-storage,Storage-API-Operations,us-east-1,0.2425,10k-requests,0.0012
2026-03-12T19:00:00Z,api-gateway,API-Requests,us-east-1,0.1011,10k-requests,0.0035
2026-03-12T19:00:00Z,api-gateway,Gateway-DataTransfer,us-east-1,0.2047,GB,0.0184
2026-03-12T19:00:00Z,order-api,Compute-Fargate,us-east-1,4.0,vCPU-hours,0.1619
2026-03-12T19:00:00Z,payment-service,Compute-Container,us-east-1,2.0,vCPU-hours,0.081
2026-03-12T19:00:00Z,recommendation-service,Compute-GPU-Instance,us-east-1,1.0,instance-hours,1.2
2026-03-12T19:00:00Z,postgres-db,Database-Instance,us-east-1,1.0,db.m5.xlarge-hours,0.34
2026-03-12T19:00:00Z,postgres-db,Provisioned-IOPS,us-east-1,3000.0,IOPS-hours,0.3
2026-03-12T19:00:00Z,redis-cache,Cache-Cluster,us-east-1,2.0,cache.m5.large-hours,0.26
2026-03-12T19:00:00Z,notification-service,Compute-Task,us-east-1,1.0,vCPU-hours,0.0405
2026-03-12T19:00:00Z,notification-service,Egress-DataTransfer,us-east-1,0.0196,GB-out,0.0018
2026-03-12T19:00:00Z,object-storage,Standard-Storage,us-east-1,10016.59,GB-month-fraction,0.3156
2026-03-12T19:00:00Z,object-storage,Storage-API-Operations,us-east-1,0.2763,10k-requests,0.0014
2026-03-12T20:00:00Z,api-gateway,API-Requests,us-east-1,0.0913,10k-requests,0.0032
2026-03-12T20:00:00Z,api-gateway,Gateway-DataTransfer,us-east-1,0.1846,GB,0.0166
2026-03-12T20:00:00Z,order-api,Compute-Fargate,us-east-1,4.0,vCPU-hours,0.1619
2026-03-12T20:00:00Z,payment-service,Compute-Container,us-east-1,2.0,vCPU-hours,0.081
2026-03-12T20:00:00Z,recommendation-service,Compute-GPU-Instance,us-east-1,1.0,instance-hours,1.2
2026-03-12T20:00:00Z,postgres-db,Database-Instance,us-east-1,1.0,db.m5.xlarge-hours,0.34
2026-03-12T20:00:00Z,postgres-db,Provisioned-IOPS,us-east-1,3000.0,IOPS-hours,0.3
2026-03-12T20:00:00Z,redis-cache,Cache-Cluster,us-east-1,2.0,cache.m5.large-hours,0.26
2026-03-12T20:00:00Z,notification-service,Compute-Task,us-east-1,1.0,vCPU-hours,0.0405
2026-03-12T20:00:00Z,notification-service,Egress-DataTransfer,us-east-1,0.0166,GB-out,0.0015
2026-03-12T20:00:00Z,object-storage,Standard-Storage,us-east-1,10158.4,GB-month-fraction,0.3201
2026-03-12T20:00:00Z,object-storage,Storage-API-Operations,us-east-1,0.2392,10k-requests,0.0012
2026-03-12T21:00:00Z,api-gateway,API-Requests,us-east-1,0.0802,10k-requests,0.0028
2026-03-12T21:00:00Z,api-gateway,Gateway-DataTransfer,us-east-1,0.1577,GB,0.0142
2026-03-12T21:00:00Z,order-api,Compute-Fargate,us-east-1,4.0,vCPU-hours,0.1619
2026-03-12T21:00:00Z,payment-service,Compute-Container,us-east-1,2.0,vCPU-hours,0.081
2026-03-12T21:00:00Z,recommendation-service,Compute-GPU-Instance,us-east-1,1.0,instance-hours,1.2
2026-03-12T21:00:00Z,postgres-db,Database-Instance,us-east-1,1.0,db.m5.xlarge-hours,0.34
2026-03-12T21:00:00Z,postgres-db,Provisioned-IOPS,us-east-1,3000.0,IOPS-hours,0.3
2026-03-12T21:00:00Z,redis-cache,Cache-Cluster,us-east-1,2.0,cache.m5.large-hours,0.26
2026-03-12T21:00:00Z,notification-service,Compute-Task,us-east-1,1.0,vCPU-hours,0.0405
2026-03-12T21:00:00Z,notification-service,Egress-DataTransfer,us-east-1,0.0138,GB-out,0.0012
2026-03-12T21:00:00Z,object-storage,Standard-Storage,us-east-1,10297.25,GB-month-fraction,0.3244
2026-03-12T21:00:00Z,object-storage,Storage-API-Operations,us-east-1,0.2382,10k-requests,0.0012
2026-03-12T22:00:00Z,api-gateway,API-Requests,us-east-1,0.0731,10k-requests,0.0026
2026-03-12T22:00:00Z,api-gateway,Gateway-DataTransfer,us-east-1,0.1471,GB,0.0132
2026-03-12T22:00:00Z,order-api,Compute-Fargate,us-east-1,4.0,vCPU-hours,0.1619
2026-03-12T22:00:00Z,payment-service,Compute-Container,us-east-1,2.0,vCPU-hours,0.081
2026-03-12T22:00:00Z,recommendation-service,Compute-GPU-Instance,us-east-1,1.0,instance-hours,1.2
2026-03-12T22:00:00Z,postgres-db,Database-Instance,us-east-1,1.0,db.m5.xlarge-hours,0.34
2026-03-12T22:00:00Z,postgres-db,Provisioned-IOPS,us-east-1,3000.0,IOPS-hours,0.3
2026-03-12T22:00:00Z,redis-cache,Cache-Cluster,us-east-1,2.0,cache.m5.large-hours,0.26
2026-03-12T22:00:00Z,notification-service,Compute-Task,us-east-1,1.0,vCPU-hours,0.0405
2026-03-12T22:00:00Z,notification-service,Egress-DataTransfer,us-east-1,0.0134,GB-out,0.0012
2026-03-12T22:00:00Z,object-storage,Standard-Storage,us-east-1,10433.07,GB-month-fraction,0.3287
2026-03-12T22:00:00Z,object-storage,Storage-API-Operations,us-east-1,0.2366,10k-requests,0.0012
2026-03-12T23:00:00Z,api-gateway,API-Requests,us-east-1,0.0648,10k-requests,0.0023
2026-03-12T23:00:00Z,api-gateway,Gateway-DataTransfer,us-east-1,0.1318,GB,0.0119
2026-03-12T23:00:00Z,order-api,Compute-Fargate,us-east-1,4.0,vCPU-hours,0.1619
2026-03-12T23:00:00Z,payment-service,Compute-Container,us-east-1,2.0,vCPU-hours,0.081
2026-03-12T23:00:00Z,recommendation-service,Compute-GPU-Instance,us-east-1,1.0,instance-hours,1.2
2026-03-12T23:00:00Z,postgres-db,Database-Instance,us-east-1,1.0,db.m5.xlarge-hours,0.34
2026-03-12T23:00:00Z,postgres-db,Provisioned-IOPS,us-east-1,3000.0,IOPS-hours,0.3
2026-03-12T23:00:00Z,redis-cache,Cache-Cluster,us-east-1,2.0,cache.m5.large-hours,0.26
2026-03-12T23:00:00Z,notification-service,Compute-Task,us-east-1,1.0,vCPU-hours,0.0405
2026-03-12T23:00:00Z,notification-service,Egress-DataTransfer,us-east-1,0.0117,GB-out,0.0011
2026-03-12T23:00:00Z,object-storage,Standard-Storage,us-east-1,10569.41,GB-month-fraction,0.333
2026-03-12T23:00:00Z,object-storage,Storage-API-Operations,us-east-1,0.2354,10k-requests,0.0012
2026-03-13T00:00:00Z,api-gateway,API-Requests,us-east-1,0.0571,10k-requests,0.002
2026-03-13T00:00:00Z,api-gateway,Gateway-DataTransfer,us-east-1,0.1166,GB,0.0105
2026-03-13T00:00:00Z,order-api,Compute-Fargate,us-east-1,4.0,vCPU-hours,0.1619
2026-03-13T00:00:00Z,payment-service,Compute-Container,us-east-1,2.0,vCPU-hours,0.081
2026-03-13T00:00:00Z,recommendation-service,Compute-GPU-Instance,us-east-1,1.0,instance-hours,1.2
2026-03-13T00:00:00Z,postgres-db,Database-Instance,us-east-1,1.0,db.m5.xlarge-hours,0.34
2026-03-13T00:00:00Z,postgres-db,Provisioned-IOPS,us-east-1,3000.0,IOPS-hours,0.3
2026-03-13T00:00:00Z,redis-cache,Cache-Cluster,us-east-1,2.0,cache.m5.large-hours,0.26
2026-03-13T00:00:00Z,notification-service,Compute-Task,us-east-1,1.0,vCPU-hours,0.0405
2026-03-13T00:00:00Z,notification-service,Egress-DataTransfer,us-east-1,0.0101,GB-out,0.0009
2026-03-13T00:00:00Z,object-storage,Standard-Storage,us-east-1,10701.31,GB-month-fraction,0.3372
2026-03-13T00:00:00Z,object-storage,Storage-API-Operations,us-east-1,0.2514,10k-requests,0.0013
2026-03-13T01:00:00Z,api-gateway,API-Requests,us-east-1,0.0543,10k-requests,0.0019
2026-03-13T01:00:00Z,api-gateway,Gateway-DataTransfer,us-east-1,0.1104,GB,0.0099
2026-03-13T01:00:00Z,order-api,Compute-Fargate,us-east-1,4.0,vCPU-hours,0.1619
2026-03-13T01:00:00Z,payment-service,Compute-Container,us-east-1,2.0,vCPU-hours,0.081
2026-03-13T01:00:00Z,recommendation-service,Compute-GPU-Instance,us-east-1,1.0,instance-hours,1.2
2026-03-13T01:00:00Z,postgres-db,Database-Instance,us-east-1,1.0,db.m5.xlarge-hours,0.34
2026-03-13T01:00:00Z,postgres-db,Provisioned-IOPS,us-east-1,3000.0,IOPS-hours,0.3
2026-03-13T01:00:00Z,redis-cache,Cache-Cluster,us-east-1,2.0,cache.m5.large-hours,0.26
2026-03-13T01:00:00Z,notification-service,Compute-Task,us-east-1,1.0,vCPU-hours,0.0405
2026-03-13T01:00:00Z,notification-service,Egress-DataTransfer,us-east-1,0.0101,GB-out,0.0009
2026-03-13T01:00:00Z,object-storage,Standard-Storage,us-east-1,10839.34,GB-month-fraction,0.3415
2026-03-13T01:00:00Z,object-storage,Storage-API-Operations,us-east-1,0.2181,10k-requests,0.0011
2026-03-13T02:00:00Z,api-gateway,API-Requests,us-east-1,0.0543,10k-requests,0.0019
2026-03-13T02:00:00Z,api-gateway,Gateway-DataTransfer,us-east-1,0.1118,GB,0.0101
2026-03-13T02:00:00Z,order-api,Compute-Fargate,us-east-1,4.0,vCPU-hours,0.1619
2026-03-13T02:00:00Z,payment-service,Compute-Container,us-east-1,2.0,vCPU-hours,0.081
2026-03-13T02:00:00Z,recommendation-service,Compute-GPU-Instance,us-east-1,1.0,instance-hours,1.2
2026-03-13T02:00:00Z,postgres-db,Database-Instance,us-east-1,1.0,db.m5.xlarge-hours,0.34
2026-03-13T02:00:00Z,postgres-db,Provisioned-IOPS,us-east-1,3000.0,IOPS-hours,0.3
2026-03-13T02:00:00Z,redis-cache,Cache-Cluster,us-east-1,2.0,cache.m5.large-hours,0.26
2026-03-13T02:00:00Z,notification-service,Compute-Task,us-east-1,1.0,vCPU-hours,0.0405
2026-03-13T02:00:00Z,notification-service,Egress-DataTransfer,us-east-1,0.0096,GB-out,0.0009
2026-03-13T02:00:00Z,object-storage,Standard-Storage,us-east-1,10971.94,GB-month-fraction,0.3457
2026-03-13T02:00:00Z,object-storage,Storage-API-Operations,us-east-1,0.232,10k-requests,0.0012
2026-03-13T03:00:00Z,api-gateway,API-Requests,us-east-1,0.0564,10k-requests,0.002
2026-03-13T03:00:00Z,api-gateway,Gateway-DataTransfer,us-east-1,0.11,GB,0.0099
2026-03-13T03:00:00Z,order-api,Compute-Fargate,us-east-1,4.0,vCPU-hours,0.1619
2026-03-13T03:00:00Z,payment-service,Compute-Container,us-east-1,2.0,vCPU-hours,0.081
2026-03-13T03:00:00Z,recommendation-service,Compute-GPU-Instance,us-east-1,1.0,instance-hours,1.2
2026-03-13T03:00:00Z,postgres-db,Database-Instance,us-east-1,1.0,db.m5.xlarge-hours,0.34
2026-03-13T03:00:00Z,postgres-db,Provisioned-IOPS,us-east-1,3000.0,IOPS-hours,0.3
2026-03-13T03:00:00Z,redis-cache,Cache-Cluster,us-east-1,2.0,cache.m5.large-hours,0.26
2026-03-13T03:00:00Z,notification-service,Compute-Task,us-east-1,1.0,vCPU-hours,0.0405
2026-03-13T03:00:00Z,notification-service,Egress-DataTransfer,us-east-1,0.0102,GB-out,0.0009
2026-03-13T03:00:00Z,object-storage,Standard-Storage,us-east-1,11115.83,GB-month-fraction,0.3502
2026-03-13T03:00:00Z,object-storage,Storage-API-Operations,us-east-1,0.2061,10k-requests,0.001
2026-03-13T04:00:00Z,api-gateway,API-Requests,us-east-1,0.0598,10k-requests,0.0021
2026-03-13T04:00:00Z,api-gateway,Gateway-DataTransfer,us-east-1,0.1185,GB,0.0107
2026-03-13T04:00:00Z,order-api,Compute-Fargate,us-east-1,4.0,vCPU-hours,0.1619
2026-03-13T04:00:00Z,payment-service,Compute-Container,us-east-1,2.0,vCPU-hours,0.081
2026-03-13T04:00:00Z,recommendation-service,Compute-GPU-Instance,us-east-1,1.0,instance-hours,1.2
2026-03-13T04:00:00Z,postgres-db,Database-Instance,us-east-1,1.0,db.m5.xlarge-hours,0.34
2026-03-13T04:00:00Z,postgres-db,Provisioned-IOPS,us-east-1,3000.0,IOPS-hours,0.3
2026-03-13T04:00:00Z,redis-cache,Cache-Cluster,us-east-1,2.0,cache.m5.large-hours,0.26
2026-03-13T04:00:00Z,notification-service,Compute-Task,us-east-1,1.0,vCPU-hours,0.0405
2026-03-13T04:00:00Z,notification-service,Egress-DataTransfer,us-east-1,0.011,GB-out,0.001
2026-03-13T04:00:00Z,object-storage,Standard-Storage,us-east-1,11252.46,GB-month-fraction,0.3545
2026-03-13T04:00:00Z,object-storage,Storage-API-Operations,us-east-1,0.2156,10k-requests,0.0011
2026-03-13T05:00:00Z,api-gateway,API-Requests,us-east-1,0.0671,10k-requests,0.0023
2026-03-13T05:00:00Z,api-gateway,Gateway-DataTransfer,us-east-1,0.1376,GB,0.0124
2026-03-13T05:00:00Z,order-api,Compute-Fargate,us-east-1,4.0,vCPU-hours,0.1619
2026-03-13T05:00:00Z,payment-service,Compute-Container,us-east-1,2.0,vCPU-hours,0.081
2026-03-13T05:00:00Z,recommendation-service,Compute-GPU-Instance,us-east-1,1.0,instance-hours,1.2
2026-03-13T05:00:00Z,postgres-db,Database-Instance,us-east-1,1.0,db.m5.xlarge-hours,0.34
2026-03-13T05:00:00Z,postgres-db,Provisioned-IOPS,us-east-1,3000.0,IOPS-hours,0.3
2026-03-13T05:00:00Z,redis-cache,Cache-Cluster,us-east-1,2.0,cache.m5.large-hours,0.26
2026-03-13T05:00:00Z,notification-service,Compute-Task,us-east-1,1.0,vCPU-hours,0.0405
2026-03-13T05:00:00Z,notification-service,Egress-DataTransfer,us-east-1,0.0124,GB-out,0.0011
2026-03-13T05:00:00Z,object-storage,Standard-Storage,us-east-1,11389.64,GB-month-fraction,0.3589
2026-03-13T05:00:00Z,object-storage,Storage-API-Operations,us-east-1,0.2113,10k-requests,0.0011
2026-03-13T06:00:00Z,api-gateway,API-Requests,us-east-1,0.0735,10k-requests,0.0026
2026-03-13T06:00:00Z,api-gateway,Gateway-DataTransfer,us-east-1,0.1501,GB,0.0135
2026-03-13T06:00:00Z,order-api,Compute-Fargate,us-east-1,4.0,vCPU-hours,0.1619
2026-03-13T06:00:00Z,payment-service,Compute-Container,us-east-1,2.0,vCPU-hours,0.081
2026-03-13T06:00:00Z,recommendation-service,Compute-GPU-Instance,us-east-1,1.0,instance-hours,1.2
2026-03-13T06:00:00Z,postgres-db,Database-Instance,us-east-1,1.0,db.m5.xlarge-hours,0.34
2026-03-13T06:00:00Z,postgres-db,Provisioned-IOPS,us-east-1,3000.0,IOPS-hours,0.3
2026-03-13T06:00:00Z,redis-cache,Cache-Cluster,us-east-1,2.0,cache.m5.large-hours,0.26
2026-03-13T06:00:00Z,notification-service,Compute-Task,us-east-1,1.0,vCPU-hours,0.0405
2026-03-13T06:00:00Z,notification-service,Egress-DataTransfer,us-east-1,0.0136,GB-out,0.0012
2026-03-13T06:00:00Z,object-storage,Standard-Storage,us-east-1,11530.49,GB-month-fraction,0.3633
2026-03-13T06:00:00Z,object-storage,Storage-API-Operations,us-east-1,0.238,10k-requests,0.0012
2026-03-13T07:00:00Z,api-gateway,API-Requests,us-east-1,0.0826,10k-requests,0.0029
2026-03-13T07:00:00Z,api-gateway,Gateway-DataTransfer,us-east-1,0.1643,GB,0.0148
2026-03-13T07:00:00Z,order-api,Compute-Fargate,us-east-1,4.0,vCPU-hours,0.1619
2026-03-13T07:00:00Z,payment-service,Compute-Container,us-east-1,2.0,vCPU-hours,0.081
2026-03-13T07:00:00Z,recommendation-service,Compute-GPU-Instance,us-east-1,1.0,instance-hours,1.2
2026-03-13T07:00:00Z,postgres-db,Database-Instance,us-east-1,1.0,db.m5.xlarge-hours,0.34
2026-03-13T07:00:00Z,postgres-db,Provisioned-IOPS,us-east-1,3000.0,IOPS-hours,0.3
2026-03-13T07:00:00Z,redis-cache,Cache-Cluster,us-east-1,2.0,cache.m5.large-hours,0.26
2026-03-13T07:00:00Z,notification-service,Compute-Task,us-east-1,1.0,vCPU-hours,0.0405
2026-03-13T07:00:00Z,notification-service,Egress-DataTransfer,us-east-1,0.0146,GB-out,0.0013
2026-03-13T07:00:00Z,object-storage,Standard-Storage,us-east-1,11663.59,GB-month-fraction,0.3675
2026-03-13T07:00:00Z,object-storage,Storage-API-Operations,us-east-1,0.2315,10k-requests,0.0012
2026-03-13T08:00:00Z,api-gateway,API-Requests,us-east-1,0.093,10k-requests,0.0033
2026-03-13T08:00:00Z,api-gateway,Gateway-DataTransfer,us-east-1,0.1827,GB,0.0164
2026-03-13T08:00:00Z,order-api,Compute-Fargate,us-east-1,4.0,vCPU-hours,0.1619
2026-03-13T08:00:00Z,payment-service,Compute-Container,us-east-1,2.0,vCPU-hours,0.081
2026-03-13T08:00:00Z,recommendation-service,Compute-GPU-Instance,us-east-1,1.0,instance-hours,1.2
2026-03-13T08:00:00Z,postgres-db,Database-Instance,us-east-1,1.0,db.m5.xlarge-hours,0.34
2026-03-13T08:00:00Z,postgres-db,Provisioned-IOPS,us-east-1,3000.0,IOPS-hours,0.3
2026-03-13T08:00:00Z,redis-cache,Cache-Cluster,us-east-1,2.0,cache.m5.large-hours,0.26
2026-03-13T08:00:00Z,notification-service,Compute-Task,us-east-1,1.0,vCPU-hours,0.0405
2026-03-13T08:00:00Z,notification-service,Egress-DataTransfer,us-east-1,0.0168,GB-out,0.0015
2026-03-13T08:00:00Z,object-storage,Standard-Storage,us-east-1,11796.08,GB-month-fraction,0.3717
2026-03-13T08:00:00Z,object-storage,Storage-API-Operations,us-east-1,0.2289,10k-requests,0.0011
2026-03-13T09:00:00Z,api-gateway,API-Requests,us-east-1,0.0953,10k-requests,0.0033
2026-03-13T09:00:00Z,api-gateway,Gateway-DataTransfer,us-east-1,0.1935,GB,0.0174
2026-03-13T09:00:00Z,order-api,Compute-Fargate,us-east-1,4.0,vCPU-hours,0.1619
2026-03-13T09:00:00Z,payment-service,Compute-Container,us-east-1,2.0,vCPU-hours,0.081
2026-03-13T09:00:00Z,recommendation-service,Compute-GPU-Instance,us-east-1,1.0,instance-hours,1.2
2026-03-13T09:00:00Z,postgres-db,Database-Instance,us-east-1,1.0,db.m5.xlarge-hours,0.34
2026-03-13T09:00:00Z,postgres-db,Provisioned-IOPS,us-east-1,3000.0,IOPS-hours,0.3
2026-03-13T09:00:00Z,redis-cache,Cache-Cluster,us-east-1,2.0,cache.m5.large-hours,0.26
2026-03-13T09:00:00Z,notification-service,Compute-Task,us-east-1,1.0,vCPU-hours,0.0405
2026-03-13T09:00:00Z,notification-service,Egress-DataTransfer,us-east-1,0.0187,GB-out,0.0017
2026-03-13T09:00:00Z,object-storage,Standard-Storage,us-east-1,11927.08,GB-month-fraction,0.3758
2026-03-13T09:00:00Z,object-storage,Storage-API-Operations,us-east-1,0.2218,10k-requests,0.0011
2026-03-13T10:00:00Z,api-gateway,API-Requests,us-east-1,0.1068,10k-requests,0.0037
2026-03-13T10:00:00Z,api-gateway,Gateway-DataTransfer,us-east-1,0.2162,GB,0.0195
2026-03-13T10:00:00Z,order-api,Compute-Fargate,us-east-1,4.0,vCPU-hours,0.1619
2026-03-13T10:00:00Z,payment-service,Compute-Container,us-east-1,2.0,vCPU-hours,0.081
2026-03-13T10:00:00Z,recommendation-service,Compute-GPU-Instance,us-east-1,1.0,instance-hours,1.2
2026-03-13T10:00:00Z,postgres-db,Database-Instance,us-east-1,1.0,db.m5.xlarge-hours,0.34
2026-03-13T10:00:00Z,postgres-db,Provisioned-IOPS,us-east-1,3000.0,IOPS-hours,0.3
2026-03-13T10:00:00Z,redis-cache,Cache-Cluster,us-east-1,2.0,cache.m5.large-hours,0.26
2026-03-13T10:00:00Z,notification-service,Compute-Task,us-east-1,1.0,vCPU-hours,0.0405
2026-03-13T10:00:00Z,notification-service,Egress-DataTransfer,us-east-1,0.0189,GB-out,0.0017
2026-03-13T10:00:00Z,object-storage,Standard-Storage,us-east-1,12068.21,GB-month-fraction,0.3802
2026-03-13T10:00:00Z,object-storage,Storage-API-Operations,us-east-1,0.2401,10k-requests,0.0012
2026-03-13T11:00:00Z,api-gateway,API-Requests,us-east-1,0.1112,10k-requests,0.0039
2026-03-13T11:00:00Z,api-gateway,Gateway-DataTransfer,us-east-1,0.225,GB,0.0203
2026-03-13T11:00:00Z,order-api,Compute-Fargate,us-east-1,4.0,vCPU-hours,0.1619
2026-03-13T11:00:00Z,payment-service,Compute-Container,us-east-1,2.0,vCPU-hours,0.081
2026-03-13T11:00:00Z,recommendation-service,Compute-GPU-Instance,us-east-1,1.0,instance-hours,1.2
2026-03-13T11:00:00Z,postgres-db,Database-Instance,us-east-1,1.0,db.m5.xlarge-hours,0.34
2026-03-13T11:00:00Z,postgres-db,Provisioned-IOPS,us-east-1,3000.0,IOPS-hours,0.3
2026-03-13T11:00:00Z,redis-cache,Cache-Cluster,us-east-1,2.0,cache.m5.large-hours,0.26
2026-03-13T11:00:00Z,notification-service,Compute-Task,us-east-1,1.0,vCPU-hours,0.0405
2026-03-13T11:00:00Z,notification-service,Egress-DataTransfer,us-east-1,0.02,GB-out,0.0018
2026-03-13T11:00:00Z,object-storage,Standard-Storage,us-east-1,12211.61,GB-month-fraction,0.3847
2026-03-13T11:00:00Z,object-storage,Storage-API-Operations,us-east-1,0.2292,10k-requests,0.0011
2026-03-13T12:00:00Z,api-gateway,API-Requests,us-east-1,0.1237,10k-requests,0.0043
2026-03-13T12:00:00Z,api-gateway,Gateway-DataTransfer,us-east-1,0.2508,GB,0.0226
2026-03-13T12:00:00Z,order-api,Compute-Fargate,us-east-1,4.0,vCPU-hours,0.1619
2026-03-13T12:00:00Z,payment-service,Compute-Container,us-east-1,2.0,vCPU-hours,0.081
2026-03-13T12:00:00Z,recommendation-service,Compute-GPU-Instance,us-east-1,1.0,instance-hours,1.2
2026-03-13T12:00:00Z,postgres-db,Database-Instance,us-east-1,1.0,db.m5.xlarge-hours,0.34
2026-03-13T12:00:00Z,postgres-db,Provisioned-IOPS,us-east-1,3000.0,IOPS-hours,0.3
2026-03-13T12:00:00Z,redis-cache,Cache-Cluster,us-east-1,2.0,cache.m5.large-hours,0.26
2026-03-13T12:00:00Z,notification-service,Compute-Task,us-east-1,1.0,vCPU-hours,0.0405
2026-03-13T12:00:00Z,notification-service,Egress-DataTransfer,us-east-1,0.0229,GB-out,0.0021
2026-03-13T12:00:00Z,object-storage,Standard-Storage,us-east-1,12351.92,GB-month-fraction,0.3892
2026-03-13T12:00:00Z,object-storage,Storage-API-Operations,us-east-1,0.2646,10k-requests,0.0013
2026-03-13T13:00:00Z,api-gateway,API-Requests,us-east-1,0.1277,10k-requests,0.0045
2026-03-13T13:00:00Z,api-gateway,Gateway-DataTransfer,us-east-1,0.2535,GB,0.0228
2026-03-13T13:00:00Z,order-api,Compute-Fargate,us-east-1,4.0,vCPU-hours,0.1619
2026-03-13T13:00:00Z,payment-service,Compute-Container,us-east-1,2.0,vCPU-hours,0.081
2026-03-13T13:00:00Z,recommendation-service,Compute-GPU-Instance,us-east-1,1.0,instance-hours,1.2
2026-03-13T13:00:00Z,postgres-db,Database-Instance,us-east-1,1.0,db.m5.xlarge-hours,0.34
2026-03-13T13:00:00Z,postgres-db,Provisioned-IOPS,us-east-1,3000.0,IOPS-hours,0.3
2026-03-13T13:00:00Z,redis-cache,Cache-Cluster,us-east-1,2.0,cache.m5.large-hours,0.26
2026-03-13T13:00:00Z,notification-service,Compute-Task,us-east-1,1.0,vCPU-hours,0.0405
2026-03-13T13:00:00Z,notification-service,Egress-DataTransfer,us-east-1,0.0237,GB-out,0.0021
2026-03-13T13:00:00Z,object-storage,Standard-Storage,us-east-1,12487.52,GB-month-fraction,0.3934
2026-03-13T13:00:00Z,object-storage,Storage-API-Operations,us-east-1,0.2507,10k-requests,0.0013
2026-03-13T14:00:00Z,api-gateway,API-Requests,us-east-1,0.1306,10k-requests,0.0046
2026-03-13T14:00:00Z,api-gateway,Gateway-DataTransfer,us-east-1,0.2641,GB,0.0238
2026-03-13T14:00:00Z,order-api,Compute-Fargate,us-east-1,4.0,vCPU-hours,0.1619
2026-03-13T14:00:00Z,payment-service,Compute-Container,us-east-1,2.0,vCPU-hours,0.081
2026-03-13T14:00:00Z,recommendation-service,Compute-GPU-Instance,us-east-1,1.0,instance-hours,1.2
2026-03-13T14:00:00Z,postgres-db,Database-Instance,us-east-1,1.0,db.m5.xlarge-hours,0.34
2026-03-13T14:00:00Z,postgres-db,Provisioned-IOPS,us-east-1,3000.0,IOPS-hours,0.3
2026-03-13T14:00:00Z,redis-cache,Cache-Cluster,us-east-1,2.0,cache.m5.large-hours,0.26
2026-03-13T14:00:00Z,notification-service,Compute-Task,us-east-1,1.0,vCPU-hours,0.0405
2026-03-13T14:00:00Z,notification-service,Egress-DataTransfer,us-east-1,0.024,GB-out,0.0022
2026-03-13T14:00:00Z,object-storage,Standard-Storage,us-east-1,12629.55,GB-month-fraction,0.3979
2026-03-13T14:00:00Z,object-storage,Storage-API-Operations,us-east-1,0.2739,10k-requests,0.0014
2026-03-13T15:00:00Z,api-gateway,API-Requests,us-east-1,0.1292,10k-requests,0.0045
2026-03-13T15:00:00Z,api-gateway,Gateway-DataTransfer,us-east-1,0.2595,GB,0.0234
2026-03-13T15:00:00Z,order-api,Compute-Fargate,us-east-1,4.0,vCPU-hours,0.1619
2026-03-13T15:00:00Z,payment-service,Compute-Container,us-east-1,2.0,vCPU-hours,0.081
2026-03-13T15:00:00Z,recommendation-service,Compute-GPU-Instance,us-east-1,1.0,instance-hours,1.2
2026-03-13T15:00:00Z,postgres-db,Database-Instance,us-east-1,1.0,db.m5.xlarge-hours,0.34
2026-03-13T15:00:00Z,postgres-db,Provisioned-IOPS,us-east-1,3000.0,IOPS-hours,0.3
2026-03-13T15:00:00Z,redis-cache,Cache-Cluster,us-east-1,2.0,cache.m5.large-hours,0.26
2026-03-13T15:00:00Z,notification-service,Compute-Task,us-east-1,1.0,vCPU-hours,0.0405
2026-03-13T15:00:00Z,notification-service,Egress-DataTransfer,us-east-1,0.0232,GB-out,0.0021
2026-03-13T15:00:00Z,object-storage,Standard-Storage,us-east-1,12774.03,GB-month-fraction,0.4025
2026-03-13T15:00:00Z,object-storage,Storage-API-Operations,us-east-1,0.2536,10k-requests,0.0013
2026-03-13T16:00:00Z,api-gateway,API-Requests,us-east-1,0.1182,10k-requests,0.0041
2026-03-13T16:00:00Z,api-gateway,Gateway-DataTransfer,us-east-1,0.2392,GB,0.0215
2026-03-13T16:00:00Z,order-api,Compute-Fargate,us-east-1,4.0,vCPU-hours,0.1619
2026-03-13T16:00:00Z,payment-service,Compute-Container,us-east-1,2.0,vCPU-hours,0.081
2026-03-13T16:00:00Z,recommendation-service,Compute-GPU-Instance,us-east-1,1.0,instance-hours,1.2
2026-03-13T16:00:00Z,postgres-db,Database-Instance,us-east-1,1.0,db.m5.xlarge-hours,0.34
2026-03-13T16:00:00Z,postgres-db,Provisioned-IOPS,us-east-1,3000.0,IOPS-hours,0.3
2026-03-13T16:00:00Z,redis-cache,Cache-Cluster,us-east-1,2.0,cache.m5.large-hours,0.26
2026-03-13T16:00:00Z,notification-service,Compute-Task,us-east-1,1.0,vCPU-hours,0.0405
2026-03-13T16:00:00Z,notification-service,Egress-DataTransfer,us-east-1,0.0216,GB-out,0.0019
2026-03-13T16:00:00Z,object-storage,Standard-Storage,us-east-1,12904.66,GB-month-fraction,0.4066
2026-03-13T16:00:00Z,object-storage,Storage-API-Operations,us-east-1,0.2653,10k-requests,0.0013
2026-03-13T17:00:00Z,api-gateway,API-Requests,us-east-1,0.1194,10k-requests,0.0042
2026-03-13T17:00:00Z,api-gateway,Gateway-DataTransfer,us-east-1,0.2407,GB,0.0217
2026-03-13T17:00:00Z,order-api,Compute-Fargate,us-east-1,4.0,vCPU-hours,0.1619
2026-03-13T17:00:00Z,payment-service,Compute-Container,us-east-1,2.0,vCPU-hours,0.081
2026-03-13T17:00:00Z,recommendation-service,Compute-GPU-Instance,us-east-1,1.0,instance-hours,1.2
2026-03-13T17:00:00Z,postgres-db,Database-Instance,us-east-1,1.0,db.m5.xlarge-hours,0.34
2026-03-13T17:00:00Z,postgres-db,Provisioned-IOPS,us-east-1,3000.0,IOPS-hours,0.3
2026-03-13T17:00:00Z,redis-cache,Cache-Cluster,us-east-1,2.0,cache.m5.large-hours,0.26
2026-03-13T17:00:00Z,notification-service,Compute-Task,us-east-1,1.0,vCPU-hours,0.0405
2026-03-13T17:00:00Z,notification-service,Egress-DataTransfer,us-east-1,0.0213,GB-out,0.0019
2026-03-13T17:00:00Z,object-storage,Standard-Storage,us-east-1,13043.7,GB-month-fraction,0.411
2026-03-13T17:00:00Z,object-storage,Storage-API-Operations,us-east-1,0.2592,10k-requests,0.0013
2026-03-13T18:00:00Z,api-gateway,API-Requests,us-east-1,0.1091,10k-requests,0.0038
2026-03-13T18:00:00Z,api-gateway,Gateway-DataTransfer,us-east-1,0.2199,GB,0.0198
2026-03-13T18:00:00Z,order-api,Compute-Fargate,us-east-1,4.0,vCPU-hours,0.1619
2026-03-13T18:00:00Z,payment-service,Compute-Container,us-east-1,2.0,vCPU-hours,0.081
2026-03-13T18:00:00Z,recommendation-service,Compute-GPU-Instance,us-east-1,1.0,instance-hours,1.2
2026-03-13T18:00:00Z,postgres-db,Database-Instance,us-east-1,1.0,db.m5.xlarge-hours,0.34
2026-03-13T18:00:00Z,postgres-db,Provisioned-IOPS,us-east-1,3000.0,IOPS-hours,0.3
2026-03-13T18:00:00Z,redis-cache,Cache-Cluster,us-east-1,2.0,cache.m5.large-hours,0.26
2026-03-13T18:00:00Z,notification-service,Compute-Task,us-east-1,1.0,vCPU-hours,0.0405
2026-03-13T18:00:00Z,notification-service,Egress-DataTransfer,us-east-1,0.0203,GB-out,0.0018
2026-03-13T18:00:00Z,object-storage,Standard-Storage,us-east-1,13173.96,GB-month-fraction,0.4151
2026-03-13T18:00:00Z,object-storage,Storage-API-Operations,us-east-1,0.2273,10k-requests,0.0011
2026-03-13T19:00:00Z,api-gateway,API-Requests,us-east-1,0.1029,10k-requests,0.0036
2026-03-13T19:00:00Z,api-gateway,Gateway-DataTransfer,us-east-1,0.2027,GB,0.0182
2026-03-13T19:00:00Z,order-api,Compute-Fargate,us-east-1,4.0,vCPU-hours,0.1619
2026-03-13T19:00:00Z,payment-service,Compute-Container,us-east-1,2.0,vCPU-hours,0.081
2026-03-13T19:00:00Z,recommendation-service,Compute-GPU-Instance,us-east-1,1.0,instance-hours,1.2
2026-03-13T19:00:00Z,postgres-db,Database-Instance,us-east-1,1.0,db.m5.xlarge-hours,0.34
2026-03-13T19:00:00Z,postgres-db,Provisioned-IOPS,us-east-1,3000.0,IOPS-hours,0.3
2026-03-13T19:00:00Z,redis-cache,Cache-Cluster,us-east-1,2.0,cache.m5.large-hours,0.26
2026-03-13T19:00:00Z,notification-service,Compute-Task,us-east-1,1.0,vCPU-hours,0.0405
2026-03-13T19:00:00Z,notification-service,Egress-DataTransfer,us-east-1,0.0183,GB-out,0.0016
2026-03-13T19:00:00Z,object-storage,Standard-Storage,us-east-1,13312.58,GB-month-fraction,0.4194
2026-03-13T19:00:00Z,object-storage,Storage-API-Operations,us-east-1,0.2714,10k-requests,0.0014
2026-03-13T20:00:00Z,api-gateway,API-Requests,us-east-1,0.0933,10k-requests,0.0033
2026-03-13T20:00:00Z,api-gateway,Gateway-DataTransfer,us-east-1,0.1867,GB,0.0168
2026-03-13T20:00:00Z,order-api,Compute-Fargate,us-east-1,4.0,vCPU-hours,0.1619
2026-03-13T20:00:00Z,payment-service,Compute-Container,us-east-1,2.0,vCPU-hours,0.081
2026-03-13T20:00:00Z,recommendation-service,Compute-GPU-Instance,us-east-1,1.0,instance-hours,1.2
2026-03-13T20:00:00Z,postgres-db,Database-Instance,us-east-1,1.0,db.m5.xlarge-hours,0.34
2026-03-13T20:00:00Z,postgres-db,Provisioned-IOPS,us-east-1,3000.0,IOPS-hours,0.3
2026-03-13T20:00:00Z,redis-cache,Cache-Cluster,us-east-1,2.0,cache.m5.large-hours,0.26
2026-03-13T20:00:00Z,notification-service,Compute-Task,us-east-1,1.0,vCPU-hours,0.0405
2026-03-13T20:00:00Z,notification-service,Egress-DataTransfer,us-east-1,0.0183,GB-out,0.0016
2026-03-13T20:00:00Z,object-storage,Standard-Storage,us-east-1,13446.62,GB-month-fraction,0.4237
2026-03-13T20:00:00Z,object-storage,Storage-API-Operations,us-east-1,0.2302,10k-requests,0.0012
2026-03-13T21:00:00Z,api-gateway,API-Requests,us-east-1,0.0812,10k-requests,0.0028
2026-03-13T21:00:00Z,api-gateway,Gateway-DataTransfer,us-east-1,0.1628,GB,0.0147
2026-03-13T21:00:00Z,order-api,Compute-Fargate,us-east-1,4.0,vCPU-hours,0.1619
2026-03-13T21:00:00Z,payment-service,Compute-Container,us-east-1,2.0,vCPU-hours,0.081
2026-03-13T21:00:00Z,recommendation-service,Compute-GPU-Instance,us-east-1,1.0,instance-hours,1.2
2026-03-13T21:00:00Z,postgres-db,Database-Instance,us-east-1,1.0,db.m5.xlarge-hours,0.34
2026-03-13T21:00:00Z,postgres-db,Provisioned-IOPS,us-east-1,3000.0,IOPS-hours,0.3
2026-03-13T21:00:00Z,redis-cache,Cache-Cluster,us-east-1,2.0,cache.m5.large-hours,0.26
2026-03-13T21:00:00Z,notification-service,Compute-Task,us-east-1,1.0,vCPU-hours,0.0405
2026-03-13T21:00:00Z,notification-service,Egress-DataTransfer,us-east-1,0.015,GB-out,0.0014
2026-03-13T21:00:00Z,object-storage,Standard-Storage,us-east-1,13586.05,GB-month-fraction,0.4281
2026-03-13T21:00:00Z,object-storage,Storage-API-Operations,us-east-1,0.2478,10k-requests,0.0012
2026-03-13T22:00:00Z,api-gateway,API-Requests,us-east-1,0.0745,10k-requests,0.0026
2026-03-13T22:00:00Z,api-gateway,Gateway-DataTransfer,us-east-1,0.1525,GB,0.0137
2026-03-13T22:00:00Z,order-api,Compute-Fargate,us-east-1,4.0,vCPU-hours,0.1619
2026-03-13T22:00:00Z,payment-service,Compute-Container,us-east-1,2.0,vCPU-hours,0.081
2026-03-13T22:00:00Z,recommendation-service,Compute-GPU-Instance,us-east-1,1.0,instance-hours,1.2
2026-03-13T22:00:00Z,postgres-db,Database-Instance,us-east-1,1.0,db.m5.xlarge-hours,0.34
2026-03-13T22:00:00Z,postgres-db,Provisioned-IOPS,us-east-1,3000.0,IOPS-hours,0.3
2026-03-13T22:00:00Z,redis-cache,Cache-Cluster,us-east-1,2.0,cache.m5.large-hours,0.26
2026-03-13T22:00:00Z,notification-service,Compute-Task,us-east-1,1.0,vCPU-hours,0.0405
2026-03-13T22:00:00Z,notification-service,Egress-DataTransfer,us-east-1,0.0135,GB-out,0.0012
2026-03-13T22:00:00Z,object-storage,Standard-Storage,us-east-1,13719.67,GB-month-fraction,0.4323
2026-03-13T22:00:00Z,object-storage,Storage-API-Operations,us-east-1,0.25,10k-requests,0.0013
2026-03-13T23:00:00Z,api-gateway,API-Requests,us-east-1,0.0627,10k-requests,0.0022
2026-03-13T23:00:00Z,api-gateway,Gateway-DataTransfer,us-east-1,0.1228,GB,0.0111
2026-03-13T23:00:00Z,order-api,Compute-Fargate,us-east-1,4.0,vCPU-hours,0.1619
2026-03-13T23:00:00Z,payment-service,Compute-Container,us-east-1,2.0,vCPU-hours,0.081
2026-03-13T23:00:00Z,recommendation-service,Compute-GPU-Instance,us-east-1,1.0,instance-hours,1.2
2026-03-13T23:00:00Z,postgres-db,Database-Instance,us-east-1,1.0,db.m5.xlarge-hours,0.34
2026-03-13T23:00:00Z,postgres-db,Provisioned-IOPS,us-east-1,3000.0,IOPS-hours,0.3
2026-03-13T23:00:00Z,redis-cache,Cache-Cluster,us-east-1,2.0,cache.m5.large-hours,0.26
2026-03-13T23:00:00Z,notification-service,Compute-Task,us-east-1,1.0,vCPU-hours,0.0405
2026-03-13T23:00:00Z,notification-service,Egress-DataTransfer,us-east-1,0.0114,GB-out,0.001
2026-03-13T23:00:00Z,object-storage,Standard-Storage,us-east-1,13855.34,GB-month-fraction,0.4365
2026-03-13T23:00:00Z,object-storage,Storage-API-Operations,us-east-1,0.2078,10k-requests,0.001
2026-03-14T00:00:00Z,api-gateway,API-Requests,us-east-1,0.0589,10k-requests,0.0021
2026-03-14T00:00:00Z,api-gateway,Gateway-DataTransfer,us-east-1,0.1165,GB,0.0105
2026-03-14T00:00:00Z,order-api,Compute-Fargate,us-east-1,4.0,vCPU-hours,0.1619
2026-03-14T00:00:00Z,payment-service,Compute-Container,us-east-1,2.0,vCPU-hours,0.081
2026-03-14T00:00:00Z,recommendation-service,Compute-GPU-Instance,us-east-1,1.0,instance-hours,1.2
2026-03-14T00:00:00Z,postgres-db,Database-Instance,us-east-1,1.0,db.m5.xlarge-hours,0.34
2026-03-14T00:00:00Z,postgres-db,Provisioned-IOPS,us-east-1,3000.0,IOPS-hours,0.3
2026-03-14T00:00:00Z,redis-cache,Cache-Cluster,us-east-1,2.0,cache.m5.large-hours,0.26
2026-03-14T00:00:00Z,notification-service,Compute-Task,us-east-1,1.0,vCPU-hours,0.0405
2026-03-14T00:00:00Z,notification-service,Egress-DataTransfer,us-east-1,0.0108,GB-out,0.001
2026-03-14T00:00:00Z,object-storage,Standard-Storage,us-east-1,13998.2,GB-month-fraction,0.441
2026-03-14T00:00:00Z,object-storage,Storage-API-Operations,us-east-1,0.2499,10k-requests,0.0012
2026-03-14T01:00:00Z,api-gateway,API-Requests,us-east-1,0.0544,10k-requests,0.0019
2026-03-14T01:00:00Z,api-gateway,Gateway-DataTransfer,us-east-1,0.1083,GB,0.0097
2026-03-14T01:00:00Z,order-api,Compute-Fargate,us-east-1,4.0,vCPU-hours,0.1619
2026-03-14T01:00:00Z,payment-service,Compute-Container,us-east-1,2.0,vCPU-hours,0.081
2026-03-14T01:00:00Z,recommendation-service,Compute-GPU-Instance,us-east-1,1.0,instance-hours,1.2
2026-03-14T01:00:00Z,postgres-db,Database-Instance,us-east-1,1.0,db.m5.xlarge-hours,0.34
2026-03-14T01:00:00Z,postgres-db,Provisioned-IOPS,us-east-1,3000.0,IOPS-hours,0.3
2026-03-14T01:00:00Z,redis-cache,Cache-Cluster,us-east-1,2.0,cache.m5.large-hours,0.26
2026-03-14T01:00:00Z,notification-service,Compute-Task,us-east-1,1.0,vCPU-hours,0.0405
2026-03-14T01:00:00Z,notification-service,Egress-DataTransfer,us-east-1,0.0105,GB-out,0.0009
2026-03-14T01:00:00Z,object-storage,Standard-Storage,us-east-1,14139.56,GB-month-fraction,0.4455
2026-03-14T01:00:00Z,object-storage,Storage-API-Operations,us-east-1,0.2224,10k-requests,0.0011
2026-03-14T02:00:00Z,api-gateway,API-Requests,us-east-1,0.0541,10k-requests,0.0019
2026-03-14T02:00:00Z,api-gateway,Gateway-DataTransfer,us-east-1,0.1062,GB,0.0096
2026-03-14T02:00:00Z,order-api,Compute-Fargate,us-east-1,4.0,vCPU-hours,0.1619
2026-03-14T02:00:00Z,payment-service,Compute-Container,us-east-1,2.0,vCPU-hours,0.081
2026-03-14T02:00:00Z,recommendation-service,Compute-GPU-Instance,us-east-1,1.0,instance-hours,1.2
2026-03-14T02:00:00Z,postgres-db,Database-Instance,us-east-1,1.0,db.m5.xlarge-hours,0.34
2026-03-14T02:00:00Z,postgres-db,Provisioned-IOPS,us-east-1,3000.0,IOPS-hours,0.3
2026-03-14T02:00:00Z,redis-cache,Cache-Cluster,us-east-1,2.0,cache.m5.large-hours,0.26
2026-03-14T02:00:00Z,notification-service,Compute-Task,us-east-1,1.0,vCPU-hours,0.0405
2026-03-14T02:00:00Z,notification-service,Egress-DataTransfer,us-east-1,0.01,GB-out,0.0009
2026-03-14T02:00:00Z,object-storage,Standard-Storage,us-east-1,14275.64,GB-month-fraction,0.4498
2026-03-14T02:00:00Z,object-storage,Storage-API-Operations,us-east-1,0.2566,10k-requests,0.0013
2026-03-14T03:00:00Z,api-gateway,API-Requests,us-east-1,0.0546,10k-requests,0.0019
2026-03-14T03:00:00Z,api-gateway,Gateway-DataTransfer,us-east-1,0.1088,GB,0.0098
2026-03-14T03:00:00Z,order-api,Compute-Fargate,us-east-1,4.0,vCPU-hours,0.1619
2026-03-14T03:00:00Z,payment-service,Compute-Container,us-east-1,2.0,vCPU-hours,0.081
2026-03-14T03:00:00Z,recommendation-service,Compute-GPU-Instance,us-east-1,1.0,instance-hours,1.2
2026-03-14T03:00:00Z,postgres-db,Database-Instance,us-east-1,1.0,db.m5.xlarge-hours,0.34
2026-03-14T03:00:00Z,postgres-db,Provisioned-IOPS,us-east-1,3000.0,IOPS-hours,0.3
2026-03-14T03:00:00Z,redis-cache,Cache-Cluster,us-east-1,2.0,cache.m5.large-hours,0.26
2026-03-14T03:00:00Z,notification-service,Compute-Task,us-east-1,1.0,vCPU-hours,0.0405
2026-03-14T03:00:00Z,notification-service,Egress-DataTransfer,us-east-1,0.0105,GB-out,0.0009
2026-03-14T03:00:00Z,object-storage,Standard-Storage,us-east-1,14417.1,GB-month-fraction,0.4542
2026-03-14T03:00:00Z,object-storage,Storage-API-Operations,us-east-1,0.2048,10k-requests,0.001
2026-03-14T04:00:00Z,api-gateway,API-Requests,us-east-1,0.0584,10k-requests,0.002
2026-03-14T04:00:00Z,api-gateway,Gateway-DataTransfer,us-east-1,0.1201,GB,0.0108
2026-03-14T04:00:00Z,order-api,Compute-Fargate,us-east-1,4.0,vCPU-hours,0.1619
2026-03-14T04:00:00Z,payment-service,Compute-Container,us-east-1,2.0,vCPU-hours,0.081
2026-03-14T04:00:00Z,recommendation-service,Compute-GPU-Instance,us-east-1,1.0,instance-hours,1.2
2026-03-14T04:00:00Z,postgres-db,Database-Instance,us-east-1,1.0,db.m5.xlarge-hours,0.34
2026-03-14T04:00:00Z,postgres-db,Provisioned-IOPS,us-east-1,3000.0,IOPS-hours,0.3
2026-03-14T04:00:00Z,redis-cache,Cache-Cluster,us-east-1,2.0,cache.m5.large-hours,0.26
2026-03-14T04:00:00Z,notification-service,Compute-Task,us-east-1,1.0,vCPU-hours,0.0405
2026-03-14T04:00:00Z,notification-service,Egress-DataTransfer,us-east-1,0.0109,GB-out,0.001
2026-03-14T04:00:00Z,object-storage,Standard-Storage,us-east-1,14551.3,GB-month-fraction,0.4585
2026-03-14T04:00:00Z,object-storage,Storage-API-Operations,us-east-1,0.2375,10k-requests,0.0012
2026-03-14T05:00:00Z,api-gateway,API-Requests,us-east-1,0.0629,10k-requests,0.0022
2026-03-14T05:00:00Z,api-gateway,Gateway-DataTransfer,us-east-1,0.1286,GB,0.0116
2026-03-14T05:00:00Z,order-api,Compute-Fargate,us-east-1,4.0,vCPU-hours,0.1619
2026-03-14T05:00:00Z,payment-service,Compute-Container,us-east-1,2.0,vCPU-hours,0.081
2026-03-14T05:00:00Z,recommendation-service,Compute-GPU-Instance,us-east-1,1.0,instance-hours,1.2
2026-03-14T05:00:00Z,postgres-db,Database-Instance,us-east-1,1.0,db.m5.xlarge-hours,0.34
2026-03-14T05:00:00Z,postgres-db,Provisioned-IOPS,us-east-1,3000.0,IOPS-hours,0.3
2026-03-14T05:00:00Z,redis-cache,Cache-Cluster,us-east-1,2.0,cache.m5.large-hours,0.26
2026-03-14T05:00:00Z,notification-service,Compute-Task,us-east-1,1.0,vCPU-hours,0.0405
2026-03-14T05:00:00Z,notification-service,Egress-DataTransfer,us-east-1,0.0119,GB-out,0.0011
2026-03-14T05:00:00Z,object-storage,Standard-Storage,us-east-1,14684.55,GB-month-fraction,0.4627
2026-03-14T05:00:00Z,object-storage,Storage-API-Operations,us-east-1,0.224,10k-requests,0.0011
2026-03-14T06:00:00Z,api-gateway,API-Requests,us-east-1,0.0698,10k-requests,0.0024
2026-03-14T06:00:00Z,api-gateway,Gateway-DataTransfer,us-east-1,0.1396,GB,0.0126
2026-03-14T06:00:00Z,order-api,Compute-Fargate,us-east-1,4.0,vCPU-hours,0.1619
2026-03-14T06:00:00Z,payment-service,Compute-Container,us-east-1,2.0,vCPU-hours,0.081
2026-03-14T06:00:00Z,recommendation-service,Compute-GPU-Instance,us-east-1,1.0,instance-hours,1.2
2026-03-14T06:00:00Z,postgres-db,Database-Instance,us-east-1,1.0,db.m5.xlarge-hours,0.34
2026-03-14T06:00:00Z,postgres-db,Provisioned-IOPS,us-east-1,3000.0,IOPS-hours,0.3
2026-03-14T06:00:00Z,redis-cache,Cache-Cluster,us-east-1,2.0,cache.m5.large-hours,0.26
2026-03-14T06:00:00Z,notification-service,Compute-Task,us-east-1,1.0,vCPU-hours,0.0405
2026-03-14T06:00:00Z,notification-service,Egress-DataTransfer,us-east-1,0.0133,GB-out,0.0012
2026-03-14T06:00:00Z,object-storage,Standard-Storage,us-east-1,14815.42,GB-month-fraction,0.4668
2026-03-14T06:00:00Z,object-storage,Storage-API-Operations,us-east-1,0.2527,10k-requests,0.0013
2026-03-14T07:00:00Z,api-gateway,API-Requests,us-east-1,0.0777,10k-requests,0.0027
2026-03-14T07:00:00Z,api-gateway,Gateway-DataTransfer,us-east-1,0.1546,GB,0.0139
2026-03-14T07:00:00Z,order-api,Compute-Fargate,us-east-1,4.0,vCPU-hours,0.1619
2026-03-14T07:00:00Z,payment-service,Compute-Container,us-east-1,2.0,vCPU-hours,0.081
2026-03-14T07:00:00Z,recommendation-service,Compute-GPU-Instance,us-east-1,1.0,instance-hours,1.2
2026-03-14T07:00:00Z,postgres-db,Database-Instance,us-east-1,1.0,db.m5.xlarge-hours,0.34
2026-03-14T07:00:00Z,postgres-db,Provisioned-IOPS,us-east-1,3000.0,IOPS-hours,0.3
2026-03-14T07:00:00Z,redis-cache,Cache-Cluster,us-east-1,2.0,cache.m5.large-hours,0.26
2026-03-14T07:00:00Z,notification-service,Compute-Task,us-east-1,1.0,vCPU-hours,0.0405
2026-03-14T07:00:00Z,notification-service,Egress-DataTransfer,us-east-1,0.0142,GB-out,0.0013
2026-03-14T07:00:00Z,object-storage,Standard-Storage,us-east-1,14948.31,GB-month-fraction,0.471
2026-03-14T07:00:00Z,object-storage,Storage-API-Operations,us-east-1,0.2329,10k-requests,0.0012
2026-03-14T08:00:00Z,api-gateway,API-Requests,us-east-1,0.091,10k-requests,0.0032
2026-03-14T08:00:00Z,api-gateway,Gateway-DataTransfer,us-east-1,0.1822,GB,0.0164
2026-03-14T08:00:00Z,order-api,Compute-Fargate,us-east-1,4.0,vCPU-hours,0.1619
2026-03-14T08:00:00Z,payment-service,Compute-Container,us-east-1,2.0,vCPU-hours,0.081
2026-03-14T08:00:00Z,recommendation-service,Compute-GPU-Instance,us-east-1,1.0,instance-hours,1.2
2026-03-14T08:00:00Z,postgres-db,Database-Instance,us-east-1,1.0,db.m5.xlarge-hours,0.34
2026-03-14T08:00:00Z,postgres-db,Provisioned-IOPS,us-east-1,3000.0,IOPS-hours,0.3
2026-03-14T08:00:00Z,redis-cache,Cache-Cluster,us-east-1,2.0,cache.m5.large-hours,0.26
2026-03-14T08:00:00Z,notification-service,Compute-Task,us-east-1,1.0,vCPU-hours,0.0405
2026-03-14T08:00:00Z,notification-service,Egress-DataTransfer,us-east-1,0.0172,GB-out,0.0015
2026-03-14T08:00:00Z,object-storage,Standard-Storage,us-east-1,15087.53,GB-month-fraction,0.4754
2026-03-14T08:00:00Z,object-storage,Storage-API-Operations,us-east-1,0.2607,10k-requests,0.0013
2026-03-14T09:00:00Z,api-gateway,API-Requests,us-east-1,0.0998,10k-requests,0.0035
2026-03-14T09:00:00Z,api-gateway,Gateway-DataTransfer,us-east-1,0.2029,GB,0.0183
2026-03-14T09:00:00Z,order-api,Compute-Fargate,us-east-1,4.0,vCPU-hours,0.1619
2026-03-14T09:00:00Z,payment-service,Compute-Container,us-east-1,2.0,vCPU-hours,0.081
2026-03-14T09:00:00Z,recommendation-service,Compute-GPU-Instance,us-east-1,1.0,instance-hours,1.2
2026-03-14T09:00:00Z,postgres-db,Database-Instance,us-east-1,1.0,db.m5.xlarge-hours,0.34
2026-03-14T09:00:00Z,postgres-db,Provisioned-IOPS,us-east-1,3000.0,IOPS-hours,0.3
2026-03-14T09:00:00Z,redis-cache,Cache-Cluster,us-east-1,2.0,cache.m5.large-hours,0.26
2026-03-14T09:00:00Z,notification-service,Compute-Task,us-east-1,1.0,vCPU-hours,0.0405
2026-03-14T09:00:00Z,notification-service,Egress-DataTransfer,us-east-1,0.0185,GB-out,0.0017
2026-03-14T09:00:00Z,object-storage,Standard-Storage,us-east-1,15229.41,GB-month-fraction,0.4798
2026-03-14T09:00:00Z,object-storage,Storage-API-Operations,us-east-1,0.2775,10k-requests,0.0014
2026-03-14T10:00:00Z,api-gateway,API-Requests,us-east-1,0.1085,10k-requests,0.0038
2026-03-14T10:00:00Z,api-gateway,Gateway-DataTransfer,us-east-1,0.2185,GB,0.0197
2026-03-14T10:00:00Z,order-api,Compute-Fargate,us-east-1,4.0,vCPU-hours,0.1619
2026-03-14T10:00:00Z,payment-service,Compute-Container,us-east-1,2.0,vCPU-hours,0.081
2026-03-14T10:00:00Z,recommendation-service,Compute-GPU-Instance,us-east-1,1.0,instance-hours,1.2
2026-03-14T10:00:00Z,postgres-db,Database-Instance,us-east-1,1.0,db.m5.xlarge-hours,0.34
2026-03-14T10:00:00Z,postgres-db,Provisioned-IOPS,us-east-1,3000.0,IOPS-hours,0.3
2026-03-14T10:00:00Z,redis-cache,Cache-Cluster,us-east-1,2.0,cache.m5.large-hours,0.26
2026-03-14T10:00:00Z,notification-service,Compute-Task,us-east-1,1.0,vCPU-hours,0.0405
2026-03-14T10:00:00Z,notification-service,Egress-DataTransfer,us-east-1,0.0201,GB-out,0.0018
2026-03-14T10:00:00Z,object-storage,Standard-Storage,us-east-1,15365.93,GB-month-fraction,0.4841
2026-03-14T10:00:00Z,object-storage,Storage-API-Operations,us-east-1,0.2737,10k-requests,0.0014
2026-03-14T11:00:00Z,api-gateway,API-Requests,us-east-1,0.12,10k-requests,0.0042
2026-03-14T11:00:00Z,api-gateway,Gateway-DataTransfer,us-east-1,0.2397,GB,0.0216
2026-03-14T11:00:00Z,order-api,Compute-Fargate,us-east-1,4.0,vCPU-hours,0.1619
2026-03-14T11:00:00Z,payment-service,Compute-Container,us-east-1,2.0,vCPU-hours,0.081
2026-03-14T11:00:00Z,recommendation-service,Compute-GPU-Instance,us-east-1,1.0,instance-hours,1.2
2026-03-14T11:00:00Z,postgres-db,Database-Instance,us-east-1,1.0,db.m5.xlarge-hours,0.34
2026-03-14T11:00:00Z,postgres-db,Provisioned-IOPS,us-east-1,3000.0,IOPS-hours,0.3
2026-03-14T11:00:00Z,redis-cache,Cache-Cluster,us-east-1,2.0,cache.m5.large-hours,0.26
2026-03-14T11:00:00Z,notification-service,Compute-Task,us-east-1,1.0,vCPU-hours,0.0405
2026-03-14T11:00:00Z,notification-service,Egress-DataTransfer,us-east-1,0.0224,GB-out,0.002
2026-03-14T11:00:00Z,object-storage,Standard-Storage,us-east-1,15497.68,GB-month-fraction,0.4883
2026-03-14T11:00:00Z,object-storage,Storage-API-Operations,us-east-1,0.2301,10k-requests,0.0012
2026-03-14T12:00:00Z,api-gateway,API-Requests,us-east-1,0.1233,10k-requests,0.0043
2026-03-14T12:00:00Z,api-gateway,Gateway-DataTransfer,us-east-1,0.246,GB,0.0221
2026-03-14T12:00:00Z,order-api,Compute-Fargate,us-east-1,4.0,vCPU-hours,0.1619
2026-03-14T12:00:00Z,payment-service,Compute-Container,us-east-1,2.0,vCPU-hours,0.081
2026-03-14T12:00:00Z,recommendation-service,Compute-GPU-Instance,us-east-1,1.0,instance-hours,1.2
2026-03-14T12:00:00Z,postgres-db,Database-Instance,us-east-1,1.0,db.m5.xlarge-hours,0.34
2026-03-14T12:00:00Z,postgres-db,Provisioned-IOPS,us-east-1,3000.0,IOPS-hours,0.3
2026-03-14T12:00:00Z,redis-cache,Cache-Cluster,us-east-1,2.0,cache.m5.large-hours,0.26
2026-03-14T12:00:00Z,notification-service,Compute-Task,us-east-1,1.0,vCPU-hours,0.0405
2026-03-14T12:00:00Z,notification-service,Egress-DataTransfer,us-east-1,0.0229,GB-out,0.0021
2026-03-14T12:00:00Z,object-storage,Standard-Storage,us-east-1,15640.07,GB-month-fraction,0.4928
2026-03-14T12:00:00Z,object-storage,Storage-API-Operations,us-east-1,0.2795,10k-requests,0.0014
2026-03-14T13:00:00Z,api-gateway,API-Requests,us-east-1,0.1228,10k-requests,0.0043
2026-03-14T13:00:00Z,api-gateway,Gateway-DataTransfer,us-east-1,0.2461,GB,0.0221
2026-03-14T13:00:00Z,order-api,Compute-Fargate,us-east-1,4.0,vCPU-hours,0.1619
2026-03-14T13:00:00Z,payment-service,Compute-Container,us-east-1,2.0,vCPU-hours,0.081
2026-03-14T13:00:00Z,recommendation-service,Compute-GPU-Instance,us-east-1,1.0,instance-hours,1.2
2026-03-14T13:00:00Z,postgres-db,Database-Instance,us-east-1,1.0,db.m5.xlarge-hours,0.34
2026-03-14T13:00:00Z,postgres-db,Provisioned-IOPS,us-east-1,3000.0,IOPS-hours,0.3
2026-03-14T13:00:00Z,redis-cache,Cache-Cluster,us-east-1,2.0,cache.m5.large-hours,0.26
2026-03-14T13:00:00Z,notification-service,Compute-Task,us-east-1,1.0,vCPU-hours,0.0405
2026-03-14T13:00:00Z,notification-service,Egress-DataTransfer,us-east-1,0.0224,GB-out,0.002
2026-03-14T13:00:00Z,object-storage,Standard-Storage,us-east-1,15778.96,GB-month-fraction,0.4971
2026-03-14T13:00:00Z,object-storage,Storage-API-Operations,us-east-1,0.2592,10k-requests,0.0013
2026-03-14T14:00:00Z,api-gateway,API-Requests,us-east-1,0.1295,10k-requests,0.0045
2026-03-14T14:00:00Z,api-gateway,Gateway-DataTransfer,us-east-1,0.2629,GB,0.0237
2026-03-14T14:00:00Z,order-api,Compute-Fargate,us-east-1,4.0,vCPU-hours,0.1619
2026-03-14T14:00:00Z,payment-service,Compute-Container,us-east-1,2.0,vCPU-hours,0.081
2026-03-14T14:00:00Z,recommendation-service,Compute-GPU-Instance,us-east-1,1.0,instance-hours,1.2
2026-03-14T14:00:00Z,postgres-db,Database-Instance,us-east-1,1.0,db.m5.xlarge-hours,0.34
2026-03-14T14:00:00Z,postgres-db,Provisioned-IOPS,us-east-1,3000.0,IOPS-hours,0.3
2026-03-14T14:00:00Z,redis-cache,Cache-Cluster,us-east-1,2.0,cache.m5.large-hours,0.26
2026-03-14T14:00:00Z,notification-service,Compute-Task,us-east-1,1.0,vCPU-hours,0.0405
2026-03-14T14:00:00Z,notification-service,Egress-DataTransfer,us-east-1,0.0242,GB-out,0.0022
2026-03-14T14:00:00Z,object-storage,Standard-Storage,us-east-1,15911.61,GB-month-fraction,0.5013
2026-03-14T14:00:00Z,object-storage,Storage-API-Operations,us-east-1,0.2865,10k-requests,0.0014
2026-03-14T15:00:00Z,api-gateway,API-Requests,us-east-1,0.1254,10k-requests,0.0044
2026-03-14T15:00:00Z,api-gateway,Gateway-DataTransfer,us-east-1,0.253,GB,0.0228
2026-03-14T15:00:00Z,order-api,Compute-Fargate,us-east-1,4.0,vCPU-hours,0.1619
2026-03-14T15:00:00Z,payment-service,Compute-Container,us-east-1,2.0,vCPU-hours,0.081
2026-03-14T15:00:00Z,recommendation-service,Compute-GPU-Instance,us-east-1,1.0,instance-hours,1.2
2026-03-14T15:00:00Z,postgres-db,Database-Instance,us-east-1,1.0,db.m5.xlarge-hours,0.34
2026-03-14T15:00:00Z,postgres-db,Provisioned-IOPS,us-east-1,3000.0,IOPS-hours,0.3
2026-03-14T15:00:00Z,redis-cache,Cache-Cluster,us-east-1,2.0,cache.m5.large-hours,0.26
2026-03-14T15:00:00Z,notification-service,Compute-Task,us-east-1,1.0,vCPU-hours,0.0405
2026-03-14T15:00:00Z,notification-service,Egress-DataTransfer,us-east-1,0.0232,GB-out,0.0021
2026-03-14T15:00:00Z,object-storage,Standard-Storage,us-east-1,16046.52,GB-month-fraction,0.5056
2026-03-14T15:00:00Z,object-storage,Storage-API-Operations,us-east-1,0.2819,10k-requests,0.0014
2026-03-14T16:00:00Z,api-gateway,API-Requests,us-east-1,0.1201,10k-requests,0.0042
2026-03-14T16:00:00Z,api-gateway,Gateway-DataTransfer,us-east-1,0.2412,GB,0.0217
2026-03-14T16:00:00Z,order-api,Compute-Fargate,us-east-1,4.0,vCPU-hours,0.1619
2026-03-14T16:00:00Z,payment-service,Compute-Container,us-east-1,2.0,vCPU-hours,0.081
2026-03-14T16:00:00Z,recommendation-service,Compute-GPU-Instance,us-east-1,1.0,instance-hours,1.2
2026-03-14T16:00:00Z,postgres-db,Database-Instance,us-east-1,1.0,db.m5.xlarge-hours,0.34
2026-03-14T16:00:00Z,postgres-db,Provisioned-IOPS,us-east-1,3000.0,IOPS-hours,0.3
2026-03-14T16:00:00Z,redis-cache,Cache-Cluster,us-east-1,2.0,cache.m5.large-hours,0.26
2026-03-14T16:00:00Z,notification-service,Compute-Task,us-east-1,1.0,vCPU-hours,0.0405
2026-03-14T16:00:00Z,notification-service,Egress-DataTransfer,us-east-1,0.0225,GB-out,0.002
2026-03-14T16:00:00Z,object-storage,Standard-Storage,us-east-1,16179.46,GB-month-fraction,0.5098
2026-03-14T16:00:00Z,object-storage,Storage-API-Operations,us-east-1,0.2346,10k-requests,0.0012
2026-03-14T17:00:00Z,api-gateway,API-Requests,us-east-1,0.1124,10k-requests,0.0039
2026-03-14T17:00:00Z,api-gateway,Gateway-DataTransfer,us-east-1,0.2242,GB,0.0202
2026-03-14T17:00:00Z,order-api,Compute-Fargate,us-east-1,4.0,vCPU-hours,0.1619
2026-03-14T17:00:00Z,payment-service,Compute-Container,us-east-1,2.0,vCPU-hours,0.081
2026-03-14T17:00:00Z,recommendation-service,Compute-GPU-Instance,us-east-1,1.0,instance-hours,1.2
2026-03-14T17:00:00Z,postgres-db,Database-Instance,us-east-1,1.0,db.m5.xlarge-hours,0.34
2026-03-14T17:00:00Z,postgres-db,Provisioned-IOPS,us-east-1,3000.0,IOPS-hours,0.3
2026-03-14T17:00:00Z,redis-cache,Cache-Cluster,us-east-1,2.0,cache.m5.large-hours,0.26
2026-03-14T17:00:00Z,notification-service,Compute-Task,us-east-1,1.0,vCPU-hours,0.0405
2026-03-14T17:00:00Z,notification-service,Egress-DataTransfer,us-east-1,0.0201,GB-out,0.0018
2026-03-14T17:00:00Z,object-storage,Standard-Storage,us-east-1,16320.66,GB-month-fraction,0.5142
2026-03-14T17:00:00Z,object-storage,Storage-API-Operations,us-east-1,0.2726,10k-requests,0.0014
2026-03-14T18:00:00Z,api-gateway,API-Requests,us-east-1,0.1045,10k-requests,0.0037
2026-03-14T18:00:00Z,api-gateway,Gateway-DataTransfer,us-east-1,0.2136,GB,0.0192
2026-03-14T18:00:00Z,order-api,Compute-Fargate,us-east-1,4.0,vCPU-hours,0.1619
2026-03-14T18:00:00Z,payment-service,Compute-Container,us-east-1,2.0,vCPU-hours,0.081
2026-03-14T18:00:00Z,recommendation-service,Compute-GPU-Instance,us-east-1,1.0,instance-hours,1.2
2026-03-14T18:00:00Z,postgres-db,Database-Instance,us-east-1,1.0,db.m5.xlarge-hours,0.34
2026-03-14T18:00:00Z,postgres-db,Provisioned-IOPS,us-east-1,3000.0,IOPS-hours,0.3
2026-03-14T18:00:00Z,redis-cache,Cache-Cluster,us-east-1,2.0,cache.m5.large-hours,0.26
2026-03-14T18:00:00Z,notification-service,Compute-Task,us-east-1,1.0,vCPU-hours,0.0405
2026-03-14T18:00:00Z,notification-service,Egress-DataTransfer,us-east-1,0.0192,GB-out,0.0017
2026-03-14T18:00:00Z,object-storage,Standard-Storage,us-east-1,16461.32,GB-month-fraction,0.5186
2026-03-14T18:00:00Z,object-storage,Storage-API-Operations,us-east-1,0.2515,10k-requests,0.0013
2026-03-14T19:00:00Z,api-gateway,API-Requests,us-east-1,0.0987,10k-requests,0.0035
2026-03-14T19:00:00Z,api-gateway,Gateway-DataTransfer,us-east-1,0.1992,GB,0.0179
2026-03-14T19:00:00Z,order-api,Compute-Fargate,us-east-1,4.0,vCPU-hours,0.1619
2026-03-14T19:00:00Z,payment-service,Compute-Container,us-east-1,2.0,vCPU-hours,0.081
2026-03-14T19:00:00Z,recommendation-service,Compute-GPU-Instance,us-east-1,1.0,instance-hours,1.2
2026-03-14T19:00:00Z,postgres-db,Database-Instance,us-east-1,1.0,db.m5.xlarge-hours,0.34
2026-03-14T19:00:00Z,postgres-db,Provisioned-IOPS,us-east-1,3000.0,IOPS-hours,0.3
2026-03-14T19:00:00Z,redis-cache,Cache-Cluster,us-east-1,2.0,cache.m5.large-hours,0.26
2026-03-14T19:00:00Z,notification-service,Compute-Task,us-east-1,1.0,vCPU-hours,0.0405
2026-03-14T19:00:00Z,notification-service,Egress-DataTransfer,us-east-1,0.0183,GB-out,0.0017
2026-03-14T19:00:00Z,object-storage,Standard-Storage,us-east-1,16604.09,GB-month-fraction,0.5231
2026-03-14T19:00:00Z,object-storage,Storage-API-Operations,us-east-1,0.2383,10k-requests,0.0012
2026-03-14T20:00:00Z,api-gateway,API-Requests,us-east-1,0.0917,10k-requests,0.0032
2026-03-14T20:00:00Z,api-gateway,Gateway-DataTransfer,us-east-1,0.1837,GB,0.0165
2026-03-14T20:00:00Z,order-api,Compute-Fargate,us-east-1,4.0,vCPU-hours,0.1619
2026-03-14T20:00:00Z,payment-service,Compute-Container,us-east-1,2.0,vCPU-hours,0.081
2026-03-14T20:00:00Z,recommendation-service,Compute-GPU-Instance,us-east-1,1.0,instance-hours,1.2
2026-03-14T20:00:00Z,postgres-db,Database-Instance,us-east-1,1.0,db.m5.xlarge-hours,0.34
2026-03-14T20:00:00Z,postgres-db,Provisioned-IOPS,us-east-1,3000.0,IOPS-hours,0.3
2026-03-14T20:00:00Z,redis-cache,Cache-Cluster,us-east-1,2.0,cache.m5.large-hours,0.26
2026-03-14T20:00:00Z,notification-service,Compute-Task,us-east-1,1.0,vCPU-hours,0.0405
2026-03-14T20:00:00Z,notification-service,Egress-DataTransfer,us-east-1,0.0176,GB-out,0.0016
2026-03-14T20:00:00Z,object-storage,Standard-Storage,us-east-1,16744.13,GB-month-fraction,0.5276
2026-03-14T20:00:00Z,object-storage,Storage-API-Operations,us-east-1,0.2463,10k-requests,0.0012
2026-03-14T21:00:00Z,api-gateway,API-Requests,us-east-1,0.0812,10k-requests,0.0028
2026-03-14T21:00:00Z,api-gateway,Gateway-DataTransfer,us-east-1,0.1612,GB,0.0145
2026-03-14T21:00:00Z,order-api,Compute-Fargate,us-east-1,4.0,vCPU-hours,0.1619
2026-03-14T21:00:00Z,payment-service,Compute-Container,us-east-1,2.0,vCPU-hours,0.081
2026-03-14T21:00:00Z,recommendation-service,Compute-GPU-Instance,us-east-1,1.0,instance-hours,1.2
2026-03-14T21:00:00Z,postgres-db,Database-Instance,us-east-1,1.0,db.m5.xlarge-hours,0.34
2026-03-14T21:00:00Z,postgres-db,Provisioned-IOPS,us-east-1,3000.0,IOPS-hours,0.3
2026-03-14T21:00:00Z,redis-cache,Cache-Cluster,us-east-1,2.0,cache.m5.large-hours,0.26
2026-03-14T21:00:00Z,notification-service,Compute-Task,us-east-1,1.0,vCPU-hours,0.0405
2026-03-14T21:00:00Z,notification-service,Egress-DataTransfer,us-east-1,0.0149,GB-out,0.0013
2026-03-14T21:00:00Z,object-storage,Standard-Storage,us-east-1,16889.06,GB-month-fraction,0.5321
2026-03-14T21:00:00Z,object-storage,Storage-API-Operations,us-east-1,0.2377,10k-requests,0.0012
2026-03-14T22:00:00Z,api-gateway,API-Requests,us-east-1,0.0696,10k-requests,0.0024
2026-03-14T22:00:00Z,api-gateway,Gateway-DataTransfer,us-east-1,0.1395,GB,0.0126
2026-03-14T22:00:00Z,order-api,Compute-Fargate,us-east-1,4.0,vCPU-hours,0.1619
2026-03-14T22:00:00Z,payment-service,Compute-Container,us-east-1,2.0,vCPU-hours,0.081
2026-03-14T22:00:00Z,recommendation-service,Compute-GPU-Instance,us-east-1,1.0,instance-hours,1.2
2026-03-14T22:00:00Z,postgres-db,Database-Instance,us-east-1,1.0,db.m5.xlarge-hours,0.34
2026-03-14T22:00:00Z,postgres-db,Provisioned-IOPS,us-east-1,3000.0,IOPS-hours,0.3
2026-03-14T22:00:00Z,redis-cache,Cache-Cluster,us-east-1,2.0,cache.m5.large-hours,0.26
2026-03-14T22:00:00Z,notification-service,Compute-Task,us-east-1,1.0,vCPU-hours,0.0405
2026-03-14T22:00:00Z,notification-service,Egress-DataTransfer,us-east-1,0.0135,GB-out,0.0012
2026-03-14T22:00:00Z,object-storage,Standard-Storage,us-east-1,17025.9,GB-month-fraction,0.5364
2026-03-14T22:00:00Z,object-storage,Storage-API-Operations,us-east-1,0.262,10k-requests,0.0013
2026-03-14T23:00:00Z,api-gateway,API-Requests,us-east-1,0.066,10k-requests,0.0023
2026-03-14T23:00:00Z,api-gateway,Gateway-DataTransfer,us-east-1,0.1292,GB,0.0116
2026-03-14T23:00:00Z,order-api,Compute-Fargate,us-east-1,4.0,vCPU-hours,0.1619
2026-03-14T23:00:00Z,payment-service,Compute-Container,us-east-1,2.0,vCPU-hours,0.081
2026-03-14T23:00:00Z,recommendation-service,Compute-GPU-Instance,us-east-1,1.0,instance-hours,1.2
2026-03-14T23:00:00Z,postgres-db,Database-Instance,us-east-1,1.0,db.m5.xlarge-hours,0.34
2026-03-14T23:00:00Z,postgres-db,Provisioned-IOPS,us-east-1,3000.0,IOPS-hours,0.3
2026-03-14T23:00:00Z,redis-cache,Cache-Cluster,us-east-1,2.0,cache.m5.large-hours,0.26
2026-03-14T23:00:00Z,notification-service,Compute-Task,us-east-1,1.0,vCPU-hours,0.0405
2026-03-14T23:00:00Z,notification-service,Egress-DataTransfer,us-east-1,0.0122,GB-out,0.0011
2026-03-14T23:00:00Z,object-storage,Standard-Storage,us-east-1,17165.76,GB-month-fraction,0.5408
2026-03-14T23:00:00Z,object-storage,Storage-API-Operations,us-east-1,0.2328,10k-requests,0.0012
